source_dataset	dataset	species	section_id	technology	validation_strategy	n_cells_or_bins	n_groups	n_lr_pairs_in_table	random_seed	n_permutations	validation_score_method	expression_potential_stat	expression_potential_power	kernel	score_type	null_model	k	top_k	n_pairs	observed_mean	observed_score	null_mean	null_sd	top_k_enrichment_z	top_k_empirical_pvalue	enrichment_z	empirical_p
artista_axolotl	artista_axolotl	Ambystoma mexicanum	Control_Juv	Stereo-seq cellbin	dbfree	11698	17	5000	0	1000	model_x_expression_potential	mean	0.5	contact	spatial_ccc_score	pooled	100	100	100	0.0001215061298649	0.0001215061298649	0.0001150819580464	3.8194703594194816e-05	0.1681953573134141	0.5631092226943264	0.1681953573134141	0.5631092226943264
artista_axolotl	artista_axolotl	Ambystoma mexicanum	Control_Juv	Stereo-seq cellbin	dbfree	11698	17	5000	0	1000	model_x_expression_potential	mean	0.5	contact	spatial_ccc_score	coordinate_permutation	100	100	100	0.0001215061298649	0.0001215061298649	0.000121672258231	1.0447047787618575e-06	-0.1590194373304174	0.4765234765234765	-0.1590194373304174	0.4765234765234765
artista_axolotl	artista_axolotl	Ambystoma mexicanum	Control_Juv	Stereo-seq cellbin	dbfree	11698	17	5000	0	1000	model_x_expression_potential	mean	0.5	contact	spatial_ccc_score	celltype_permutation	100	100	100	0.0001215061298649	0.0001215061298649	0.0001527706269863	4.144135158464721e-05	-0.7544275446121088	0.7762237762237763	-0.7544275446121088	0.7762237762237763
artista_axolotl	artista_axolotl	Ambystoma mexicanum	Control_Juv	Stereo-seq cellbin	dbfree	11698	17	5000	0	1000	model_x_expression_potential	mean	0.5	contact	spatial_ccc_score	matched_random_lr	100	100	100	0.0001215061298649	0.0001215061298649	6.437881710341516e-05	6.420206696777666e-06	8.898048841667709	0.0009990009990009	8.898048841667709	0.0009990009990009
artista_axolotl	artista_axolotl	Ambystoma mexicanum	Control_Juv	Stereo-seq cellbin	dbfree	11698	17	5000	0	1000	model_x_expression_potential	mean	0.5	contact	spatial_ccc_score	score_permutation	100	100	100	0.0001215061298649	0.0001215061298649	0.0001215061298649	0.0	0.0	1.0	0.0	1.0
artista_axolotl	artista_axolotl	Ambystoma mexicanum	Control_Juv	Stereo-seq cellbin	dbfree	11698	17	5000	0	1000	model_x_expression_potential	mean	0.5	contact	spatial_ccc_score	pooled	500	500	500	7.706191240602439e-05	7.706191240602439e-05	7.669234511136294e-05	1.954569241591829e-05	0.0189078640345568	0.5771057235691077	0.0189078640345568	0.5771057235691077
artista_axolotl	artista_axolotl	Ambystoma mexicanum	Control_Juv	Stereo-seq cellbin	dbfree	11698	17	5000	0	1000	model_x_expression_potential	mean	0.5	contact	spatial_ccc_score	coordinate_permutation	500	500	500	7.706191240602439e-05	7.706191240602439e-05	7.722804121377058e-05	6.529420775153679e-07	-0.2544311562495095	0.5244755244755245	-0.2544311562495095	0.5244755244755245
artista_axolotl	artista_axolotl	Ambystoma mexicanum	Control_Juv	Stereo-seq cellbin	dbfree	11698	17	5000	0	1000	model_x_expression_potential	mean	0.5	contact	spatial_ccc_score	celltype_permutation	500	500	500	7.706191240602439e-05	7.706191240602439e-05	9.69874008805262e-05	2.568776246642089e-05	-0.7756801901507951	0.7842157842157842	-0.7756801901507951	0.7842157842157842
artista_axolotl	artista_axolotl	Ambystoma mexicanum	Control_Juv	Stereo-seq cellbin	dbfree	11698	17	5000	0	1000	model_x_expression_potential	mean	0.5	contact	spatial_ccc_score	matched_random_lr	500	500	500	7.706191240602439e-05	7.706191240602439e-05	5.549202594513054e-05	2.523319834020368e-06	8.548217380167328	0.0009990009990009	8.548217380167328	0.0009990009990009
artista_axolotl	artista_axolotl	Ambystoma mexicanum	Control_Juv	Stereo-seq cellbin	dbfree	11698	17	5000	0	1000	model_x_expression_potential	mean	0.5	contact	spatial_ccc_score	score_permutation	500	500	500	7.706191240602439e-05	7.706191240602439e-05	7.706191240602442e-05	2.7118617012166795e-20	-0.999499874937461	1.0	-0.999499874937461	1.0
artista_axolotl	artista_axolotl	Ambystoma mexicanum	Control_Juv	Stereo-seq cellbin	dbfree	11698	17	5000	0	1000	model_x_expression_potential	mean	0.5	contact	spatial_ccc_score	pooled	1000	1000	1000	5.1895308557378e-05	5.1895308557378e-05	5.3096997760795264e-05	1.1285693005425245e-05	-0.1064789909524906	0.5781054736315921	-0.1064789909524906	0.5781054736315921
artista_axolotl	artista_axolotl	Ambystoma mexicanum	Control_Juv	Stereo-seq cellbin	dbfree	11698	17	5000	0	1000	model_x_expression_potential	mean	0.5	contact	spatial_ccc_score	coordinate_permutation	1000	1000	1000	5.1895308557378e-05	5.1895308557378e-05	5.202357685593468e-05	4.3598952889690313e-07	-0.2942004109163169	0.5444555444555444	-0.2942004109163169	0.5444555444555444
artista_axolotl	artista_axolotl	Ambystoma mexicanum	Control_Juv	Stereo-seq cellbin	dbfree	11698	17	5000	0	1000	model_x_expression_potential	mean	0.5	contact	spatial_ccc_score	celltype_permutation	1000	1000	1000	5.1895308557378e-05	5.1895308557378e-05	6.45129494537725e-05	1.7044722912716025e-05	-0.7402667066521362	0.7682317682317682	-0.7402667066521362	0.7682317682317682
artista_axolotl	artista_axolotl	Ambystoma mexicanum	Control_Juv	Stereo-seq cellbin	dbfree	11698	17	5000	0	1000	model_x_expression_potential	mean	0.5	contact	spatial_ccc_score	matched_random_lr	1000	1000	1000	5.1895308557378e-05	5.1895308557378e-05	4.395615617609584e-05	1.5637660503953895e-06	5.0769438173151205	0.0009990009990009	5.0769438173151205	0.0009990009990009
artista_axolotl	artista_axolotl	Ambystoma mexicanum	Control_Juv	Stereo-seq cellbin	dbfree	11698	17	5000	0	1000	model_x_expression_potential	mean	0.5	contact	spatial_ccc_score	score_permutation	1000	1000	1000	5.1895308557378e-05	5.1895308557378e-05	5.1895308557378016e-05	1.3559308506083394e-20	-0.999499874937461	1.0	-0.999499874937461	1.0
artista_axolotl	artista_axolotl	Ambystoma mexicanum	Control_Juv	Stereo-seq cellbin	dbfree	11698	17	5000	0	1000	model_x_expression_potential	mean	0.5	contact	spatial_ccc_score	pooled	5000	5000	4021	1.6440029424569947e-05	1.6440029424569947e-05	1.6934702461656603e-05	3.159311565425443e-06	-0.1565762118874915	0.5771057235691077	-0.1565762118874915	0.5771057235691077
artista_axolotl	artista_axolotl	Ambystoma mexicanum	Control_Juv	Stereo-seq cellbin	dbfree	11698	17	5000	0	1000	model_x_expression_potential	mean	0.5	contact	spatial_ccc_score	coordinate_permutation	5000	5000	4021	1.6440029424569947e-05	1.6440029424569947e-05	1.648911077946821e-05	1.3494416501644256e-07	-0.3637160220472195	0.5834165834165834	-0.3637160220472195	0.5834165834165834
artista_axolotl	artista_axolotl	Ambystoma mexicanum	Control_Juv	Stereo-seq cellbin	dbfree	11698	17	5000	0	1000	model_x_expression_potential	mean	0.5	contact	spatial_ccc_score	celltype_permutation	5000	5000	4021	1.6440029424569947e-05	1.6440029424569947e-05	1.98178406089924e-05	5.218443906359924e-06	-0.6472832217868207	0.7252747252747253	-0.6472832217868207	0.7252747252747253
artista_axolotl	artista_axolotl	Ambystoma mexicanum	Control_Juv	Stereo-seq cellbin	dbfree	11698	17	5000	0	1000	model_x_expression_potential	mean	0.5	contact	spatial_ccc_score	matched_random_lr	5000	5000	4021	1.6440029424569947e-05	1.6440029424569947e-05	1.499182903359586e-05	4.019528909885642e-07	3.602910747606214	0.0009990009990009	3.602910747606214	0.0009990009990009
artista_axolotl	artista_axolotl	Ambystoma mexicanum	Control_Juv	Stereo-seq cellbin	dbfree	11698	17	5000	0	1000	model_x_expression_potential	mean	0.5	contact	spatial_ccc_score	score_permutation	5000	5000	4021	1.6440029424569947e-05	1.6440029424569947e-05	1.644002942456995e-05	3.3898271265208486e-21	-0.999499874937461	1.0	-0.999499874937461	1.0
artista_axolotl	artista_axolotl	Ambystoma mexicanum	Control_Juv	Stereo-seq cellbin	dbfree	11698	17	5000	0	1000	model_x_expression_potential	mean	0.5	contact	model_weighted_spatial_ccc_score	pooled	100	100	100	0.0001082325842844	0.0001082325842844	9.49481294448163e-05	3.5359864386717176e-05	0.3756930370068428	0.3134216445888528	0.3756930370068428	0.3134216445888528
artista_axolotl	artista_axolotl	Ambystoma mexicanum	Control_Juv	Stereo-seq cellbin	dbfree	11698	17	5000	0	1000	model_x_expression_potential	mean	0.5	contact	model_weighted_spatial_ccc_score	coordinate_permutation	100	100	100	0.0001082325842844	0.0001082325842844	0.0001083786758208	9.30508717721229e-07	-0.1570017923255488	0.4765234765234765	-0.1570017923255488	0.4765234765234765
artista_axolotl	artista_axolotl	Ambystoma mexicanum	Control_Juv	Stereo-seq cellbin	dbfree	11698	17	5000	0	1000	model_x_expression_potential	mean	0.5	contact	model_weighted_spatial_ccc_score	celltype_permutation	100	100	100	0.0001082325842844	0.0001082325842844	0.0001361811481542	3.69468616148177e-05	-0.7564529881093996	0.7772227772227772	-0.7564529881093996	0.7772227772227772
artista_axolotl	artista_axolotl	Ambystoma mexicanum	Control_Juv	Stereo-seq cellbin	dbfree	11698	17	5000	0	1000	model_x_expression_potential	mean	0.5	contact	model_weighted_spatial_ccc_score	matched_random_lr	100	100	100	0.0001082325842844	0.0001082325842844	5.703072333500317e-05	5.656574996614009e-06	9.05174261457828	0.0009990009990009	9.05174261457828	0.0009990009990009
artista_axolotl	artista_axolotl	Ambystoma mexicanum	Control_Juv	Stereo-seq cellbin	dbfree	11698	17	5000	0	1000	model_x_expression_potential	mean	0.5	contact	model_weighted_spatial_ccc_score	score_permutation	100	100	100	0.0001082325842844	0.0001082325842844	7.820197046918756e-05	2.189575428558787e-06	13.715268002889148	0.0009990009990009	13.715268002889148	0.0009990009990009
artista_axolotl	artista_axolotl	Ambystoma mexicanum	Control_Juv	Stereo-seq cellbin	dbfree	11698	17	5000	0	1000	model_x_expression_potential	mean	0.5	contact	model_weighted_spatial_ccc_score	pooled	500	500	500	6.555381034566118e-05	6.555381034566118e-05	6.115326697845756e-05	1.801070571761189e-05	0.2443293136981589	0.327168207948013	0.2443293136981589	0.327168207948013
artista_axolotl	artista_axolotl	Ambystoma mexicanum	Control_Juv	Stereo-seq cellbin	dbfree	11698	17	5000	0	1000	model_x_expression_potential	mean	0.5	contact	model_weighted_spatial_ccc_score	coordinate_permutation	500	500	500	6.555381034566118e-05	6.555381034566118e-05	6.56938707460423e-05	5.554615519938909e-07	-0.2521513863171164	0.5244755244755245	-0.2521513863171164	0.5244755244755245
artista_axolotl	artista_axolotl	Ambystoma mexicanum	Control_Juv	Stereo-seq cellbin	dbfree	11698	17	5000	0	1000	model_x_expression_potential	mean	0.5	contact	model_weighted_spatial_ccc_score	celltype_permutation	500	500	500	6.555381034566118e-05	6.555381034566118e-05	8.24916262681232e-05	2.185669466040118e-05	-0.7749486455126753	0.7842157842157842	-0.7749486455126753	0.7842157842157842
artista_axolotl	artista_axolotl	Ambystoma mexicanum	Control_Juv	Stereo-seq cellbin	dbfree	11698	17	5000	0	1000	model_x_expression_potential	mean	0.5	contact	model_weighted_spatial_ccc_score	matched_random_lr	500	500	500	6.555381034566118e-05	6.555381034566118e-05	4.682780324689888e-05	2.1297043819313354e-06	8.792772958367353	0.0009990009990009	8.792772958367353	0.0009990009990009
artista_axolotl	artista_axolotl	Ambystoma mexicanum	Control_Juv	Stereo-seq cellbin	dbfree	11698	17	5000	0	1000	model_x_expression_potential	mean	0.5	contact	model_weighted_spatial_ccc_score	score_permutation	500	500	500	6.555381034566118e-05	6.555381034566118e-05	4.959976765276584e-05	7.046664385255966e-07	22.640559874366456	0.0009990009990009	22.640559874366456	0.0009990009990009
artista_axolotl	artista_axolotl	Ambystoma mexicanum	Control_Juv	Stereo-seq cellbin	dbfree	11698	17	5000	0	1000	model_x_expression_potential	mean	0.5	contact	model_weighted_spatial_ccc_score	pooled	1000	1000	1000	4.326739332848721e-05	4.326739332848721e-05	4.168037512543063e-05	1.0650777876057802e-05	0.1490049103947688	0.327418145463634	0.1490049103947688	0.327418145463634
artista_axolotl	artista_axolotl	Ambystoma mexicanum	Control_Juv	Stereo-seq cellbin	dbfree	11698	17	5000	0	1000	model_x_expression_potential	mean	0.5	contact	model_weighted_spatial_ccc_score	coordinate_permutation	1000	1000	1000	4.326739332848721e-05	4.326739332848721e-05	4.337288877164497e-05	3.636901891645085e-07	-0.2900695325329215	0.5414585414585414	-0.2900695325329215	0.5414585414585414
artista_axolotl	artista_axolotl	Ambystoma mexicanum	Control_Juv	Stereo-seq cellbin	dbfree	11698	17	5000	0	1000	model_x_expression_potential	mean	0.5	contact	model_weighted_spatial_ccc_score	celltype_permutation	1000	1000	1000	4.326739332848721e-05	4.326739332848721e-05	5.381867769782387e-05	1.4224692042566917e-05	-0.7417583690221408	0.7682317682317682	-0.7417583690221408	0.7682317682317682
artista_axolotl	artista_axolotl	Ambystoma mexicanum	Control_Juv	Stereo-seq cellbin	dbfree	11698	17	5000	0	1000	model_x_expression_potential	mean	0.5	contact	model_weighted_spatial_ccc_score	matched_random_lr	1000	1000	1000	4.326739332848721e-05	4.326739332848721e-05	3.6130237161169366e-05	1.2909915794202413e-06	5.528429682339987	0.0009990009990009	5.528429682339987	0.0009990009990009
artista_axolotl	artista_axolotl	Ambystoma mexicanum	Control_Juv	Stereo-seq cellbin	dbfree	11698	17	5000	0	1000	model_x_expression_potential	mean	0.5	contact	model_weighted_spatial_ccc_score	score_permutation	1000	1000	1000	4.326739332848721e-05	4.326739332848721e-05	3.3399696871084306e-05	3.6008300541587097e-07	27.403949392186384	0.0009990009990009	27.403949392186384	0.0009990009990009
artista_axolotl	artista_axolotl	Ambystoma mexicanum	Control_Juv	Stereo-seq cellbin	dbfree	11698	17	5000	0	1000	model_x_expression_potential	mean	0.5	contact	model_weighted_spatial_ccc_score	pooled	5000	5000	4021	1.313819549708354e-05	1.313819549708354e-05	1.2848644386121002e-05	2.907749635575109e-06	0.0995791066122058	0.3264183954011497	0.0995791066122058	0.3264183954011497
artista_axolotl	artista_axolotl	Ambystoma mexicanum	Control_Juv	Stereo-seq cellbin	dbfree	11698	17	5000	0	1000	model_x_expression_potential	mean	0.5	contact	model_weighted_spatial_ccc_score	coordinate_permutation	5000	5000	4021	1.313819549708354e-05	1.313819549708354e-05	1.3175758873857509e-05	1.0835023621701526e-07	-0.3466847704764797	0.5744255744255744	-0.3466847704764797	0.5744255744255744
artista_axolotl	artista_axolotl	Ambystoma mexicanum	Control_Juv	Stereo-seq cellbin	dbfree	11698	17	5000	0	1000	model_x_expression_potential	mean	0.5	contact	model_weighted_spatial_ccc_score	celltype_permutation	5000	5000	4021	1.313819549708354e-05	1.313819549708354e-05	1.593289571721721e-05	4.198933484629803e-06	-0.6655738249638087	0.7312687312687313	-0.6655738249638087	0.7312687312687313
artista_axolotl	artista_axolotl	Ambystoma mexicanum	Control_Juv	Stereo-seq cellbin	dbfree	11698	17	5000	0	1000	model_x_expression_potential	mean	0.5	contact	model_weighted_spatial_ccc_score	matched_random_lr	5000	5000	4021	1.313819549708354e-05	1.313819549708354e-05	1.1705430928606098e-05	3.280741851464022e-07	4.367196912607048	0.0009990009990009	4.367196912607048	0.0009990009990009
artista_axolotl	artista_axolotl	Ambystoma mexicanum	Control_Juv	Stereo-seq cellbin	dbfree	11698	17	5000	0	1000	model_x_expression_potential	mean	0.5	contact	model_weighted_spatial_ccc_score	score_permutation	5000	5000	4021	1.313819549708354e-05	1.313819549708354e-05	1.0580492024803193e-05	8.864468113929059e-08	28.853434175721564	0.0009990009990009	28.853434175721564	0.0009990009990009
artista_axolotl	artista_axolotl	Ambystoma mexicanum	Control_Juv	Stereo-seq cellbin	dbfree	11698	17	5000	0	1000	model_x_expression_potential	mean	0.5	exp	spatial_ccc_score	pooled	100	100	100	0.0001319429793913	0.0001319429793913	0.0001220421362601	3.869115743305257e-05	0.2558942091196963	0.4311422144463884	0.2558942091196963	0.4311422144463884
artista_axolotl	artista_axolotl	Ambystoma mexicanum	Control_Juv	Stereo-seq cellbin	dbfree	11698	17	5000	0	1000	model_x_expression_potential	mean	0.5	exp	spatial_ccc_score	coordinate_permutation	100	100	100	0.0001319429793913	0.0001319429793913	0.0001275933935882	9.274303422418984e-07	4.689932607299196	0.0009990009990009	4.689932607299196	0.0009990009990009
artista_axolotl	artista_axolotl	Ambystoma mexicanum	Control_Juv	Stereo-seq cellbin	dbfree	11698	17	5000	0	1000	model_x_expression_potential	mean	0.5	exp	spatial_ccc_score	celltype_permutation	100	100	100	0.0001319429793913	0.0001319429793913	0.0001588184795832	4.158906556612144e-05	-0.6462155334835742	0.7242757242757243	-0.6462155334835742	0.7242757242757243
artista_axolotl	artista_axolotl	Ambystoma mexicanum	Control_Juv	Stereo-seq cellbin	dbfree	11698	17	5000	0	1000	model_x_expression_potential	mean	0.5	exp	spatial_ccc_score	matched_random_lr	100	100	100	0.0001319429793913	0.0001319429793913	6.981369247753402e-05	6.974337082743732e-06	8.9082713061813	0.0009990009990009	8.9082713061813	0.0009990009990009
artista_axolotl	artista_axolotl	Ambystoma mexicanum	Control_Juv	Stereo-seq cellbin	dbfree	11698	17	5000	0	1000	model_x_expression_potential	mean	0.5	exp	spatial_ccc_score	score_permutation	100	100	100	0.0001319429793913	0.0001319429793913	0.0001319429793913	2.7118617012166795e-20	-0.999499874937461	1.0	-0.999499874937461	1.0
artista_axolotl	artista_axolotl	Ambystoma mexicanum	Control_Juv	Stereo-seq cellbin	dbfree	11698	17	5000	0	1000	model_x_expression_potential	mean	0.5	exp	spatial_ccc_score	pooled	500	500	500	8.368242702180052e-05	8.368242702180052e-05	8.143488871179339e-05	1.9389216779937568e-05	0.1159169210141952	0.4338915271182204	0.1159169210141952	0.4338915271182204
artista_axolotl	artista_axolotl	Ambystoma mexicanum	Control_Juv	Stereo-seq cellbin	dbfree	11698	17	5000	0	1000	model_x_expression_potential	mean	0.5	exp	spatial_ccc_score	coordinate_permutation	500	500	500	8.368242702180052e-05	8.368242702180052e-05	8.100206603481516e-05	5.824972217365587e-07	4.601500036334228	0.0009990009990009	4.601500036334228	0.0009990009990009
artista_axolotl	artista_axolotl	Ambystoma mexicanum	Control_Juv	Stereo-seq cellbin	dbfree	11698	17	5000	0	1000	model_x_expression_potential	mean	0.5	exp	spatial_ccc_score	celltype_permutation	500	500	500	8.368242702180052e-05	8.368242702180052e-05	0.0001008331753359	2.5781515537519456e-05	-0.6652342950582968	0.7352647352647352	-0.6652342950582968	0.7352647352647352
artista_axolotl	artista_axolotl	Ambystoma mexicanum	Control_Juv	Stereo-seq cellbin	dbfree	11698	17	5000	0	1000	model_x_expression_potential	mean	0.5	exp	spatial_ccc_score	matched_random_lr	500	500	500	8.368242702180052e-05	8.368242702180052e-05	6.022188645462106e-05	2.741150911659512e-06	8.558646102770123	0.0009990009990009	8.558646102770123	0.0009990009990009
artista_axolotl	artista_axolotl	Ambystoma mexicanum	Control_Juv	Stereo-seq cellbin	dbfree	11698	17	5000	0	1000	model_x_expression_potential	mean	0.5	exp	spatial_ccc_score	score_permutation	500	500	500	8.368242702180052e-05	8.368242702180052e-05	8.36824270218005e-05	1.3559308506083394e-20	0.999499874937461	1.0	0.999499874937461	1.0
artista_axolotl	artista_axolotl	Ambystoma mexicanum	Control_Juv	Stereo-seq cellbin	dbfree	11698	17	5000	0	1000	model_x_expression_potential	mean	0.5	exp	spatial_ccc_score	pooled	1000	1000	1000	5.631239413400002e-05	5.631239413400002e-05	5.64065285685426e-05	1.1051414572370075e-05	-0.0085178629329428	0.430142464383904	-0.0085178629329428	0.430142464383904
artista_axolotl	artista_axolotl	Ambystoma mexicanum	Control_Juv	Stereo-seq cellbin	dbfree	11698	17	5000	0	1000	model_x_expression_potential	mean	0.5	exp	spatial_ccc_score	coordinate_permutation	1000	1000	1000	5.631239413400002e-05	5.631239413400002e-05	5.4543923778994376e-05	3.910453553258958e-07	4.522417491781244	0.0019980019980019	4.522417491781244	0.0019980019980019
artista_axolotl	artista_axolotl	Ambystoma mexicanum	Control_Juv	Stereo-seq cellbin	dbfree	11698	17	5000	0	1000	model_x_expression_potential	mean	0.5	exp	spatial_ccc_score	celltype_permutation	1000	1000	1000	5.631239413400002e-05	5.631239413400002e-05	6.707131349077304e-05	1.7106481086541947e-05	-0.6289381961341717	0.7192807192807192	-0.6289381961341717	0.7192807192807192
artista_axolotl	artista_axolotl	Ambystoma mexicanum	Control_Juv	Stereo-seq cellbin	dbfree	11698	17	5000	0	1000	model_x_expression_potential	mean	0.5	exp	spatial_ccc_score	matched_random_lr	1000	1000	1000	5.631239413400002e-05	5.631239413400002e-05	4.769848287040292e-05	1.6965017893308528e-06	5.077454864928061	0.0009990009990009	5.077454864928061	0.0009990009990009
artista_axolotl	artista_axolotl	Ambystoma mexicanum	Control_Juv	Stereo-seq cellbin	dbfree	11698	17	5000	0	1000	model_x_expression_potential	mean	0.5	exp	spatial_ccc_score	score_permutation	1000	1000	1000	5.631239413400002e-05	5.631239413400002e-05	5.6312394134000026e-05	6.779654253041699e-21	-0.999499874937461	1.0	-0.999499874937461	1.0
artista_axolotl	artista_axolotl	Ambystoma mexicanum	Control_Juv	Stereo-seq cellbin	dbfree	11698	17	5000	0	1000	model_x_expression_potential	mean	0.5	exp	spatial_ccc_score	pooled	5000	5000	4021	1.781063841115305e-05	1.781063841115305e-05	1.798396757463546e-05	3.0829475316759703e-06	-0.0562218985894268	0.4166458385403649	-0.0562218985894268	0.4166458385403649
artista_axolotl	artista_axolotl	Ambystoma mexicanum	Control_Juv	Stereo-seq cellbin	dbfree	11698	17	5000	0	1000	model_x_expression_potential	mean	0.5	exp	spatial_ccc_score	coordinate_permutation	5000	5000	4021	1.781063841115305e-05	1.781063841115305e-05	1.726751889741662e-05	1.222628956793777e-07	4.442226815572132	0.0029970029970029	4.442226815572132	0.0029970029970029
artista_axolotl	artista_axolotl	Ambystoma mexicanum	Control_Juv	Stereo-seq cellbin	dbfree	11698	17	5000	0	1000	model_x_expression_potential	mean	0.5	exp	spatial_ccc_score	celltype_permutation	5000	5000	4021	1.781063841115305e-05	1.781063841115305e-05	2.0604085278257866e-05	5.237346966509692e-06	-0.5333705948770545	0.6643356643356644	-0.5333705948770545	0.6643356643356644
artista_axolotl	artista_axolotl	Ambystoma mexicanum	Control_Juv	Stereo-seq cellbin	dbfree	11698	17	5000	0	1000	model_x_expression_potential	mean	0.5	exp	spatial_ccc_score	matched_random_lr	5000	5000	4021	1.781063841115305e-05	1.781063841115305e-05	1.625362771171431e-05	4.349773928154029e-07	3.579520970873788	0.0009990009990009	3.579520970873788	0.0009990009990009
artista_axolotl	artista_axolotl	Ambystoma mexicanum	Control_Juv	Stereo-seq cellbin	dbfree	11698	17	5000	0	1000	model_x_expression_potential	mean	0.5	exp	spatial_ccc_score	score_permutation	5000	5000	4021	1.781063841115305e-05	1.781063841115305e-05	1.7810638411153044e-05	6.779654253041699e-21	0.999499874937461	1.0	0.999499874937461	1.0
artista_axolotl	artista_axolotl	Ambystoma mexicanum	Control_Juv	Stereo-seq cellbin	dbfree	11698	17	5000	0	1000	model_x_expression_potential	mean	0.5	exp	model_weighted_spatial_ccc_score	pooled	100	100	100	0.0001175328565788	0.0001175328565788	0.000100498004068	3.541081166595344e-05	0.4810635992057558	0.1814546363409147	0.4810635992057558	0.1814546363409147
artista_axolotl	artista_axolotl	Ambystoma mexicanum	Control_Juv	Stereo-seq cellbin	dbfree	11698	17	5000	0	1000	model_x_expression_potential	mean	0.5	exp	model_weighted_spatial_ccc_score	coordinate_permutation	100	100	100	0.0001175328565788	0.0001175328565788	0.0001136554404213	8.259259717114649e-07	4.694629168063258	0.0009990009990009	4.694629168063258	0.0009990009990009
artista_axolotl	artista_axolotl	Ambystoma mexicanum	Control_Juv	Stereo-seq cellbin	dbfree	11698	17	5000	0	1000	model_x_expression_potential	mean	0.5	exp	model_weighted_spatial_ccc_score	celltype_permutation	100	100	100	0.0001175328565788	0.0001175328565788	0.0001415721718435	3.707856049516978e-05	-0.6483346425452923	0.7252747252747253	-0.6483346425452923	0.7252747252747253
artista_axolotl	artista_axolotl	Ambystoma mexicanum	Control_Juv	Stereo-seq cellbin	dbfree	11698	17	5000	0	1000	model_x_expression_potential	mean	0.5	exp	model_weighted_spatial_ccc_score	matched_random_lr	100	100	100	0.0001175328565788	0.0001175328565788	6.184552235338247e-05	6.145053146097809e-06	9.062140375599922	0.0009990009990009	9.062140375599922	0.0009990009990009
artista_axolotl	artista_axolotl	Ambystoma mexicanum	Control_Juv	Stereo-seq cellbin	dbfree	11698	17	5000	0	1000	model_x_expression_potential	mean	0.5	exp	model_weighted_spatial_ccc_score	score_permutation	100	100	100	0.0001175328565788	0.0001175328565788	8.491888165374794e-05	2.3822418686614697e-06	13.690454925729227	0.0009990009990009	13.690454925729227	0.0009990009990009
artista_axolotl	artista_axolotl	Ambystoma mexicanum	Control_Juv	Stereo-seq cellbin	dbfree	11698	17	5000	0	1000	model_x_expression_potential	mean	0.5	exp	model_weighted_spatial_ccc_score	pooled	500	500	500	7.118770221366496e-05	7.118770221366496e-05	6.483646565080542e-05	1.7738480365206605e-05	0.3580485155491261	0.1842039490127468	0.3580485155491261	0.1842039490127468
artista_axolotl	artista_axolotl	Ambystoma mexicanum	Control_Juv	Stereo-seq cellbin	dbfree	11698	17	5000	0	1000	model_x_expression_potential	mean	0.5	exp	model_weighted_spatial_ccc_score	coordinate_permutation	500	500	500	7.118770221366496e-05	7.118770221366496e-05	6.89036713689207e-05	4.955000997259981e-07	4.609546690318094	0.0009990009990009	4.609546690318094	0.0009990009990009
artista_axolotl	artista_axolotl	Ambystoma mexicanum	Control_Juv	Stereo-seq cellbin	dbfree	11698	17	5000	0	1000	model_x_expression_potential	mean	0.5	exp	model_weighted_spatial_ccc_score	celltype_permutation	500	500	500	7.118770221366496e-05	7.118770221366496e-05	8.576247098191214e-05	2.193640832110934e-05	-0.664409987036115	0.7362637362637363	-0.664409987036115	0.7362637362637363
artista_axolotl	artista_axolotl	Ambystoma mexicanum	Control_Juv	Stereo-seq cellbin	dbfree	11698	17	5000	0	1000	model_x_expression_potential	mean	0.5	exp	model_weighted_spatial_ccc_score	matched_random_lr	500	500	500	7.118770221366496e-05	7.118770221366496e-05	5.0818871453400944e-05	2.313663156549296e-06	8.803714880710222	0.0009990009990009	8.803714880710222	0.0009990009990009
artista_axolotl	artista_axolotl	Ambystoma mexicanum	Control_Juv	Stereo-seq cellbin	dbfree	11698	17	5000	0	1000	model_x_expression_potential	mean	0.5	exp	model_weighted_spatial_ccc_score	score_permutation	500	500	500	7.118770221366496e-05	7.118770221366496e-05	5.386084879898791e-05	7.654659195856941e-07	22.63569542593765	0.0009990009990009	22.63569542593765	0.0009990009990009
artista_axolotl	artista_axolotl	Ambystoma mexicanum	Control_Juv	Stereo-seq cellbin	dbfree	11698	17	5000	0	1000	model_x_expression_potential	mean	0.5	exp	model_weighted_spatial_ccc_score	pooled	1000	1000	1000	4.695289037043401e-05	4.695289037043401e-05	4.421915968309724e-05	1.041567406579654e-05	0.2624631560154055	0.1807048237940514	0.2624631560154055	0.1807048237940514
artista_axolotl	artista_axolotl	Ambystoma mexicanum	Control_Juv	Stereo-seq cellbin	dbfree	11698	17	5000	0	1000	model_x_expression_potential	mean	0.5	exp	model_weighted_spatial_ccc_score	coordinate_permutation	1000	1000	1000	4.695289037043401e-05	4.695289037043401e-05	4.547488247550903e-05	3.260736632074774e-07	4.532742326952491	0.0019980019980019	4.532742326952491	0.0019980019980019
artista_axolotl	artista_axolotl	Ambystoma mexicanum	Control_Juv	Stereo-seq cellbin	dbfree	11698	17	5000	0	1000	model_x_expression_potential	mean	0.5	exp	model_weighted_spatial_ccc_score	celltype_permutation	1000	1000	1000	4.695289037043401e-05	4.695289037043401e-05	5.595284588346564e-05	1.4276218517800992e-05	-0.6304159257445938	0.7212787212787213	-0.6304159257445938	0.7212787212787213
artista_axolotl	artista_axolotl	Ambystoma mexicanum	Control_Juv	Stereo-seq cellbin	dbfree	11698	17	5000	0	1000	model_x_expression_potential	mean	0.5	exp	model_weighted_spatial_ccc_score	matched_random_lr	1000	1000	1000	4.695289037043401e-05	4.695289037043401e-05	3.920638336412259e-05	1.4007708937558526e-06	5.530174163985449	0.0009990009990009	5.530174163985449	0.0009990009990009
artista_axolotl	artista_axolotl	Ambystoma mexicanum	Control_Juv	Stereo-seq cellbin	dbfree	11698	17	5000	0	1000	model_x_expression_potential	mean	0.5	exp	model_weighted_spatial_ccc_score	score_permutation	1000	1000	1000	4.695289037043401e-05	4.695289037043401e-05	3.6242527009291705e-05	3.910056028158729e-07	27.39184115012768	0.0009990009990009	27.39184115012768	0.0009990009990009
artista_axolotl	artista_axolotl	Ambystoma mexicanum	Control_Juv	Stereo-seq cellbin	dbfree	11698	17	5000	0	1000	model_x_expression_potential	mean	0.5	exp	model_weighted_spatial_ccc_score	pooled	5000	5000	4021	1.4237994062049116e-05	1.4237994062049116e-05	1.3630584143273367e-05	2.833340697056534e-06	0.2143794141688526	0.1697075731067233	0.2143794141688526	0.1697075731067233
artista_axolotl	artista_axolotl	Ambystoma mexicanum	Control_Juv	Stereo-seq cellbin	dbfree	11698	17	5000	0	1000	model_x_expression_potential	mean	0.5	exp	model_weighted_spatial_ccc_score	coordinate_permutation	5000	5000	4021	1.4237994062049116e-05	1.4237994062049116e-05	1.3800892921850238e-05	9.795028885343924e-08	4.462479338400957	0.0029970029970029	4.462479338400957	0.0029970029970029
artista_axolotl	artista_axolotl	Ambystoma mexicanum	Control_Juv	Stereo-seq cellbin	dbfree	11698	17	5000	0	1000	model_x_expression_potential	mean	0.5	exp	model_weighted_spatial_ccc_score	celltype_permutation	5000	5000	4021	1.4237994062049116e-05	1.4237994062049116e-05	1.6564942833050398e-05	4.214144942915114e-06	-0.5521757800270692	0.6763236763236763	-0.5521757800270692	0.6763236763236763
artista_axolotl	artista_axolotl	Ambystoma mexicanum	Control_Juv	Stereo-seq cellbin	dbfree	11698	17	5000	0	1000	model_x_expression_potential	mean	0.5	exp	model_weighted_spatial_ccc_score	matched_random_lr	5000	5000	4021	1.4237994062049116e-05	1.4237994062049116e-05	1.2693872383995094e-05	3.5548569099473373e-07	4.343695730011525	0.0009990009990009	4.343695730011525	0.0009990009990009
artista_axolotl	artista_axolotl	Ambystoma mexicanum	Control_Juv	Stereo-seq cellbin	dbfree	11698	17	5000	0	1000	model_x_expression_potential	mean	0.5	exp	model_weighted_spatial_ccc_score	score_permutation	5000	5000	4021	1.4237994062049116e-05	1.4237994062049116e-05	1.1462628434197736e-05	9.615413738176153e-08	28.86371510809071	0.0009990009990009	28.86371510809071	0.0009990009990009
artista_axolotl	artista_axolotl	Ambystoma mexicanum	Control_Juv	Stereo-seq cellbin	role_only	11698	17	5000	0	1000	role_only			contact	spatial_ccc_score	pooled	100	100	100	2.637637604294156e-05	2.637637604294156e-05	2.6305421344179564e-05	6.044511091925966e-06	0.0117386994056096	0.5821044738815296	0.0117386994056096	0.5821044738815296
artista_axolotl	artista_axolotl	Ambystoma mexicanum	Control_Juv	Stereo-seq cellbin	role_only	11698	17	5000	0	1000	role_only			contact	spatial_ccc_score	coordinate_permutation	100	100	100	2.637637604294156e-05	2.637637604294156e-05	2.644738578869353e-05	2.197534012756705e-07	-0.3231337733102797	0.5574425574425574	-0.3231337733102797	0.5574425574425574
artista_axolotl	artista_axolotl	Ambystoma mexicanum	Control_Juv	Stereo-seq cellbin	role_only	11698	17	5000	0	1000	role_only			contact	spatial_ccc_score	celltype_permutation	100	100	100	2.637637604294156e-05	2.637637604294156e-05	3.183280292438766e-05	8.632535396336797e-06	-0.632076977496267	0.7272727272727273	-0.632076977496267	0.7272727272727273
artista_axolotl	artista_axolotl	Ambystoma mexicanum	Control_Juv	Stereo-seq cellbin	role_only	11698	17	5000	0	1000	role_only			contact	spatial_ccc_score	matched_random_lr	100	100	100	2.637637604294156e-05	2.637637604294156e-05	2.056512062069551e-05	2.8448966087622467e-06	2.042694769415328	0.0449550449550449	2.042694769415328	0.0449550449550449
artista_axolotl	artista_axolotl	Ambystoma mexicanum	Control_Juv	Stereo-seq cellbin	role_only	11698	17	5000	0	1000	role_only			contact	spatial_ccc_score	score_permutation	100	100	100	2.637637604294156e-05	2.637637604294156e-05	2.6376376042941567e-05	1.0169481379562547e-20	-0.9994998749374608	1.0	-0.9994998749374608	1.0
artista_axolotl	artista_axolotl	Ambystoma mexicanum	Control_Juv	Stereo-seq cellbin	role_only	11698	17	5000	0	1000	role_only			contact	spatial_ccc_score	pooled	500	500	500	2.1271322039924977e-05	2.1271322039924977e-05	2.101401036499324e-05	4.452361249329345e-06	0.0577921827368551	0.5603599100224944	0.0577921827368551	0.5603599100224944
artista_axolotl	artista_axolotl	Ambystoma mexicanum	Control_Juv	Stereo-seq cellbin	role_only	11698	17	5000	0	1000	role_only			contact	spatial_ccc_score	coordinate_permutation	500	500	500	2.1271322039924977e-05	2.1271322039924977e-05	2.132921727249337e-05	1.7261879229101752e-07	-0.335393567525326	0.5654345654345654	-0.335393567525326	0.5654345654345654
artista_axolotl	artista_axolotl	Ambystoma mexicanum	Control_Juv	Stereo-seq cellbin	role_only	11698	17	5000	0	1000	role_only			contact	spatial_ccc_score	celltype_permutation	500	500	500	2.1271322039924977e-05	2.1271322039924977e-05	2.485045973435161e-05	6.610457154524566e-06	-0.5414357298990847	0.6763236763236763	-0.5414357298990847	0.6763236763236763
artista_axolotl	artista_axolotl	Ambystoma mexicanum	Control_Juv	Stereo-seq cellbin	role_only	11698	17	5000	0	1000	role_only			contact	spatial_ccc_score	matched_random_lr	500	500	500	2.1271322039924977e-05	2.1271322039924977e-05	1.6605042413203013e-05	1.1262360812730138e-06	4.143251760721027	0.0009990009990009	4.143251760721027	0.0009990009990009
artista_axolotl	artista_axolotl	Ambystoma mexicanum	Control_Juv	Stereo-seq cellbin	role_only	11698	17	5000	0	1000	role_only			contact	spatial_ccc_score	score_permutation	500	500	500	2.1271322039924977e-05	2.1271322039924977e-05	2.1271322039924967e-05	1.0169481379562547e-20	0.9994998749374608	1.0	0.9994998749374608	1.0
artista_axolotl	artista_axolotl	Ambystoma mexicanum	Control_Juv	Stereo-seq cellbin	role_only	11698	17	5000	0	1000	role_only			contact	spatial_ccc_score	pooled	1000	1000	1000	1.931078847366991e-05	1.931078847366991e-05	1.941301896236208e-05	3.822763269694995e-06	-0.0267425632925285	0.5626093476630842	-0.0267425632925285	0.5626093476630842
artista_axolotl	artista_axolotl	Ambystoma mexicanum	Control_Juv	Stereo-seq cellbin	role_only	11698	17	5000	0	1000	role_only			contact	spatial_ccc_score	coordinate_permutation	1000	1000	1000	1.931078847366991e-05	1.931078847366991e-05	1.936148120237076e-05	1.5720313527403524e-07	-0.3224663974575469	0.5604395604395604	-0.3224663974575469	0.5604395604395604
artista_axolotl	artista_axolotl	Ambystoma mexicanum	Control_Juv	Stereo-seq cellbin	role_only	11698	17	5000	0	1000	role_only			contact	spatial_ccc_score	celltype_permutation	1000	1000	1000	1.931078847366991e-05	1.931078847366991e-05	2.2763328355398168e-05	6.0265681025828855e-06	-0.5728865621295407	0.6883116883116883	-0.5728865621295407	0.6883116883116883
artista_axolotl	artista_axolotl	Ambystoma mexicanum	Control_Juv	Stereo-seq cellbin	role_only	11698	17	5000	0	1000	role_only			contact	spatial_ccc_score	matched_random_lr	1000	1000	1000	1.931078847366991e-05	1.931078847366991e-05	1.62164778180095e-05	8.226129238630648e-07	3.761563386494401	0.0029970029970029	3.761563386494401	0.0029970029970029
artista_axolotl	artista_axolotl	Ambystoma mexicanum	Control_Juv	Stereo-seq cellbin	role_only	11698	17	5000	0	1000	role_only			contact	spatial_ccc_score	score_permutation	1000	1000	1000	1.931078847366991e-05	1.931078847366991e-05	1.9310788473669903e-05	6.779654253041699e-21	0.999499874937461	1.0	0.999499874937461	1.0
artista_axolotl	artista_axolotl	Ambystoma mexicanum	Control_Juv	Stereo-seq cellbin	role_only	11698	17	5000	0	1000	role_only			contact	spatial_ccc_score	pooled	5000	5000	4021	1.6440029424569943e-05	1.6440029424569943e-05	1.6935178637806648e-05	3.1589686164097274e-06	-0.1567439482192317	0.5773556610847288	-0.1567439482192317	0.5773556610847288
artista_axolotl	artista_axolotl	Ambystoma mexicanum	Control_Juv	Stereo-seq cellbin	role_only	11698	17	5000	0	1000	role_only			contact	spatial_ccc_score	coordinate_permutation	5000	5000	4021	1.6440029424569943e-05	1.6440029424569943e-05	1.648911077946821e-05	1.3494416501644248e-07	-0.3637160220472448	0.5834165834165834	-0.3637160220472448	0.5834165834165834
artista_axolotl	artista_axolotl	Ambystoma mexicanum	Control_Juv	Stereo-seq cellbin	role_only	11698	17	5000	0	1000	role_only			contact	spatial_ccc_score	celltype_permutation	5000	5000	4021	1.6440029424569943e-05	1.6440029424569943e-05	1.98178406089924e-05	5.218443906359924e-06	-0.6472832217868214	0.7252747252747253	-0.6472832217868214	0.7252747252747253
artista_axolotl	artista_axolotl	Ambystoma mexicanum	Control_Juv	Stereo-seq cellbin	role_only	11698	17	5000	0	1000	role_only			contact	spatial_ccc_score	matched_random_lr	5000	5000	4021	1.6440029424569943e-05	1.6440029424569943e-05	1.4993733738196033e-05	4.003724672323407e-07	3.612375487185063	0.0019980019980019	3.612375487185063	0.0019980019980019
artista_axolotl	artista_axolotl	Ambystoma mexicanum	Control_Juv	Stereo-seq cellbin	role_only	11698	17	5000	0	1000	role_only			contact	spatial_ccc_score	score_permutation	5000	5000	4021	1.6440029424569943e-05	1.6440029424569943e-05	1.6440029424569936e-05	6.779654253041699e-21	0.999499874937461	1.0	0.999499874937461	1.0
artista_axolotl	artista_axolotl	Ambystoma mexicanum	Control_Juv	Stereo-seq cellbin	role_only	11698	17	5000	0	1000	role_only			contact	model_weighted_spatial_ccc_score	pooled	100	100	100	2.0638382773591765e-05	2.0638382773591765e-05	1.7665812487869818e-05	6.940740452350931e-06	0.4282785541584535	0.3319170207448138	0.4282785541584535	0.3319170207448138
artista_axolotl	artista_axolotl	Ambystoma mexicanum	Control_Juv	Stereo-seq cellbin	role_only	11698	17	5000	0	1000	role_only			contact	model_weighted_spatial_ccc_score	coordinate_permutation	100	100	100	2.0638382773591765e-05	2.0638382773591765e-05	2.0694154834541695e-05	1.720501149434954e-07	-0.3241617186262848	0.5554445554445554	-0.3241617186262848	0.5554445554445554
artista_axolotl	artista_axolotl	Ambystoma mexicanum	Control_Juv	Stereo-seq cellbin	role_only	11698	17	5000	0	1000	role_only			contact	model_weighted_spatial_ccc_score	celltype_permutation	100	100	100	2.0638382773591765e-05	2.0638382773591765e-05	2.4967690651867016e-05	6.775017710869766e-06	-0.6390105624859631	0.7282717282717283	-0.6390105624859631	0.7282717282717283
artista_axolotl	artista_axolotl	Ambystoma mexicanum	Control_Juv	Stereo-seq cellbin	role_only	11698	17	5000	0	1000	role_only			contact	model_weighted_spatial_ccc_score	matched_random_lr	100	100	100	2.0638382773591765e-05	2.0638382773591765e-05	1.599159211037546e-05	2.217575460282257e-06	2.0954374479887385	0.0449550449550449	2.0954374479887385	0.0449550449550449
artista_axolotl	artista_axolotl	Ambystoma mexicanum	Control_Juv	Stereo-seq cellbin	role_only	11698	17	5000	0	1000	role_only			contact	model_weighted_spatial_ccc_score	score_permutation	100	100	100	2.0638382773591765e-05	2.0638382773591765e-05	9.009812354695098e-06	1.2783109952520737e-06	9.09682421733656	0.0009990009990009	9.09682421733656	0.0009990009990009
artista_axolotl	artista_axolotl	Ambystoma mexicanum	Control_Juv	Stereo-seq cellbin	role_only	11698	17	5000	0	1000	role_only			contact	model_weighted_spatial_ccc_score	pooled	500	500	500	1.472130035523062e-05	1.472130035523062e-05	1.2682771480000626e-05	4.411543211627398e-06	0.4620897444361633	0.311422144463884	0.4620897444361633	0.311422144463884
artista_axolotl	artista_axolotl	Ambystoma mexicanum	Control_Juv	Stereo-seq cellbin	role_only	11698	17	5000	0	1000	role_only			contact	model_weighted_spatial_ccc_score	coordinate_permutation	500	500	500	1.472130035523062e-05	1.472130035523062e-05	1.4761633465651914e-05	1.1972900257979038e-07	-0.3368700110435941	0.5664335664335665	-0.3368700110435941	0.5664335664335665
artista_axolotl	artista_axolotl	Ambystoma mexicanum	Control_Juv	Stereo-seq cellbin	role_only	11698	17	5000	0	1000	role_only			contact	model_weighted_spatial_ccc_score	celltype_permutation	500	500	500	1.472130035523062e-05	1.472130035523062e-05	1.7229948086118115e-05	4.58636573636277e-06	-0.5469794331921255	0.6783216783216783	-0.5469794331921255	0.6783216783216783
artista_axolotl	artista_axolotl	Ambystoma mexicanum	Control_Juv	Stereo-seq cellbin	role_only	11698	17	5000	0	1000	role_only			contact	model_weighted_spatial_ccc_score	matched_random_lr	500	500	500	1.472130035523062e-05	1.472130035523062e-05	1.1497098473729229e-05	7.810952634472012e-07	4.127795971098392	0.0019980019980019	4.127795971098392	0.0019980019980019
artista_axolotl	artista_axolotl	Ambystoma mexicanum	Control_Juv	Stereo-seq cellbin	role_only	11698	17	5000	0	1000	role_only			contact	model_weighted_spatial_ccc_score	score_permutation	500	500	500	1.472130035523062e-05	1.472130035523062e-05	7.242405894503242e-06	4.337784473378528e-07	17.241277215652822	0.0009990009990009	17.241277215652822	0.0009990009990009
artista_axolotl	artista_axolotl	Ambystoma mexicanum	Control_Juv	Stereo-seq cellbin	role_only	11698	17	5000	0	1000	role_only			contact	model_weighted_spatial_ccc_score	pooled	1000	1000	1000	1.1907892578609251e-05	1.1907892578609251e-05	1.061022121635416e-05	3.3340844520824137e-06	0.3892137049631685	0.311422144463884	0.3892137049631685	0.311422144463884
artista_axolotl	artista_axolotl	Ambystoma mexicanum	Control_Juv	Stereo-seq cellbin	role_only	11698	17	5000	0	1000	role_only			contact	model_weighted_spatial_ccc_score	coordinate_permutation	1000	1000	1000	1.1907892578609251e-05	1.1907892578609251e-05	1.1939482836008548e-05	9.69994018156058e-08	-0.3256747650810191	0.5604395604395604	-0.3256747650810191	0.5604395604395604
artista_axolotl	artista_axolotl	Ambystoma mexicanum	Control_Juv	Stereo-seq cellbin	role_only	11698	17	5000	0	1000	role_only			contact	model_weighted_spatial_ccc_score	celltype_permutation	1000	1000	1000	1.1907892578609251e-05	1.1907892578609251e-05	1.4030352718945064e-05	3.7172537302071873e-06	-0.5709753205944095	0.6853146853146853	-0.5709753205944095	0.6853146853146853
artista_axolotl	artista_axolotl	Ambystoma mexicanum	Control_Juv	Stereo-seq cellbin	role_only	11698	17	5000	0	1000	role_only			contact	model_weighted_spatial_ccc_score	matched_random_lr	1000	1000	1000	1.1907892578609251e-05	1.1907892578609251e-05	9.904461320923451e-06	5.032219669516582e-07	3.9812078749699302	0.0009990009990009	3.9812078749699302	0.0009990009990009
artista_axolotl	artista_axolotl	Ambystoma mexicanum	Control_Juv	Stereo-seq cellbin	role_only	11698	17	5000	0	1000	role_only			contact	model_weighted_spatial_ccc_score	score_permutation	1000	1000	1000	1.1907892578609251e-05	1.1907892578609251e-05	6.566587989539577e-06	2.712848117757709e-07	19.688918646446385	0.0009990009990009	19.688918646446385	0.0009990009990009
artista_axolotl	artista_axolotl	Ambystoma mexicanum	Control_Juv	Stereo-seq cellbin	role_only	11698	17	5000	0	1000	role_only			contact	model_weighted_spatial_ccc_score	pooled	5000	5000	4021	6.087449142391662e-06	6.087449142391662e-06	6.088294852345902e-06	1.2469861776461591e-06	-0.0006782031504441	0.3241689577605599	-0.0006782031504441	0.3241689577605599
artista_axolotl	artista_axolotl	Ambystoma mexicanum	Control_Juv	Stereo-seq cellbin	role_only	11698	17	5000	0	1000	role_only			contact	model_weighted_spatial_ccc_score	coordinate_permutation	5000	5000	4021	6.087449142391662e-06	6.087449142391662e-06	6.104760828451298e-06	4.9960002589790324e-08	-0.3465109119744759	0.5724275724275725	-0.3465109119744759	0.5724275724275725
artista_axolotl	artista_axolotl	Ambystoma mexicanum	Control_Juv	Stereo-seq cellbin	role_only	11698	17	5000	0	1000	role_only			contact	model_weighted_spatial_ccc_score	celltype_permutation	5000	5000	4021	6.087449142391662e-06	6.087449142391662e-06	7.345132510568626e-06	1.9379694142385094e-06	-0.6489696684254166	0.7242757242757243	-0.6489696684254166	0.7242757242757243
artista_axolotl	artista_axolotl	Ambystoma mexicanum	Control_Juv	Stereo-seq cellbin	role_only	11698	17	5000	0	1000	role_only			contact	model_weighted_spatial_ccc_score	matched_random_lr	5000	5000	4021	6.087449142391662e-06	6.087449142391662e-06	5.315186371589524e-06	1.528331827383494e-07	5.052978397526752	0.0009990009990009	5.052978397526752	0.0009990009990009
artista_axolotl	artista_axolotl	Ambystoma mexicanum	Control_Juv	Stereo-seq cellbin	role_only	11698	17	5000	0	1000	role_only			contact	model_weighted_spatial_ccc_score	score_permutation	5000	5000	4021	6.087449142391662e-06	6.087449142391662e-06	5.588099698774162e-06	1.1293401463788833e-07	4.421603581689841	0.0009990009990009	4.421603581689841	0.0009990009990009
artista_axolotl	artista_axolotl	Ambystoma mexicanum	Control_Juv	Stereo-seq cellbin	role_only	11698	17	5000	0	1000	role_only			exp	spatial_ccc_score	pooled	100	100	100	2.87553502230787e-05	2.87553502230787e-05	2.797182301035935e-05	5.985794245772622e-06	0.1308977857487673	0.4246438390402399	0.1308977857487673	0.4246438390402399
artista_axolotl	artista_axolotl	Ambystoma mexicanum	Control_Juv	Stereo-seq cellbin	role_only	11698	17	5000	0	1000	role_only			exp	spatial_ccc_score	coordinate_permutation	100	100	100	2.87553502230787e-05	2.87553502230787e-05	2.770363713596013e-05	1.9846168287522533e-07	5.299325652598598	0.0009990009990009	5.299325652598598	0.0009990009990009
artista_axolotl	artista_axolotl	Ambystoma mexicanum	Control_Juv	Stereo-seq cellbin	role_only	11698	17	5000	0	1000	role_only			exp	spatial_ccc_score	celltype_permutation	100	100	100	2.87553502230787e-05	2.87553502230787e-05	3.309399790866614e-05	8.662671358280183e-06	-0.5008440821710682	0.6563436563436563	-0.5008440821710682	0.6563436563436563
artista_axolotl	artista_axolotl	Ambystoma mexicanum	Control_Juv	Stereo-seq cellbin	role_only	11698	17	5000	0	1000	role_only			exp	spatial_ccc_score	matched_random_lr	100	100	100	2.87553502230787e-05	2.87553502230787e-05	2.2334306773732424e-05	3.0955450691290304e-06	2.0742852408713	0.0429570429570429	2.0742852408713	0.0429570429570429
artista_axolotl	artista_axolotl	Ambystoma mexicanum	Control_Juv	Stereo-seq cellbin	role_only	11698	17	5000	0	1000	role_only			exp	spatial_ccc_score	score_permutation	100	100	100	2.87553502230787e-05	2.87553502230787e-05	2.8755350223078702e-05	6.779654253041699e-21	-0.999499874937461	1.0	-0.999499874937461	1.0
artista_axolotl	artista_axolotl	Ambystoma mexicanum	Control_Juv	Stereo-seq cellbin	role_only	11698	17	5000	0	1000	role_only			exp	spatial_ccc_score	pooled	500	500	500	2.3083509214830745e-05	2.3083509214830745e-05	2.231598452107865e-05	4.382761286317439e-06	0.175123545092048	0.4036490877280679	0.175123545092048	0.4036490877280679
artista_axolotl	artista_axolotl	Ambystoma mexicanum	Control_Juv	Stereo-seq cellbin	role_only	11698	17	5000	0	1000	role_only			exp	spatial_ccc_score	coordinate_permutation	500	500	500	2.3083509214830745e-05	2.3083509214830745e-05	2.2314271289680357e-05	1.579745221432883e-07	4.8693796614410205	0.0019980019980019	4.8693796614410205	0.0019980019980019
artista_axolotl	artista_axolotl	Ambystoma mexicanum	Control_Juv	Stereo-seq cellbin	role_only	11698	17	5000	0	1000	role_only			exp	spatial_ccc_score	celltype_permutation	500	500	500	2.3083509214830745e-05	2.3083509214830745e-05	2.5835473720379912e-05	6.633001330200355e-06	-0.4148897864710727	0.6133866133866134	-0.4148897864710727	0.6133866133866134
artista_axolotl	artista_axolotl	Ambystoma mexicanum	Control_Juv	Stereo-seq cellbin	role_only	11698	17	5000	0	1000	role_only			exp	spatial_ccc_score	matched_random_lr	500	500	500	2.3083509214830745e-05	2.3083509214830745e-05	1.803068385942358e-05	1.2244724164417247e-06	4.126532609113814	0.0009990009990009	4.126532609113814	0.0009990009990009
artista_axolotl	artista_axolotl	Ambystoma mexicanum	Control_Juv	Stereo-seq cellbin	role_only	11698	17	5000	0	1000	role_only			exp	spatial_ccc_score	score_permutation	500	500	500	2.3083509214830745e-05	2.3083509214830745e-05	2.308350921483075e-05	3.3898271265208486e-21	-0.999499874937461	1.0	-0.999499874937461	1.0
artista_axolotl	artista_axolotl	Ambystoma mexicanum	Control_Juv	Stereo-seq cellbin	role_only	11698	17	5000	0	1000	role_only			exp	spatial_ccc_score	pooled	1000	1000	1000	2.0954384589257552e-05	2.0954384589257552e-05	2.062062457360011e-05	3.741618795055637e-06	0.089202036321415	0.4086478380404899	0.089202036321415	0.4086478380404899
artista_axolotl	artista_axolotl	Ambystoma mexicanum	Control_Juv	Stereo-seq cellbin	role_only	11698	17	5000	0	1000	role_only			exp	spatial_ccc_score	coordinate_permutation	1000	1000	1000	2.0954384589257552e-05	2.0954384589257552e-05	2.0262645392511237e-05	1.434979832984044e-07	4.820549953708023	0.0019980019980019	4.820549953708023	0.0019980019980019
artista_axolotl	artista_axolotl	Ambystoma mexicanum	Control_Juv	Stereo-seq cellbin	role_only	11698	17	5000	0	1000	role_only			exp	spatial_ccc_score	celltype_permutation	1000	1000	1000	2.0954384589257552e-05	2.0954384589257552e-05	2.366594829781712e-05	6.046790485679301e-06	-0.4484302399729906	0.6313686313686314	-0.4484302399729906	0.6313686313686314
artista_axolotl	artista_axolotl	Ambystoma mexicanum	Control_Juv	Stereo-seq cellbin	role_only	11698	17	5000	0	1000	role_only			exp	spatial_ccc_score	matched_random_lr	1000	1000	1000	2.0954384589257552e-05	2.0954384589257552e-05	1.759952001481453e-05	8.929421593499885e-07	3.75709057895214	0.0029970029970029	3.75709057895214	0.0029970029970029
artista_axolotl	artista_axolotl	Ambystoma mexicanum	Control_Juv	Stereo-seq cellbin	role_only	11698	17	5000	0	1000	role_only			exp	spatial_ccc_score	score_permutation	1000	1000	1000	2.0954384589257552e-05	2.0954384589257552e-05	2.095438458925756e-05	6.779654253041699e-21	-0.999499874937461	1.0	-0.999499874937461	1.0
artista_axolotl	artista_axolotl	Ambystoma mexicanum	Control_Juv	Stereo-seq cellbin	role_only	11698	17	5000	0	1000	role_only			exp	spatial_ccc_score	pooled	5000	5000	4021	1.7810638411153048e-05	1.7810638411153048e-05	1.7984525005825844e-05	3.0825833963616024e-06	-0.0564093723718994	0.416895776055986	-0.0564093723718994	0.416895776055986
artista_axolotl	artista_axolotl	Ambystoma mexicanum	Control_Juv	Stereo-seq cellbin	role_only	11698	17	5000	0	1000	role_only			exp	spatial_ccc_score	coordinate_permutation	5000	5000	4021	1.7810638411153048e-05	1.7810638411153048e-05	1.726751889741662e-05	1.2226289567937776e-07	4.442226815572102	0.0029970029970029	4.442226815572102	0.0029970029970029
artista_axolotl	artista_axolotl	Ambystoma mexicanum	Control_Juv	Stereo-seq cellbin	role_only	11698	17	5000	0	1000	role_only			exp	spatial_ccc_score	celltype_permutation	5000	5000	4021	1.7810638411153048e-05	1.7810638411153048e-05	2.0604085278257866e-05	5.237346966509692e-06	-0.5333705948770551	0.6643356643356644	-0.5333705948770551	0.6643356643356644
artista_axolotl	artista_axolotl	Ambystoma mexicanum	Control_Juv	Stereo-seq cellbin	role_only	11698	17	5000	0	1000	role_only			exp	spatial_ccc_score	matched_random_lr	5000	5000	4021	1.7810638411153048e-05	1.7810638411153048e-05	1.6255857436475848e-05	4.335188519105993e-07	3.5864206777282863	0.0019980019980019	3.5864206777282863	0.0019980019980019
artista_axolotl	artista_axolotl	Ambystoma mexicanum	Control_Juv	Stereo-seq cellbin	role_only	11698	17	5000	0	1000	role_only			exp	spatial_ccc_score	score_permutation	5000	5000	4021	1.7810638411153048e-05	1.7810638411153048e-05	1.7810638411153044e-05	3.3898271265208486e-21	0.999499874937461	1.0	0.999499874937461	1.0
artista_axolotl	artista_axolotl	Ambystoma mexicanum	Control_Juv	Stereo-seq cellbin	role_only	11698	17	5000	0	1000	role_only			exp	model_weighted_spatial_ccc_score	pooled	100	100	100	2.2503002307098392e-05	2.2503002307098392e-05	1.8706354876779096e-05	7.0025560554042296e-06	0.5421802268029299	0.1757060734816296	0.5421802268029299	0.1757060734816296
artista_axolotl	artista_axolotl	Ambystoma mexicanum	Control_Juv	Stereo-seq cellbin	role_only	11698	17	5000	0	1000	role_only			exp	model_weighted_spatial_ccc_score	coordinate_permutation	100	100	100	2.2503002307098392e-05	2.2503002307098392e-05	2.167901467846069e-05	1.5534868304545058e-07	5.304117244409636	0.0009990009990009	5.304117244409636	0.0009990009990009
artista_axolotl	artista_axolotl	Ambystoma mexicanum	Control_Juv	Stereo-seq cellbin	role_only	11698	17	5000	0	1000	role_only			exp	model_weighted_spatial_ccc_score	celltype_permutation	100	100	100	2.2503002307098392e-05	2.2503002307098392e-05	2.595686224514432e-05	6.798663673103776e-06	-0.5080204146161487	0.6593406593406593	-0.5080204146161487	0.6593406593406593
artista_axolotl	artista_axolotl	Ambystoma mexicanum	Control_Juv	Stereo-seq cellbin	role_only	11698	17	5000	0	1000	role_only			exp	model_weighted_spatial_ccc_score	matched_random_lr	100	100	100	2.2503002307098392e-05	2.2503002307098392e-05	1.736698900614341e-05	2.413065499414806e-06	2.1284185208402007	0.0439560439560439	2.1284185208402007	0.0439560439560439
artista_axolotl	artista_axolotl	Ambystoma mexicanum	Control_Juv	Stereo-seq cellbin	role_only	11698	17	5000	0	1000	role_only			exp	model_weighted_spatial_ccc_score	score_permutation	100	100	100	2.2503002307098392e-05	2.2503002307098392e-05	9.822553577367962e-06	1.39889931535167e-06	9.064589989124904	0.0009990009990009	9.064589989124904	0.0009990009990009
artista_axolotl	artista_axolotl	Ambystoma mexicanum	Control_Juv	Stereo-seq cellbin	role_only	11698	17	5000	0	1000	role_only			exp	model_weighted_spatial_ccc_score	pooled	500	500	500	1.5980300301329294e-05	1.5980300301329294e-05	1.3425419162051288e-05	4.421756488985414e-06	0.5777977927192983	0.1547113221694576	0.5777977927192983	0.1547113221694576
artista_axolotl	artista_axolotl	Ambystoma mexicanum	Control_Juv	Stereo-seq cellbin	role_only	11698	17	5000	0	1000	role_only			exp	model_weighted_spatial_ccc_score	coordinate_permutation	500	500	500	1.5980300301329294e-05	1.5980300301329294e-05	1.5444526912717004e-05	1.0943294720089781e-07	4.895905687605344	0.0009990009990009	4.895905687605344	0.0009990009990009
artista_axolotl	artista_axolotl	Ambystoma mexicanum	Control_Juv	Stereo-seq cellbin	role_only	11698	17	5000	0	1000	role_only			exp	model_weighted_spatial_ccc_score	celltype_permutation	500	500	500	1.5980300301329294e-05	1.5980300301329294e-05	1.791283847593118e-05	4.6020303205330506e-06	-0.4199316475555165	0.6173826173826173	-0.4199316475555165	0.6173826173826173
artista_axolotl	artista_axolotl	Ambystoma mexicanum	Control_Juv	Stereo-seq cellbin	role_only	11698	17	5000	0	1000	role_only			exp	model_weighted_spatial_ccc_score	matched_random_lr	500	500	500	1.5980300301329294e-05	1.5980300301329294e-05	1.248450184518455e-05	8.494394470317919e-07	4.115418077604192	0.0019980019980019	4.115418077604192	0.0019980019980019
artista_axolotl	artista_axolotl	Ambystoma mexicanum	Control_Juv	Stereo-seq cellbin	role_only	11698	17	5000	0	1000	role_only			exp	model_weighted_spatial_ccc_score	score_permutation	500	500	500	1.5980300301329294e-05	1.5980300301329294e-05	7.859809414372421e-06	4.7226435128285e-07	17.19479961783803	0.0009990009990009	17.19479961783803	0.0009990009990009
artista_axolotl	artista_axolotl	Ambystoma mexicanum	Control_Juv	Stereo-seq cellbin	role_only	11698	17	5000	0	1000	role_only			exp	model_weighted_spatial_ccc_score	pooled	1000	1000	1000	1.2923807963864572e-05	1.2923807963864572e-05	1.1239411212778711e-05	3.325817178720925e-06	0.5064610171187052	0.1579605098725318	0.5064610171187052	0.1579605098725318
artista_axolotl	artista_axolotl	Ambystoma mexicanum	Control_Juv	Stereo-seq cellbin	role_only	11698	17	5000	0	1000	role_only			exp	model_weighted_spatial_ccc_score	coordinate_permutation	1000	1000	1000	1.2923807963864572e-05	1.2923807963864572e-05	1.2495024976351275e-05	8.853172102085589e-08	4.843269537393126	0.0019980019980019	4.843269537393126	0.0019980019980019
artista_axolotl	artista_axolotl	Ambystoma mexicanum	Control_Juv	Stereo-seq cellbin	role_only	11698	17	5000	0	1000	role_only			exp	model_weighted_spatial_ccc_score	celltype_permutation	1000	1000	1000	1.2923807963864572e-05	1.2923807963864572e-05	1.4586636969717884e-05	3.729751665643112e-06	-0.4458283432568943	0.6303696303696303	-0.4458283432568943	0.6303696303696303
artista_axolotl	artista_axolotl	Ambystoma mexicanum	Control_Juv	Stereo-seq cellbin	role_only	11698	17	5000	0	1000	role_only			exp	model_weighted_spatial_ccc_score	matched_random_lr	1000	1000	1000	1.2923807963864572e-05	1.2923807963864572e-05	1.0750330748305245e-05	5.465690461156145e-07	3.976583070347489	0.0009990009990009	3.976583070347489	0.0009990009990009
artista_axolotl	artista_axolotl	Ambystoma mexicanum	Control_Juv	Stereo-seq cellbin	role_only	11698	17	5000	0	1000	role_only			exp	model_weighted_spatial_ccc_score	score_permutation	1000	1000	1000	1.2923807963864572e-05	1.2923807963864572e-05	7.12565215674044e-06	2.952300981574201e-07	19.63944680204148	0.0009990009990009	19.63944680204148	0.0009990009990009
artista_axolotl	artista_axolotl	Ambystoma mexicanum	Control_Juv	Stereo-seq cellbin	role_only	11698	17	5000	0	1000	role_only			exp	model_weighted_spatial_ccc_score	pooled	5000	5000	4021	6.600123504065072e-06	6.600123504065072e-06	6.462257520971597e-06	1.2104540446251233e-06	0.1138960902362651	0.1667083229192701	0.1138960902362651	0.1667083229192701
artista_axolotl	artista_axolotl	Ambystoma mexicanum	Control_Juv	Stereo-seq cellbin	role_only	11698	17	5000	0	1000	role_only			exp	model_weighted_spatial_ccc_score	coordinate_permutation	5000	5000	4021	6.600123504065072e-06	6.600123504065072e-06	6.393531053279875e-06	4.5258061305862185e-08	4.564765807996237	0.0019980019980019	4.564765807996237	0.0019980019980019
artista_axolotl	artista_axolotl	Ambystoma mexicanum	Control_Juv	Stereo-seq cellbin	role_only	11698	17	5000	0	1000	role_only			exp	model_weighted_spatial_ccc_score	celltype_permutation	5000	5000	4021	6.600123504065072e-06	6.600123504065072e-06	7.636491416280038e-06	1.9447707460109483e-06	-0.5328997848927598	0.6653346653346653	-0.5328997848927598	0.6653346653346653
artista_axolotl	artista_axolotl	Ambystoma mexicanum	Control_Juv	Stereo-seq cellbin	role_only	11698	17	5000	0	1000	role_only			exp	model_weighted_spatial_ccc_score	matched_random_lr	5000	5000	4021	6.600123504065072e-06	6.600123504065072e-06	5.76491793604126e-06	1.659754239263673e-07	5.032103839628325	0.0009990009990009	5.032103839628325	0.0009990009990009
artista_axolotl	artista_axolotl	Ambystoma mexicanum	Control_Juv	Stereo-seq cellbin	role_only	11698	17	5000	0	1000	role_only			exp	model_weighted_spatial_ccc_score	score_permutation	5000	5000	4021	6.600123504065072e-06	6.600123504065072e-06	6.054089678285215e-06	1.224584104340878e-07	4.458932823350301	0.0009990009990009	4.458932823350301	0.0009990009990009
artista_axolotl	artista_axolotl	Ambystoma mexicanum	Control_Juv	Stereo-seq cellbin	embedding_cosine	11698	17	5000	0	1000	embedding_cosine			contact	spatial_ccc_score	pooled	100	100	100	1.327065995489472e-05	1.327065995489472e-05	1.4408906991094192e-05	3.199488541394958e-06	-0.3557590600725209	0.7628092976755811	-0.3557590600725209	0.7628092976755811
artista_axolotl	artista_axolotl	Ambystoma mexicanum	Control_Juv	Stereo-seq cellbin	embedding_cosine	11698	17	5000	0	1000	embedding_cosine			contact	spatial_ccc_score	coordinate_permutation	100	100	100	1.327065995489472e-05	1.327065995489472e-05	1.333115129844776e-05	1.16981059004685e-07	-0.5171037436976557	0.6893106893106893	-0.5171037436976557	0.6893106893106893
artista_axolotl	artista_axolotl	Ambystoma mexicanum	Control_Juv	Stereo-seq cellbin	embedding_cosine	11698	17	5000	0	1000	embedding_cosine			contact	spatial_ccc_score	celltype_permutation	100	100	100	1.327065995489472e-05	1.327065995489472e-05	1.4960761214760698e-05	4.185696967038611e-06	-0.4037801286560236	0.6063936063936064	-0.4037801286560236	0.6063936063936064
artista_axolotl	artista_axolotl	Ambystoma mexicanum	Control_Juv	Stereo-seq cellbin	embedding_cosine	11698	17	5000	0	1000	embedding_cosine			contact	spatial_ccc_score	matched_random_lr	100	100	100	1.327065995489472e-05	1.327065995489472e-05	1.607305549627359e-05	4.23169839972063e-06	-0.6622389586091199	0.7562437562437563	-0.6622389586091199	0.7562437562437563
artista_axolotl	artista_axolotl	Ambystoma mexicanum	Control_Juv	Stereo-seq cellbin	embedding_cosine	11698	17	5000	0	1000	embedding_cosine			contact	spatial_ccc_score	score_permutation	100	100	100	1.327065995489472e-05	1.327065995489472e-05	1.3270659954894723e-05	3.3898271265208486e-21	-0.999499874937461	1.0	-0.999499874937461	1.0
artista_axolotl	artista_axolotl	Ambystoma mexicanum	Control_Juv	Stereo-seq cellbin	embedding_cosine	11698	17	5000	0	1000	embedding_cosine			contact	spatial_ccc_score	pooled	500	500	500	1.5787317120117763e-05	1.5787317120117763e-05	1.641463119968579e-05	3.0410879556498767e-06	-0.2062794923121421	0.6530867283179205	-0.2062794923121421	0.6530867283179205
artista_axolotl	artista_axolotl	Ambystoma mexicanum	Control_Juv	Stereo-seq cellbin	embedding_cosine	11698	17	5000	0	1000	embedding_cosine			contact	spatial_ccc_score	coordinate_permutation	500	500	500	1.5787317120117763e-05	1.5787317120117763e-05	1.5843947708092914e-05	1.3258693504462246e-07	-0.4271204244678579	0.6233766233766234	-0.4271204244678579	0.6233766233766234
artista_axolotl	artista_axolotl	Ambystoma mexicanum	Control_Juv	Stereo-seq cellbin	embedding_cosine	11698	17	5000	0	1000	embedding_cosine			contact	spatial_ccc_score	celltype_permutation	500	500	500	1.5787317120117763e-05	1.5787317120117763e-05	1.900776593713748e-05	5.05011756119554e-06	-0.6376977917831526	0.7172827172827173	-0.6376977917831526	0.7172827172827173
artista_axolotl	artista_axolotl	Ambystoma mexicanum	Control_Juv	Stereo-seq cellbin	embedding_cosine	11698	17	5000	0	1000	embedding_cosine			contact	spatial_ccc_score	matched_random_lr	500	500	500	1.5787317120117763e-05	1.5787317120117763e-05	1.5019494033395014e-05	1.4491418564974851e-06	0.5298467387992954	0.2727272727272727	0.5298467387992954	0.2727272727272727
artista_axolotl	artista_axolotl	Ambystoma mexicanum	Control_Juv	Stereo-seq cellbin	embedding_cosine	11698	17	5000	0	1000	embedding_cosine			contact	spatial_ccc_score	score_permutation	500	500	500	1.5787317120117763e-05	1.5787317120117763e-05	1.578731712011776e-05	3.3898271265208486e-21	0.999499874937461	1.0	0.999499874937461	1.0
artista_axolotl	artista_axolotl	Ambystoma mexicanum	Control_Juv	Stereo-seq cellbin	embedding_cosine	11698	17	5000	0	1000	embedding_cosine			contact	spatial_ccc_score	pooled	1000	1000	1000	1.4721621655398975e-05	1.4721621655398975e-05	1.511241339078546e-05	2.7136396880114965e-06	-0.144010178327267	0.5966008497875531	-0.144010178327267	0.5966008497875531
artista_axolotl	artista_axolotl	Ambystoma mexicanum	Control_Juv	Stereo-seq cellbin	embedding_cosine	11698	17	5000	0	1000	embedding_cosine			contact	spatial_ccc_score	coordinate_permutation	1000	1000	1000	1.4721621655398975e-05	1.4721621655398975e-05	1.4769632138757188e-05	1.2167741485778656e-07	-0.3945718555438212	0.6063936063936064	-0.3945718555438212	0.6063936063936064
artista_axolotl	artista_axolotl	Ambystoma mexicanum	Control_Juv	Stereo-seq cellbin	embedding_cosine	11698	17	5000	0	1000	embedding_cosine			contact	spatial_ccc_score	celltype_permutation	1000	1000	1000	1.4721621655398975e-05	1.4721621655398975e-05	1.7353497197858475e-05	4.605277824802009e-06	-0.5714911548409458	0.6843156843156843	-0.5714911548409458	0.6843156843156843
artista_axolotl	artista_axolotl	Ambystoma mexicanum	Control_Juv	Stereo-seq cellbin	embedding_cosine	11698	17	5000	0	1000	embedding_cosine			contact	spatial_ccc_score	matched_random_lr	1000	1000	1000	1.4721621655398975e-05	1.4721621655398975e-05	1.360490257112721e-05	8.253788940869928e-07	1.3529775140507374	0.0969030969030969	1.3529775140507374	0.0969030969030969
artista_axolotl	artista_axolotl	Ambystoma mexicanum	Control_Juv	Stereo-seq cellbin	embedding_cosine	11698	17	5000	0	1000	embedding_cosine			contact	spatial_ccc_score	score_permutation	1000	1000	1000	1.4721621655398975e-05	1.4721621655398975e-05	1.4721621655398969e-05	6.779654253041699e-21	0.999499874937461	1.0	0.999499874937461	1.0
artista_axolotl	artista_axolotl	Ambystoma mexicanum	Control_Juv	Stereo-seq cellbin	embedding_cosine	11698	17	5000	0	1000	embedding_cosine			contact	spatial_ccc_score	pooled	5000	5000	4021	1.6440029424569943e-05	1.6440029424569943e-05	1.6932942406887973e-05	3.160632047347553e-06	-0.155953927864425	0.5773556610847288	-0.155953927864425	0.5773556610847288
artista_axolotl	artista_axolotl	Ambystoma mexicanum	Control_Juv	Stereo-seq cellbin	embedding_cosine	11698	17	5000	0	1000	embedding_cosine			contact	spatial_ccc_score	coordinate_permutation	5000	5000	4021	1.6440029424569943e-05	1.6440029424569943e-05	1.648911077946821e-05	1.3494416501644245e-07	-0.3637160220472448	0.5834165834165834	-0.3637160220472448	0.5834165834165834
artista_axolotl	artista_axolotl	Ambystoma mexicanum	Control_Juv	Stereo-seq cellbin	embedding_cosine	11698	17	5000	0	1000	embedding_cosine			contact	spatial_ccc_score	celltype_permutation	5000	5000	4021	1.6440029424569943e-05	1.6440029424569943e-05	1.98178406089924e-05	5.218443906359924e-06	-0.6472832217868214	0.7252747252747253	-0.6472832217868214	0.7252747252747253
artista_axolotl	artista_axolotl	Ambystoma mexicanum	Control_Juv	Stereo-seq cellbin	embedding_cosine	11698	17	5000	0	1000	embedding_cosine			contact	spatial_ccc_score	matched_random_lr	5000	5000	4021	1.6440029424569943e-05	1.6440029424569943e-05	1.498478881452134e-05	4.0933063549451917e-07	3.555171501616301	0.0019980019980019	3.555171501616301	0.0019980019980019
artista_axolotl	artista_axolotl	Ambystoma mexicanum	Control_Juv	Stereo-seq cellbin	embedding_cosine	11698	17	5000	0	1000	embedding_cosine			contact	spatial_ccc_score	score_permutation	5000	5000	4021	1.6440029424569943e-05	1.6440029424569943e-05	1.6440029424569936e-05	6.779654253041699e-21	0.999499874937461	1.0	0.999499874937461	1.0
artista_axolotl	artista_axolotl	Ambystoma mexicanum	Control_Juv	Stereo-seq cellbin	embedding_cosine	11698	17	5000	0	1000	embedding_cosine			contact	model_weighted_spatial_ccc_score	pooled	100	100	100	8.178492729275184e-06	8.178492729275184e-06	8.481198050535863e-06	2.197932586056876e-06	-0.1377227505433809	0.5106223444138965	-0.1377227505433809	0.5106223444138965
artista_axolotl	artista_axolotl	Ambystoma mexicanum	Control_Juv	Stereo-seq cellbin	embedding_cosine	11698	17	5000	0	1000	embedding_cosine			contact	model_weighted_spatial_ccc_score	coordinate_permutation	100	100	100	8.178492729275184e-06	8.178492729275184e-06	8.215822837067901e-06	7.192916147754284e-08	-0.5189843316103776	0.6903096903096904	-0.5189843316103776	0.6903096903096904
artista_axolotl	artista_axolotl	Ambystoma mexicanum	Control_Juv	Stereo-seq cellbin	embedding_cosine	11698	17	5000	0	1000	embedding_cosine			contact	model_weighted_spatial_ccc_score	celltype_permutation	100	100	100	8.178492729275184e-06	8.178492729275184e-06	9.19282287090455e-06	2.5720791769759333e-06	-0.39436194294063	0.5984015984015985	-0.39436194294063	0.5984015984015985
artista_axolotl	artista_axolotl	Ambystoma mexicanum	Control_Juv	Stereo-seq cellbin	embedding_cosine	11698	17	5000	0	1000	embedding_cosine			contact	model_weighted_spatial_ccc_score	matched_random_lr	100	100	100	8.178492729275184e-06	8.178492729275184e-06	9.888270592174238e-06	2.5876886027615107e-06	-0.6607355541445078	0.7542457542457542	-0.6607355541445078	0.7542457542457542
artista_axolotl	artista_axolotl	Ambystoma mexicanum	Control_Juv	Stereo-seq cellbin	embedding_cosine	11698	17	5000	0	1000	embedding_cosine			contact	model_weighted_spatial_ccc_score	score_permutation	100	100	100	8.178492729275184e-06	8.178492729275184e-06	6.627875901996759e-06	1.5411988755266972e-07	10.061107958883692	0.0009990009990009	10.061107958883692	0.0009990009990009
artista_axolotl	artista_axolotl	Ambystoma mexicanum	Control_Juv	Stereo-seq cellbin	embedding_cosine	11698	17	5000	0	1000	embedding_cosine			contact	model_weighted_spatial_ccc_score	pooled	500	500	500	9.120611899480669e-06	9.120611899480669e-06	9.187317582556172e-06	1.8929176439649216e-06	-0.0352396118701616	0.4063984003999	-0.0352396118701616	0.4063984003999
artista_axolotl	artista_axolotl	Ambystoma mexicanum	Control_Juv	Stereo-seq cellbin	embedding_cosine	11698	17	5000	0	1000	embedding_cosine			contact	model_weighted_spatial_ccc_score	coordinate_permutation	500	500	500	9.120611899480669e-06	9.120611899480669e-06	9.153514717938734e-06	7.66221287427549e-08	-0.429416658058804	0.6233766233766234	-0.429416658058804	0.6233766233766234
artista_axolotl	artista_axolotl	Ambystoma mexicanum	Control_Juv	Stereo-seq cellbin	embedding_cosine	11698	17	5000	0	1000	embedding_cosine			contact	model_weighted_spatial_ccc_score	celltype_permutation	500	500	500	9.120611899480669e-06	9.120611899480669e-06	1.0975216581562124e-05	2.9165084021976413e-06	-0.6358989676436306	0.7162837162837162	-0.6358989676436306	0.7162837162837162
artista_axolotl	artista_axolotl	Ambystoma mexicanum	Control_Juv	Stereo-seq cellbin	embedding_cosine	11698	17	5000	0	1000	embedding_cosine			contact	model_weighted_spatial_ccc_score	matched_random_lr	500	500	500	9.120611899480669e-06	9.120611899480669e-06	8.734766536473467e-06	8.485221299802854e-07	0.4547263405094294	0.2867132867132867	0.4547263405094294	0.2867132867132867
artista_axolotl	artista_axolotl	Ambystoma mexicanum	Control_Juv	Stereo-seq cellbin	embedding_cosine	11698	17	5000	0	1000	embedding_cosine			contact	model_weighted_spatial_ccc_score	score_permutation	500	500	500	9.120611899480669e-06	9.120611899480669e-06	7.885772494250369e-06	9.888277743022685e-08	12.487911821668048	0.0009990009990009	12.487911821668048	0.0009990009990009
artista_axolotl	artista_axolotl	Ambystoma mexicanum	Control_Juv	Stereo-seq cellbin	embedding_cosine	11698	17	5000	0	1000	embedding_cosine			contact	model_weighted_spatial_ccc_score	pooled	1000	1000	1000	8.252305162732752e-06	8.252305162732752e-06	8.257748604106568e-06	1.6003704360084569e-06	-0.0034013633664671	0.3511622094476381	-0.0034013633664671	0.3511622094476381
artista_axolotl	artista_axolotl	Ambystoma mexicanum	Control_Juv	Stereo-seq cellbin	embedding_cosine	11698	17	5000	0	1000	embedding_cosine			contact	model_weighted_spatial_ccc_score	coordinate_permutation	1000	1000	1000	8.252305162732752e-06	8.252305162732752e-06	8.279413274099441e-06	6.826269692082318e-08	-0.3971145675379884	0.6073926073926074	-0.3971145675379884	0.6073926073926074
artista_axolotl	artista_axolotl	Ambystoma mexicanum	Control_Juv	Stereo-seq cellbin	embedding_cosine	11698	17	5000	0	1000	embedding_cosine			contact	model_weighted_spatial_ccc_score	celltype_permutation	1000	1000	1000	8.252305162732752e-06	8.252305162732752e-06	9.73244944958817e-06	2.583018655093769e-06	-0.5730288799643557	0.6873126873126874	-0.5730288799643557	0.6873126873126874
artista_axolotl	artista_axolotl	Ambystoma mexicanum	Control_Juv	Stereo-seq cellbin	embedding_cosine	11698	17	5000	0	1000	embedding_cosine			contact	model_weighted_spatial_ccc_score	matched_random_lr	1000	1000	1000	8.252305162732752e-06	8.252305162732752e-06	7.665469441186497e-06	4.7477740393867166e-07	1.2360228534002806	0.1108891108891109	1.2360228534002806	0.1108891108891109
artista_axolotl	artista_axolotl	Ambystoma mexicanum	Control_Juv	Stereo-seq cellbin	embedding_cosine	11698	17	5000	0	1000	embedding_cosine			contact	model_weighted_spatial_ccc_score	score_permutation	1000	1000	1000	8.252305162732752e-06	8.252305162732752e-06	7.353662251552159e-06	6.040876839930139e-08	14.876034307479523	0.0009990009990009	14.876034307479523	0.0009990009990009
artista_axolotl	artista_axolotl	Ambystoma mexicanum	Control_Juv	Stereo-seq cellbin	embedding_cosine	11698	17	5000	0	1000	embedding_cosine			contact	model_weighted_spatial_ccc_score	pooled	5000	5000	4021	8.130749128934057e-06	8.130749128934057e-06	8.40077503324573e-06	1.5553784895734593e-06	-0.1736078427995522	0.5771057235691077	-0.1736078427995522	0.5771057235691077
artista_axolotl	artista_axolotl	Ambystoma mexicanum	Control_Juv	Stereo-seq cellbin	embedding_cosine	11698	17	5000	0	1000	embedding_cosine			contact	model_weighted_spatial_ccc_score	coordinate_permutation	5000	5000	4021	8.130749128934057e-06	8.130749128934057e-06	8.155260811390948e-06	6.677549383980965e-08	-0.3670760191709473	0.5854145854145855	-0.3670760191709473	0.5854145854145855
artista_axolotl	artista_axolotl	Ambystoma mexicanum	Control_Juv	Stereo-seq cellbin	embedding_cosine	11698	17	5000	0	1000	embedding_cosine			contact	model_weighted_spatial_ccc_score	celltype_permutation	5000	5000	4021	8.130749128934057e-06	8.130749128934057e-06	9.798145658006256e-06	2.5802023839323213e-06	-0.6462270322109489	0.7252747252747253	-0.6462270322109489	0.7252747252747253
artista_axolotl	artista_axolotl	Ambystoma mexicanum	Control_Juv	Stereo-seq cellbin	embedding_cosine	11698	17	5000	0	1000	embedding_cosine			contact	model_weighted_spatial_ccc_score	matched_random_lr	5000	5000	4021	8.130749128934057e-06	8.130749128934057e-06	7.43812992857157e-06	2.0708902912274506e-07	3.34454801056583	0.0019980019980019	3.34454801056583	0.0019980019980019
artista_axolotl	artista_axolotl	Ambystoma mexicanum	Control_Juv	Stereo-seq cellbin	embedding_cosine	11698	17	5000	0	1000	embedding_cosine			contact	model_weighted_spatial_ccc_score	score_permutation	5000	5000	4021	8.130749128934057e-06	8.130749128934057e-06	8.211563735014141e-06	2.9964721019479645e-08	-2.6969917733439925	0.997002997002997	-2.6969917733439925	0.997002997002997
artista_axolotl	artista_axolotl	Ambystoma mexicanum	Control_Juv	Stereo-seq cellbin	embedding_cosine	11698	17	5000	0	1000	embedding_cosine			exp	spatial_ccc_score	pooled	100	100	100	1.4308983246819212e-05	1.4308983246819212e-05	1.5299857874640497e-05	3.3895031988928675e-06	-0.2923362421209514	0.5773556610847288	-0.2923362421209514	0.5773556610847288
artista_axolotl	artista_axolotl	Ambystoma mexicanum	Control_Juv	Stereo-seq cellbin	embedding_cosine	11698	17	5000	0	1000	embedding_cosine			exp	spatial_ccc_score	coordinate_permutation	100	100	100	1.4308983246819212e-05	1.4308983246819212e-05	1.3925620863144538e-05	1.0506390874370422e-07	3.6488494313481055	0.0079920079920079	3.6488494313481055	0.0079920079920079
artista_axolotl	artista_axolotl	Ambystoma mexicanum	Control_Juv	Stereo-seq cellbin	embedding_cosine	11698	17	5000	0	1000	embedding_cosine			exp	spatial_ccc_score	celltype_permutation	100	100	100	1.4308983246819212e-05	1.4308983246819212e-05	1.5554460528247634e-05	4.20445131549812e-06	-0.2962282561906332	0.5384615384615384	-0.2962282561906332	0.5384615384615384
artista_axolotl	artista_axolotl	Ambystoma mexicanum	Control_Juv	Stereo-seq cellbin	embedding_cosine	11698	17	5000	0	1000	embedding_cosine			exp	spatial_ccc_score	matched_random_lr	100	100	100	1.4308983246819212e-05	1.4308983246819212e-05	1.7410366860350605e-05	4.57210583201948e-06	-0.6783271707780054	0.7642357642357642	-0.6783271707780054	0.7642357642357642
artista_axolotl	artista_axolotl	Ambystoma mexicanum	Control_Juv	Stereo-seq cellbin	embedding_cosine	11698	17	5000	0	1000	embedding_cosine			exp	spatial_ccc_score	score_permutation	100	100	100	1.4308983246819212e-05	1.4308983246819212e-05	1.4308983246819212e-05	0.0	0.0	1.0	0.0	1.0
artista_axolotl	artista_axolotl	Ambystoma mexicanum	Control_Juv	Stereo-seq cellbin	embedding_cosine	11698	17	5000	0	1000	embedding_cosine			exp	spatial_ccc_score	pooled	500	500	500	1.7071469071129137e-05	1.7071469071129137e-05	1.7423600725371254e-05	2.990824380993763e-06	-0.1177373223516099	0.485378655336166	-0.1177373223516099	0.485378655336166
artista_axolotl	artista_axolotl	Ambystoma mexicanum	Control_Juv	Stereo-seq cellbin	embedding_cosine	11698	17	5000	0	1000	embedding_cosine			exp	spatial_ccc_score	coordinate_permutation	500	500	500	1.7071469071129137e-05	1.7071469071129137e-05	1.659187712265801e-05	1.1915861782454261e-07	4.024819666650636	0.0029970029970029	4.024819666650636	0.0029970029970029
artista_axolotl	artista_axolotl	Ambystoma mexicanum	Control_Juv	Stereo-seq cellbin	embedding_cosine	11698	17	5000	0	1000	embedding_cosine			exp	spatial_ccc_score	celltype_permutation	500	500	500	1.7071469071129137e-05	1.7071469071129137e-05	1.976194490261573e-05	5.071528478008697e-06	-0.5305059102306359	0.6633366633366633	-0.5305059102306359	0.6633366633366633
artista_axolotl	artista_axolotl	Ambystoma mexicanum	Control_Juv	Stereo-seq cellbin	embedding_cosine	11698	17	5000	0	1000	embedding_cosine			exp	spatial_ccc_score	matched_random_lr	500	500	500	1.7071469071129137e-05	1.7071469071129137e-05	1.626911180508213e-05	1.5647047296762782e-06	0.5127850966571869	0.2767232767232767	0.5127850966571869	0.2767232767232767
artista_axolotl	artista_axolotl	Ambystoma mexicanum	Control_Juv	Stereo-seq cellbin	embedding_cosine	11698	17	5000	0	1000	embedding_cosine			exp	spatial_ccc_score	score_permutation	500	500	500	1.7071469071129137e-05	1.7071469071129137e-05	1.707146907112914e-05	3.3898271265208486e-21	-0.999499874937461	1.0	-0.999499874937461	1.0
artista_axolotl	artista_axolotl	Ambystoma mexicanum	Control_Juv	Stereo-seq cellbin	embedding_cosine	11698	17	5000	0	1000	embedding_cosine			exp	spatial_ccc_score	pooled	1000	1000	1000	1.5913804873115962e-05	1.5913804873115962e-05	1.603741720513322e-05	2.65651117133686e-06	-0.0465318321831299	0.4313921519620095	-0.0465318321831299	0.4313921519620095
artista_axolotl	artista_axolotl	Ambystoma mexicanum	Control_Juv	Stereo-seq cellbin	embedding_cosine	11698	17	5000	0	1000	embedding_cosine			exp	spatial_ccc_score	coordinate_permutation	1000	1000	1000	1.5913804873115962e-05	1.5913804873115962e-05	1.5454716009246757e-05	1.099780486736822e-07	4.174368152606307	0.0029970029970029	4.174368152606307	0.0029970029970029
artista_axolotl	artista_axolotl	Ambystoma mexicanum	Control_Juv	Stereo-seq cellbin	embedding_cosine	11698	17	5000	0	1000	embedding_cosine			exp	spatial_ccc_score	celltype_permutation	1000	1000	1000	1.5913804873115962e-05	1.5913804873115962e-05	1.8041870620779197e-05	4.6237834729657885e-06	-0.4602433829580361	0.6263736263736264	-0.4602433829580361	0.6263736263736264
artista_axolotl	artista_axolotl	Ambystoma mexicanum	Control_Juv	Stereo-seq cellbin	embedding_cosine	11698	17	5000	0	1000	embedding_cosine			exp	spatial_ccc_score	matched_random_lr	1000	1000	1000	1.5913804873115962e-05	1.5913804873115962e-05	1.4739277317390958e-05	8.910918828315092e-07	1.3180768205326452	0.0979020979020979	1.3180768205326452	0.0979020979020979
artista_axolotl	artista_axolotl	Ambystoma mexicanum	Control_Juv	Stereo-seq cellbin	embedding_cosine	11698	17	5000	0	1000	embedding_cosine			exp	spatial_ccc_score	score_permutation	1000	1000	1000	1.5913804873115962e-05	1.5913804873115962e-05	1.5913804873115962e-05	3.3898271265208486e-21	0.0	1.0	0.0	1.0
artista_axolotl	artista_axolotl	Ambystoma mexicanum	Control_Juv	Stereo-seq cellbin	embedding_cosine	11698	17	5000	0	1000	embedding_cosine			exp	spatial_ccc_score	pooled	5000	5000	4021	1.781063841115305e-05	1.781063841115305e-05	1.798209016973618e-05	3.084275323336823e-06	-0.0555889927484293	0.416895776055986	-0.0555889927484293	0.416895776055986
artista_axolotl	artista_axolotl	Ambystoma mexicanum	Control_Juv	Stereo-seq cellbin	embedding_cosine	11698	17	5000	0	1000	embedding_cosine			exp	spatial_ccc_score	coordinate_permutation	5000	5000	4021	1.781063841115305e-05	1.781063841115305e-05	1.726751889741662e-05	1.2226289567937776e-07	4.44222681557213	0.0029970029970029	4.44222681557213	0.0029970029970029
artista_axolotl	artista_axolotl	Ambystoma mexicanum	Control_Juv	Stereo-seq cellbin	embedding_cosine	11698	17	5000	0	1000	embedding_cosine			exp	spatial_ccc_score	celltype_permutation	5000	5000	4021	1.781063841115305e-05	1.781063841115305e-05	2.0604085278257866e-05	5.237346966509692e-06	-0.5333705948770545	0.6643356643356644	-0.5333705948770545	0.6643356643356644
artista_axolotl	artista_axolotl	Ambystoma mexicanum	Control_Juv	Stereo-seq cellbin	embedding_cosine	11698	17	5000	0	1000	embedding_cosine			exp	spatial_ccc_score	matched_random_lr	5000	5000	4021	1.781063841115305e-05	1.781063841115305e-05	1.6246118092117208e-05	4.426379228031614e-07	3.5345374592578165	0.0019980019980019	3.5345374592578165	0.0019980019980019
artista_axolotl	artista_axolotl	Ambystoma mexicanum	Control_Juv	Stereo-seq cellbin	embedding_cosine	11698	17	5000	0	1000	embedding_cosine			exp	spatial_ccc_score	score_permutation	5000	5000	4021	1.781063841115305e-05	1.781063841115305e-05	1.7810638411153044e-05	6.779654253041699e-21	0.999499874937461	1.0	0.999499874937461	1.0
artista_axolotl	artista_axolotl	Ambystoma mexicanum	Control_Juv	Stereo-seq cellbin	embedding_cosine	11698	17	5000	0	1000	embedding_cosine			exp	model_weighted_spatial_ccc_score	pooled	100	100	100	8.818076886208586e-06	8.818076886208586e-06	8.99904852651232e-06	2.310902826580515e-06	-0.0783120943997118	0.3266683329167708	-0.0783120943997118	0.3266683329167708
artista_axolotl	artista_axolotl	Ambystoma mexicanum	Control_Juv	Stereo-seq cellbin	embedding_cosine	11698	17	5000	0	1000	embedding_cosine			exp	model_weighted_spatial_ccc_score	coordinate_permutation	100	100	100	8.818076886208586e-06	8.818076886208586e-06	8.58132896808299e-06	6.46628056026687e-08	3.661268884315543	0.0079920079920079	3.661268884315543	0.0079920079920079
artista_axolotl	artista_axolotl	Ambystoma mexicanum	Control_Juv	Stereo-seq cellbin	embedding_cosine	11698	17	5000	0	1000	embedding_cosine			exp	model_weighted_spatial_ccc_score	celltype_permutation	100	100	100	8.818076886208586e-06	8.818076886208586e-06	9.557618179612294e-06	2.583603166117874e-06	-0.286244150457109	0.5354645354645354	-0.286244150457109	0.5354645354645354
artista_axolotl	artista_axolotl	Ambystoma mexicanum	Control_Juv	Stereo-seq cellbin	embedding_cosine	11698	17	5000	0	1000	embedding_cosine			exp	model_weighted_spatial_ccc_score	matched_random_lr	100	100	100	8.818076886208586e-06	8.818076886208586e-06	1.0710716114618157e-05	2.795607386206102e-06	-0.6770046601493843	0.7642357642357642	-0.6770046601493843	0.7642357642357642
artista_axolotl	artista_axolotl	Ambystoma mexicanum	Control_Juv	Stereo-seq cellbin	embedding_cosine	11698	17	5000	0	1000	embedding_cosine			exp	model_weighted_spatial_ccc_score	score_permutation	100	100	100	8.818076886208586e-06	8.818076886208586e-06	7.146530843735843e-06	1.6596606721254674e-07	10.0716132553292	0.0009990009990009	10.0716132553292	0.0009990009990009
artista_axolotl	artista_axolotl	Ambystoma mexicanum	Control_Juv	Stereo-seq cellbin	embedding_cosine	11698	17	5000	0	1000	embedding_cosine			exp	model_weighted_spatial_ccc_score	pooled	500	500	500	9.862134982390374e-06	9.862134982390374e-06	9.746166170577872e-06	1.8568437345262584e-06	0.0624548041691237	0.2384403899025243	0.0624548041691237	0.2384403899025243
artista_axolotl	artista_axolotl	Ambystoma mexicanum	Control_Juv	Stereo-seq cellbin	embedding_cosine	11698	17	5000	0	1000	embedding_cosine			exp	model_weighted_spatial_ccc_score	coordinate_permutation	500	500	500	9.862134982390374e-06	9.862134982390374e-06	9.58539250843226e-06	6.886957768243808e-08	4.018355902139998	0.0029970029970029	4.018355902139998	0.0029970029970029
artista_axolotl	artista_axolotl	Ambystoma mexicanum	Control_Juv	Stereo-seq cellbin	embedding_cosine	11698	17	5000	0	1000	embedding_cosine			exp	model_weighted_spatial_ccc_score	celltype_permutation	500	500	500	9.862134982390374e-06	9.862134982390374e-06	1.1410682997875574e-05	2.928885385829537e-06	-0.5287158121575356	0.6613386613386614	-0.5287158121575356	0.6613386613386614
artista_axolotl	artista_axolotl	Ambystoma mexicanum	Control_Juv	Stereo-seq cellbin	embedding_cosine	11698	17	5000	0	1000	embedding_cosine			exp	model_weighted_spatial_ccc_score	matched_random_lr	500	500	500	9.862134982390374e-06	9.862134982390374e-06	9.46138219190226e-06	9.161902682564712e-07	0.4374121886829851	0.2907092907092907	0.4374121886829851	0.2907092907092907
artista_axolotl	artista_axolotl	Ambystoma mexicanum	Control_Juv	Stereo-seq cellbin	embedding_cosine	11698	17	5000	0	1000	embedding_cosine			exp	model_weighted_spatial_ccc_score	score_permutation	500	500	500	9.862134982390374e-06	9.862134982390374e-06	8.527206984101393e-06	1.0731123318280875e-07	12.43977875098016	0.0009990009990009	12.43977875098016	0.0009990009990009
artista_axolotl	artista_axolotl	Ambystoma mexicanum	Control_Juv	Stereo-seq cellbin	embedding_cosine	11698	17	5000	0	1000	embedding_cosine			exp	model_weighted_spatial_ccc_score	pooled	1000	1000	1000	8.920457502135019e-06	8.920457502135019e-06	8.758945302945631e-06	1.5581981243800937e-06	0.1036531854725742	0.1867033241689577	0.1036531854725742	0.1867033241689577
artista_axolotl	artista_axolotl	Ambystoma mexicanum	Control_Juv	Stereo-seq cellbin	embedding_cosine	11698	17	5000	0	1000	embedding_cosine			exp	model_weighted_spatial_ccc_score	coordinate_permutation	1000	1000	1000	8.920457502135019e-06	8.920457502135019e-06	8.663588570181255e-06	6.169036224111806e-08	4.163842172781965	0.0029970029970029	4.163842172781965	0.0029970029970029
artista_axolotl	artista_axolotl	Ambystoma mexicanum	Control_Juv	Stereo-seq cellbin	embedding_cosine	11698	17	5000	0	1000	embedding_cosine			exp	model_weighted_spatial_ccc_score	celltype_permutation	1000	1000	1000	8.920457502135019e-06	8.920457502135019e-06	1.0118516594563348e-05	2.593425986547911e-06	-0.4619600091318034	0.6263736263736264	-0.4619600091318034	0.6263736263736264
artista_axolotl	artista_axolotl	Ambystoma mexicanum	Control_Juv	Stereo-seq cellbin	embedding_cosine	11698	17	5000	0	1000	embedding_cosine			exp	model_weighted_spatial_ccc_score	matched_random_lr	1000	1000	1000	8.920457502135019e-06	8.920457502135019e-06	8.304506679974802e-06	5.125982187677067e-07	1.201624975679726	0.1188811188811188	1.201624975679726	0.1188811188811188
artista_axolotl	artista_axolotl	Ambystoma mexicanum	Control_Juv	Stereo-seq cellbin	embedding_cosine	11698	17	5000	0	1000	embedding_cosine			exp	model_weighted_spatial_ccc_score	score_permutation	1000	1000	1000	8.920457502135019e-06	8.920457502135019e-06	7.949169367063126e-06	6.553471933042744e-08	14.820970395472932	0.0009990009990009	14.820970395472932	0.0009990009990009
artista_axolotl	artista_axolotl	Ambystoma mexicanum	Control_Juv	Stereo-seq cellbin	embedding_cosine	11698	17	5000	0	1000	embedding_cosine			exp	model_weighted_spatial_ccc_score	pooled	5000	5000	4021	8.807417491525385e-06	8.807417491525385e-06	8.92173721341282e-06	1.5198116008448169e-06	-0.0752196665849159	0.4163959010247438	-0.0752196665849159	0.4163959010247438
artista_axolotl	artista_axolotl	Ambystoma mexicanum	Control_Juv	Stereo-seq cellbin	embedding_cosine	11698	17	5000	0	1000	embedding_cosine			exp	model_weighted_spatial_ccc_score	coordinate_permutation	5000	5000	4021	8.807417491525385e-06	8.807417491525385e-06	8.540181432496601e-06	6.048228643416475e-08	4.418418594668569	0.0029970029970029	4.418418594668569	0.0029970029970029
artista_axolotl	artista_axolotl	Ambystoma mexicanum	Control_Juv	Stereo-seq cellbin	embedding_cosine	11698	17	5000	0	1000	embedding_cosine			exp	model_weighted_spatial_ccc_score	celltype_permutation	5000	5000	4021	8.807417491525385e-06	8.807417491525385e-06	1.0186875181015697e-05	2.589592400947666e-06	-0.5326929786268666	0.6643356643356644	-0.5326929786268666	0.6643356643356644
artista_axolotl	artista_axolotl	Ambystoma mexicanum	Control_Juv	Stereo-seq cellbin	embedding_cosine	11698	17	5000	0	1000	embedding_cosine			exp	model_weighted_spatial_ccc_score	matched_random_lr	5000	5000	4021	8.807417491525385e-06	8.807417491525385e-06	8.063752450187397e-06	2.2384243055518406e-07	3.322270221483553	0.0019980019980019	3.322270221483553	0.0019980019980019
artista_axolotl	artista_axolotl	Ambystoma mexicanum	Control_Juv	Stereo-seq cellbin	embedding_cosine	11698	17	5000	0	1000	embedding_cosine			exp	model_weighted_spatial_ccc_score	score_permutation	5000	5000	4021	8.807417491525385e-06	8.807417491525385e-06	8.896139789951581e-06	3.2494190145226976e-08	-2.7304049748483363	0.998001998001998	-2.7304049748483363	0.998001998001998
artista_axolotl	artista_axolotl	Ambystoma mexicanum	Control_Juv	Stereo-seq cellbin	expression_only	11698	17	5000	0	1000	expression_only			contact	spatial_ccc_score	pooled	100	100	100	0.0002098078410041	0.0002098078410041	0.000195759044601	7.188931523340075e-05	0.1954225931549042	0.5668582854286428	0.1954225931549042	0.5668582854286428
artista_axolotl	artista_axolotl	Ambystoma mexicanum	Control_Juv	Stereo-seq cellbin	expression_only	11698	17	5000	0	1000	expression_only			contact	spatial_ccc_score	coordinate_permutation	100	100	100	0.0002098078410041	0.0002098078410041	0.0002100646986245	1.8030365973231037e-06	-0.1424583510174871	0.4735264735264735	-0.1424583510174871	0.4735264735264735
artista_axolotl	artista_axolotl	Ambystoma mexicanum	Control_Juv	Stereo-seq cellbin	expression_only	11698	17	5000	0	1000	expression_only			contact	spatial_ccc_score	celltype_permutation	100	100	100	0.0002098078410041	0.0002098078410041	0.0002672622963972	7.147904206917141e-05	-0.8037944232319401	0.7942057942057942	-0.8037944232319401	0.7942057942057942
artista_axolotl	artista_axolotl	Ambystoma mexicanum	Control_Juv	Stereo-seq cellbin	expression_only	11698	17	5000	0	1000	expression_only			contact	spatial_ccc_score	matched_random_lr	100	100	100	0.0002098078410041	0.0002098078410041	9.59013423783098e-05	8.573913779831037e-06	13.285239570959494	0.0009990009990009	13.285239570959494	0.0009990009990009
artista_axolotl	artista_axolotl	Ambystoma mexicanum	Control_Juv	Stereo-seq cellbin	expression_only	11698	17	5000	0	1000	expression_only			contact	spatial_ccc_score	score_permutation	100	100	100	0.0002098078410041	0.0002098078410041	0.0002098078410041	2.7118617012166795e-20	-0.999499874937461	1.0	-0.999499874937461	1.0
artista_axolotl	artista_axolotl	Ambystoma mexicanum	Control_Juv	Stereo-seq cellbin	expression_only	11698	17	5000	0	1000	expression_only			contact	spatial_ccc_score	pooled	500	500	500	8.350400981650783e-05	8.350400981650783e-05	8.394747703801739e-05	2.031994967802292e-05	-0.0218242283340493	0.5781054736315921	-0.0218242283340493	0.5781054736315921
artista_axolotl	artista_axolotl	Ambystoma mexicanum	Control_Juv	Stereo-seq cellbin	expression_only	11698	17	5000	0	1000	expression_only			contact	spatial_ccc_score	coordinate_permutation	500	500	500	8.350400981650783e-05	8.350400981650783e-05	8.368699368513821e-05	7.066799238637171e-07	-0.2589345790806323	0.5284715284715285	-0.2589345790806323	0.5284715284715285
artista_axolotl	artista_axolotl	Ambystoma mexicanum	Control_Juv	Stereo-seq cellbin	expression_only	11698	17	5000	0	1000	expression_only			contact	spatial_ccc_score	celltype_permutation	500	500	500	8.350400981650783e-05	8.350400981650783e-05	0.000105108972552	2.7861127516033343e-05	-0.77545184498193	0.7842157842157842	-0.77545184498193	0.7842157842157842
artista_axolotl	artista_axolotl	Ambystoma mexicanum	Control_Juv	Stereo-seq cellbin	expression_only	11698	17	5000	0	1000	expression_only			contact	spatial_ccc_score	matched_random_lr	500	500	500	8.350400981650783e-05	8.350400981650783e-05	6.348993209833083e-05	2.940668901205262e-06	6.805960953296726	0.0009990009990009	6.805960953296726	0.0009990009990009
artista_axolotl	artista_axolotl	Ambystoma mexicanum	Control_Juv	Stereo-seq cellbin	expression_only	11698	17	5000	0	1000	expression_only			contact	spatial_ccc_score	score_permutation	500	500	500	8.350400981650783e-05	8.350400981650783e-05	8.35040098165078e-05	2.7118617012166795e-20	0.999499874937461	1.0	0.999499874937461	1.0
artista_axolotl	artista_axolotl	Ambystoma mexicanum	Control_Juv	Stereo-seq cellbin	expression_only	11698	17	5000	0	1000	expression_only			contact	spatial_ccc_score	pooled	1000	1000	1000	5.1930722964726814e-05	5.1930722964726814e-05	5.3598926254679325e-05	1.1393379251460247e-05	-0.1464186571107692	0.5828542864283929	-0.1464186571107692	0.5828542864283929
artista_axolotl	artista_axolotl	Ambystoma mexicanum	Control_Juv	Stereo-seq cellbin	expression_only	11698	17	5000	0	1000	expression_only			contact	spatial_ccc_score	coordinate_permutation	1000	1000	1000	5.1930722964726814e-05	5.1930722964726814e-05	5.2059406542769146e-05	4.370779851817981e-07	-0.2944178897246614	0.5444555444555444	-0.2944178897246614	0.5444555444555444
artista_axolotl	artista_axolotl	Ambystoma mexicanum	Control_Juv	Stereo-seq cellbin	expression_only	11698	17	5000	0	1000	expression_only			contact	spatial_ccc_score	celltype_permutation	1000	1000	1000	5.1930722964726814e-05	5.1930722964726814e-05	6.53958970968959e-05	1.728035628211529e-05	-0.7792185480634549	0.7872127872127872	-0.7792185480634549	0.7872127872127872
artista_axolotl	artista_axolotl	Ambystoma mexicanum	Control_Juv	Stereo-seq cellbin	expression_only	11698	17	5000	0	1000	expression_only			contact	spatial_ccc_score	matched_random_lr	1000	1000	1000	5.1930722964726814e-05	5.1930722964726814e-05	4.500967841432546e-05	1.584106071267583e-06	4.369053736952866	0.0009990009990009	4.369053736952866	0.0009990009990009
artista_axolotl	artista_axolotl	Ambystoma mexicanum	Control_Juv	Stereo-seq cellbin	expression_only	11698	17	5000	0	1000	expression_only			contact	spatial_ccc_score	score_permutation	1000	1000	1000	5.1930722964726814e-05	5.1930722964726814e-05	5.19307229647268e-05	2.0338962759125094e-20	0.9994998749374608	1.0	0.9994998749374608	1.0
artista_axolotl	artista_axolotl	Ambystoma mexicanum	Control_Juv	Stereo-seq cellbin	expression_only	11698	17	5000	0	1000	expression_only			contact	spatial_ccc_score	pooled	5000	5000	4021	1.6440029424569943e-05	1.6440029424569943e-05	1.6934587893591912e-05	3.159642942334894e-06	-0.1565235306798632	0.5771057235691077	-0.1565235306798632	0.5771057235691077
artista_axolotl	artista_axolotl	Ambystoma mexicanum	Control_Juv	Stereo-seq cellbin	expression_only	11698	17	5000	0	1000	expression_only			contact	spatial_ccc_score	coordinate_permutation	5000	5000	4021	1.6440029424569943e-05	1.6440029424569943e-05	1.648911077946821e-05	1.3494416501644245e-07	-0.3637160220472448	0.5834165834165834	-0.3637160220472448	0.5834165834165834
artista_axolotl	artista_axolotl	Ambystoma mexicanum	Control_Juv	Stereo-seq cellbin	expression_only	11698	17	5000	0	1000	expression_only			contact	spatial_ccc_score	celltype_permutation	5000	5000	4021	1.6440029424569943e-05	1.6440029424569943e-05	1.98178406089924e-05	5.218443906359924e-06	-0.6472832217868214	0.7252747252747253	-0.6472832217868214	0.7252747252747253
artista_axolotl	artista_axolotl	Ambystoma mexicanum	Control_Juv	Stereo-seq cellbin	expression_only	11698	17	5000	0	1000	expression_only			contact	spatial_ccc_score	matched_random_lr	5000	5000	4021	1.6440029424569943e-05	1.6440029424569943e-05	1.4991370761337096e-05	4.1007995198865867e-07	3.532624933766356	0.0009990009990009	3.532624933766356	0.0009990009990009
artista_axolotl	artista_axolotl	Ambystoma mexicanum	Control_Juv	Stereo-seq cellbin	expression_only	11698	17	5000	0	1000	expression_only			contact	spatial_ccc_score	score_permutation	5000	5000	4021	1.6440029424569943e-05	1.6440029424569943e-05	1.6440029424569936e-05	6.779654253041699e-21	0.999499874937461	1.0	0.999499874937461	1.0
artista_axolotl	artista_axolotl	Ambystoma mexicanum	Control_Juv	Stereo-seq cellbin	expression_only	11698	17	5000	0	1000	expression_only			contact	model_weighted_spatial_ccc_score	pooled	100	100	100	1.7131689881793466e-05	1.7131689881793466e-05	1.1451415453019166e-05	8.961212864628885e-06	0.6338733957760458	0.3179205198700325	0.6338733957760458	0.3179205198700325
artista_axolotl	artista_axolotl	Ambystoma mexicanum	Control_Juv	Stereo-seq cellbin	expression_only	11698	17	5000	0	1000	expression_only			contact	model_weighted_spatial_ccc_score	coordinate_permutation	100	100	100	1.7131689881793466e-05	1.7131689881793466e-05	1.7150572471364756e-05	1.472657980987136e-07	-0.1282211471711423	0.4655344655344655	-0.1282211471711423	0.4655344655344655
artista_axolotl	artista_axolotl	Ambystoma mexicanum	Control_Juv	Stereo-seq cellbin	expression_only	11698	17	5000	0	1000	expression_only			contact	model_weighted_spatial_ccc_score	celltype_permutation	100	100	100	1.7131689881793466e-05	1.7131689881793466e-05	2.19672375143782e-05	5.880915548887718e-06	-0.8222440183653549	0.8061938061938062	-0.8222440183653549	0.8061938061938062
artista_axolotl	artista_axolotl	Ambystoma mexicanum	Control_Juv	Stereo-seq cellbin	expression_only	11698	17	5000	0	1000	expression_only			contact	model_weighted_spatial_ccc_score	matched_random_lr	100	100	100	1.7131689881793466e-05	1.7131689881793466e-05	5.75777023334232e-06	5.513386784589604e-07	20.62964216521548	0.0009990009990009	20.62964216521548	0.0009990009990009
artista_axolotl	artista_axolotl	Ambystoma mexicanum	Control_Juv	Stereo-seq cellbin	expression_only	11698	17	5000	0	1000	expression_only			contact	model_weighted_spatial_ccc_score	score_permutation	100	100	100	1.7131689881793466e-05	1.7131689881793466e-05	9.300815929913896e-07	2.7970354597913906e-07	57.92421483998787	0.0009990009990009	57.92421483998787	0.0009990009990009
artista_axolotl	artista_axolotl	Ambystoma mexicanum	Control_Juv	Stereo-seq cellbin	expression_only	11698	17	5000	0	1000	expression_only			contact	model_weighted_spatial_ccc_score	pooled	500	500	500	4.10304960936628e-06	4.10304960936628e-06	2.880183593446332e-06	2.031321634682218e-06	0.6020051158029709	0.3221694576355911	0.6020051158029709	0.3221694576355911
artista_axolotl	artista_axolotl	Ambystoma mexicanum	Control_Juv	Stereo-seq cellbin	expression_only	11698	17	5000	0	1000	expression_only			contact	model_weighted_spatial_ccc_score	coordinate_permutation	500	500	500	4.10304960936628e-06	4.10304960936628e-06	4.10899223374743e-06	3.5027004690430744e-08	-0.1696583659856526	0.4865134865134865	-0.1696583659856526	0.4865134865134865
artista_axolotl	artista_axolotl	Ambystoma mexicanum	Control_Juv	Stereo-seq cellbin	expression_only	11698	17	5000	0	1000	expression_only			contact	model_weighted_spatial_ccc_score	celltype_permutation	500	500	500	4.10304960936628e-06	4.10304960936628e-06	5.238490698709751e-06	1.3959729416369949e-06	-0.8133689812153451	0.8021978021978022	-0.8133689812153451	0.8021978021978022
artista_axolotl	artista_axolotl	Ambystoma mexicanum	Control_Juv	Stereo-seq cellbin	expression_only	11698	17	5000	0	1000	expression_only			contact	model_weighted_spatial_ccc_score	matched_random_lr	500	500	500	4.10304960936628e-06	4.10304960936628e-06	1.804534332397573e-06	1.1511750095657229e-07	19.9666884519654	0.0009990009990009	19.9666884519654	0.0009990009990009
artista_axolotl	artista_axolotl	Ambystoma mexicanum	Control_Juv	Stereo-seq cellbin	expression_only	11698	17	5000	0	1000	expression_only			contact	model_weighted_spatial_ccc_score	score_permutation	500	500	500	4.10304960936628e-06	4.10304960936628e-06	3.687171089305708e-07	6.019312587766113e-08	62.03918547153562	0.0009990009990009	62.03918547153562	0.0009990009990009
artista_axolotl	artista_axolotl	Ambystoma mexicanum	Control_Juv	Stereo-seq cellbin	expression_only	11698	17	5000	0	1000	expression_only			contact	model_weighted_spatial_ccc_score	pooled	1000	1000	1000	2.112778118679776e-06	2.112778118679776e-06	1.5059782679130957e-06	1.026597775657027e-06	0.5910784780127989	0.3229192701824543	0.5910784780127989	0.3229192701824543
artista_axolotl	artista_axolotl	Ambystoma mexicanum	Control_Juv	Stereo-seq cellbin	expression_only	11698	17	5000	0	1000	expression_only			contact	model_weighted_spatial_ccc_score	coordinate_permutation	1000	1000	1000	2.112778118679776e-06	2.112778118679776e-06	2.1159727408748893e-06	1.8010542980954767e-08	-0.1773751184787346	0.4895104895104895	-0.1773751184787346	0.4895104895104895
artista_axolotl	artista_axolotl	Ambystoma mexicanum	Control_Juv	Stereo-seq cellbin	expression_only	11698	17	5000	0	1000	expression_only			contact	model_weighted_spatial_ccc_score	celltype_permutation	1000	1000	1000	2.112778118679776e-06	2.112778118679776e-06	2.6969285485426044e-06	7.179731967161564e-07	-0.8136103583456841	0.8021978021978022	-0.8136103583456841	0.8021978021978022
artista_axolotl	artista_axolotl	Ambystoma mexicanum	Control_Juv	Stereo-seq cellbin	expression_only	11698	17	5000	0	1000	expression_only			contact	model_weighted_spatial_ccc_score	matched_random_lr	1000	1000	1000	2.112778118679776e-06	2.112778118679776e-06	9.815799275563073e-07	5.783313631310303e-08	19.559689535066383	0.0009990009990009	19.559689535066383	0.0009990009990009
artista_axolotl	artista_axolotl	Ambystoma mexicanum	Control_Juv	Stereo-seq cellbin	expression_only	11698	17	5000	0	1000	expression_only			contact	model_weighted_spatial_ccc_score	score_permutation	1000	1000	1000	2.112778118679776e-06	2.112778118679776e-06	2.29431854678581e-07	3.0056145358859753e-08	62.66093810482703	0.0009990009990009	62.66093810482703	0.0009990009990009
artista_axolotl	artista_axolotl	Ambystoma mexicanum	Control_Juv	Stereo-seq cellbin	expression_only	11698	17	5000	0	1000	expression_only			contact	model_weighted_spatial_ccc_score	pooled	5000	5000	4021	5.314539079005664e-07	5.314539079005664e-07	3.83278628627777e-07	2.527303271349669e-07	0.5862979759989728	0.3221694576355911	0.5862979759989728	0.3221694576355911
artista_axolotl	artista_axolotl	Ambystoma mexicanum	Control_Juv	Stereo-seq cellbin	expression_only	11698	17	5000	0	1000	expression_only			contact	model_weighted_spatial_ccc_score	coordinate_permutation	5000	5000	4021	5.314539079005664e-07	5.314539079005664e-07	5.322758751411772e-07	4.523882315487782e-09	-0.1816950979906772	0.4905094905094905	-0.1816950979906772	0.4905094905094905
artista_axolotl	artista_axolotl	Ambystoma mexicanum	Control_Juv	Stereo-seq cellbin	expression_only	11698	17	5000	0	1000	expression_only			contact	model_weighted_spatial_ccc_score	celltype_permutation	5000	5000	4021	5.314539079005664e-07	5.314539079005664e-07	6.772981944030258e-07	1.8023373742495198e-07	-0.8091952626970738	0.7982017982017982	-0.8091952626970738	0.7982017982017982
artista_axolotl	artista_axolotl	Ambystoma mexicanum	Control_Juv	Stereo-seq cellbin	expression_only	11698	17	5000	0	1000	expression_only			contact	model_weighted_spatial_ccc_score	matched_random_lr	5000	5000	4021	5.314539079005664e-07	5.314539079005664e-07	2.5097044193257024e-07	1.4383021976560725e-08	19.50101073509348	0.0009990009990009	19.50101073509348	0.0009990009990009
artista_axolotl	artista_axolotl	Ambystoma mexicanum	Control_Juv	Stereo-seq cellbin	expression_only	11698	17	5000	0	1000	expression_only			contact	model_weighted_spatial_ccc_score	score_permutation	5000	5000	4021	5.314539079005664e-07	5.314539079005664e-07	7.257000303433499e-08	7.40533741075192e-09	61.9666437075468	0.0009990009990009	61.9666437075468	0.0009990009990009
artista_axolotl	artista_axolotl	Ambystoma mexicanum	Control_Juv	Stereo-seq cellbin	expression_only	11698	17	5000	0	1000	expression_only			exp	spatial_ccc_score	pooled	100	100	100	0.0002278170300009	0.0002278170300009	0.0002075292271112	7.32574049679089e-05	0.2769385961533328	0.438140464883779	0.2769385961533328	0.438140464883779
artista_axolotl	artista_axolotl	Ambystoma mexicanum	Control_Juv	Stereo-seq cellbin	expression_only	11698	17	5000	0	1000	expression_only			exp	spatial_ccc_score	coordinate_permutation	100	100	100	0.0002278170300009	0.0002278170300009	0.0002203926968939	1.5945904081128594e-06	4.6559499349662445	0.0009990009990009	4.6559499349662445	0.0009990009990009
artista_axolotl	artista_axolotl	Ambystoma mexicanum	Control_Juv	Stereo-seq cellbin	expression_only	11698	17	5000	0	1000	expression_only			exp	spatial_ccc_score	celltype_permutation	100	100	100	0.0002278170300009	0.0002278170300009	0.000277854783869	7.174068751181435e-05	-0.6974808243916573	0.7522477522477522	-0.6974808243916573	0.7522477522477522
artista_axolotl	artista_axolotl	Ambystoma mexicanum	Control_Juv	Stereo-seq cellbin	expression_only	11698	17	5000	0	1000	expression_only			exp	spatial_ccc_score	matched_random_lr	100	100	100	0.0002278170300009	0.0002278170300009	0.0001040523976811	9.32674723209406e-06	13.269860246016467	0.0009990009990009	13.269860246016467	0.0009990009990009
artista_axolotl	artista_axolotl	Ambystoma mexicanum	Control_Juv	Stereo-seq cellbin	expression_only	11698	17	5000	0	1000	expression_only			exp	spatial_ccc_score	score_permutation	100	100	100	0.0002278170300009	0.0002278170300009	0.0002278170300009	2.7118617012166795e-20	0.999499874937461	1.0	0.999499874937461	1.0
artista_axolotl	artista_axolotl	Ambystoma mexicanum	Control_Juv	Stereo-seq cellbin	expression_only	11698	17	5000	0	1000	expression_only			exp	spatial_ccc_score	pooled	500	500	500	9.06579210034192e-05	9.06579210034192e-05	8.915114696038905e-05	2.0071823929287683e-05	0.0750691142139584	0.4338915271182204	0.0750691142139584	0.4338915271182204
artista_axolotl	artista_axolotl	Ambystoma mexicanum	Control_Juv	Stereo-seq cellbin	expression_only	11698	17	5000	0	1000	expression_only			exp	spatial_ccc_score	coordinate_permutation	500	500	500	9.06579210034192e-05	9.06579210034192e-05	8.7775782337089e-05	6.309927809936042e-07	4.567625420043318	0.0009990009990009	4.567625420043318	0.0009990009990009
artista_axolotl	artista_axolotl	Ambystoma mexicanum	Control_Juv	Stereo-seq cellbin	expression_only	11698	17	5000	0	1000	expression_only			exp	spatial_ccc_score	celltype_permutation	500	500	500	9.06579210034192e-05	9.06579210034192e-05	0.0001092755486374	2.7962138693080896e-05	-0.665815581504996	0.7352647352647352	-0.665815581504996	0.7352647352647352
artista_axolotl	artista_axolotl	Ambystoma mexicanum	Control_Juv	Stereo-seq cellbin	expression_only	11698	17	5000	0	1000	expression_only			exp	spatial_ccc_score	matched_random_lr	500	500	500	9.06579210034192e-05	9.06579210034192e-05	6.889533586357177e-05	3.189241570687972e-06	6.823749364069932	0.0009990009990009	6.823749364069932	0.0009990009990009
artista_axolotl	artista_axolotl	Ambystoma mexicanum	Control_Juv	Stereo-seq cellbin	expression_only	11698	17	5000	0	1000	expression_only			exp	spatial_ccc_score	score_permutation	500	500	500	9.06579210034192e-05	9.06579210034192e-05	9.06579210034192e-05	0.0	0.0	1.0	0.0	1.0
artista_axolotl	artista_axolotl	Ambystoma mexicanum	Control_Juv	Stereo-seq cellbin	expression_only	11698	17	5000	0	1000	expression_only			exp	spatial_ccc_score	pooled	1000	1000	1000	5.638608689405398e-05	5.638608689405398e-05	5.695647569793452e-05	1.1147493070649052e-05	-0.0511674508578393	0.4341414646338415	-0.0511674508578393	0.4341414646338415
artista_axolotl	artista_axolotl	Ambystoma mexicanum	Control_Juv	Stereo-seq cellbin	expression_only	11698	17	5000	0	1000	expression_only			exp	spatial_ccc_score	coordinate_permutation	1000	1000	1000	5.638608689405398e-05	5.638608689405398e-05	5.4606802833220936e-05	3.910589652558265e-07	4.54991246567908	0.0009990009990009	4.54991246567908	0.0009990009990009
artista_axolotl	artista_axolotl	Ambystoma mexicanum	Control_Juv	Stereo-seq cellbin	expression_only	11698	17	5000	0	1000	expression_only			exp	spatial_ccc_score	celltype_permutation	1000	1000	1000	5.638608689405398e-05	5.638608689405398e-05	6.798897139213166e-05	1.7342804991642027e-05	-0.669031595734913	0.7362637362637363	-0.669031595734913	0.7362637362637363
artista_axolotl	artista_axolotl	Ambystoma mexicanum	Control_Juv	Stereo-seq cellbin	expression_only	11698	17	5000	0	1000	expression_only			exp	spatial_ccc_score	matched_random_lr	1000	1000	1000	5.638608689405398e-05	5.638608689405398e-05	4.884404167233152e-05	1.716492786194459e-06	4.3938694542629095	0.0009990009990009	4.3938694542629095	0.0009990009990009
artista_axolotl	artista_axolotl	Ambystoma mexicanum	Control_Juv	Stereo-seq cellbin	expression_only	11698	17	5000	0	1000	expression_only			exp	spatial_ccc_score	score_permutation	1000	1000	1000	5.638608689405398e-05	5.638608689405398e-05	5.6386086894053976e-05	6.779654253041699e-21	0.999499874937461	1.0	0.999499874937461	1.0
artista_axolotl	artista_axolotl	Ambystoma mexicanum	Control_Juv	Stereo-seq cellbin	expression_only	11698	17	5000	0	1000	expression_only			exp	spatial_ccc_score	pooled	5000	5000	4021	1.781063841115305e-05	1.781063841115305e-05	1.7983815418202182e-05	3.083316058804819e-06	-0.0561658304715797	0.4166458385403649	-0.0561658304715797	0.4166458385403649
artista_axolotl	artista_axolotl	Ambystoma mexicanum	Control_Juv	Stereo-seq cellbin	expression_only	11698	17	5000	0	1000	expression_only			exp	spatial_ccc_score	coordinate_permutation	5000	5000	4021	1.781063841115305e-05	1.781063841115305e-05	1.726751889741662e-05	1.2226289567937768e-07	4.442226815572133	0.0029970029970029	4.442226815572133	0.0029970029970029
artista_axolotl	artista_axolotl	Ambystoma mexicanum	Control_Juv	Stereo-seq cellbin	expression_only	11698	17	5000	0	1000	expression_only			exp	spatial_ccc_score	celltype_permutation	5000	5000	4021	1.781063841115305e-05	1.781063841115305e-05	2.0604085278257866e-05	5.237346966509692e-06	-0.5333705948770545	0.6643356643356644	-0.5333705948770545	0.6643356643356644
artista_axolotl	artista_axolotl	Ambystoma mexicanum	Control_Juv	Stereo-seq cellbin	expression_only	11698	17	5000	0	1000	expression_only			exp	spatial_ccc_score	matched_random_lr	5000	5000	4021	1.781063841115305e-05	1.781063841115305e-05	1.625301908598119e-05	4.429370755066176e-07	3.5165702112208708	0.0009990009990009	3.5165702112208708	0.0009990009990009
artista_axolotl	artista_axolotl	Ambystoma mexicanum	Control_Juv	Stereo-seq cellbin	expression_only	11698	17	5000	0	1000	expression_only			exp	spatial_ccc_score	score_permutation	5000	5000	4021	1.781063841115305e-05	1.781063841115305e-05	1.7810638411153044e-05	6.779654253041699e-21	0.999499874937461	1.0	0.999499874937461	1.0
artista_axolotl	artista_axolotl	Ambystoma mexicanum	Control_Juv	Stereo-seq cellbin	expression_only	11698	17	5000	0	1000	expression_only			exp	model_weighted_spatial_ccc_score	pooled	100	100	100	1.8600877250197643e-05	1.8600877250197643e-05	1.2022368593674908e-05	9.255320265960098e-06	0.7107813092884167	0.1902024493876531	0.7107813092884167	0.1902024493876531
artista_axolotl	artista_axolotl	Ambystoma mexicanum	Control_Juv	Stereo-seq cellbin	expression_only	11698	17	5000	0	1000	expression_only			exp	model_weighted_spatial_ccc_score	coordinate_permutation	100	100	100	1.8600877250197643e-05	1.8600877250197643e-05	1.7995104206258646e-05	1.2991101056042462e-07	4.6629846178991725	0.0009990009990009	4.6629846178991725	0.0009990009990009
artista_axolotl	artista_axolotl	Ambystoma mexicanum	Control_Juv	Stereo-seq cellbin	expression_only	11698	17	5000	0	1000	expression_only			exp	model_weighted_spatial_ccc_score	celltype_permutation	100	100	100	1.8600877250197643e-05	1.8600877250197643e-05	2.2837817637506768e-05	5.902822639948371e-06	-0.7177820926949252	0.7602397602397603	-0.7177820926949252	0.7602397602397603
artista_axolotl	artista_axolotl	Ambystoma mexicanum	Control_Juv	Stereo-seq cellbin	expression_only	11698	17	5000	0	1000	expression_only			exp	model_weighted_spatial_ccc_score	matched_random_lr	100	100	100	1.8600877250197643e-05	1.8600877250197643e-05	6.246726058202773e-06	5.994456764275555e-07	20.609292347590905	0.0009990009990009	20.609292347590905	0.0009990009990009
artista_axolotl	artista_axolotl	Ambystoma mexicanum	Control_Juv	Stereo-seq cellbin	expression_only	11698	17	5000	0	1000	expression_only			exp	model_weighted_spatial_ccc_score	score_permutation	100	100	100	1.8600877250197643e-05	1.8600877250197643e-05	1.0098264727314489e-06	3.0380468089842645e-07	57.90250079572525	0.0009990009990009	57.90250079572525	0.0009990009990009
artista_axolotl	artista_axolotl	Ambystoma mexicanum	Control_Juv	Stereo-seq cellbin	expression_only	11698	17	5000	0	1000	expression_only			exp	model_weighted_spatial_ccc_score	pooled	500	500	500	4.454889707959255e-06	4.454889707959255e-06	3.0288104608375207e-06	2.0934233929821837e-06	0.681218740510115	0.1889527618095476	0.681218740510115	0.1889527618095476
artista_axolotl	artista_axolotl	Ambystoma mexicanum	Control_Juv	Stereo-seq cellbin	expression_only	11698	17	5000	0	1000	expression_only			exp	model_weighted_spatial_ccc_score	coordinate_permutation	500	500	500	4.454889707959255e-06	4.454889707959255e-06	4.310950680929995e-06	3.0998905521949045e-08	4.643358357518219	0.0009990009990009	4.643358357518219	0.0009990009990009
artista_axolotl	artista_axolotl	Ambystoma mexicanum	Control_Juv	Stereo-seq cellbin	expression_only	11698	17	5000	0	1000	expression_only			exp	model_weighted_spatial_ccc_score	celltype_permutation	500	500	500	4.454889707959255e-06	4.454889707959255e-06	5.446116536192576e-06	1.4011477524321435e-06	-0.7074391879890802	0.7552447552447552	-0.7074391879890802	0.7552447552447552
artista_axolotl	artista_axolotl	Ambystoma mexicanum	Control_Juv	Stereo-seq cellbin	expression_only	11698	17	5000	0	1000	expression_only			exp	model_weighted_spatial_ccc_score	matched_random_lr	500	500	500	4.454889707959255e-06	4.454889707959255e-06	1.9578631254060213e-06	1.250908077763093e-07	19.96171123155974	0.0009990009990009	19.96171123155974	0.0009990009990009
artista_axolotl	artista_axolotl	Ambystoma mexicanum	Control_Juv	Stereo-seq cellbin	expression_only	11698	17	5000	0	1000	expression_only			exp	model_weighted_spatial_ccc_score	score_permutation	500	500	500	4.454889707959255e-06	4.454889707959255e-06	4.003115008214905e-07	6.53975355976732e-08	61.998944915624975	0.0009990009990009	61.998944915624975	0.0009990009990009
artista_axolotl	artista_axolotl	Ambystoma mexicanum	Control_Juv	Stereo-seq cellbin	expression_only	11698	17	5000	0	1000	expression_only			exp	model_weighted_spatial_ccc_score	pooled	1000	1000	1000	2.2940017125769987e-06	2.2940017125769987e-06	1.584484335412158e-06	1.056989745734669e-06	0.6712623088615539	0.1887028242939265	0.6712623088615539	0.1887028242939265
artista_axolotl	artista_axolotl	Ambystoma mexicanum	Control_Juv	Stereo-seq cellbin	expression_only	11698	17	5000	0	1000	expression_only			exp	model_weighted_spatial_ccc_score	coordinate_permutation	1000	1000	1000	2.2940017125769987e-06	2.2940017125769987e-06	2.21999383242238e-06	1.59475164609673e-08	4.6407150816089855	0.0009990009990009	4.6407150816089855	0.0009990009990009
artista_axolotl	artista_axolotl	Ambystoma mexicanum	Control_Juv	Stereo-seq cellbin	expression_only	11698	17	5000	0	1000	expression_only			exp	model_weighted_spatial_ccc_score	celltype_permutation	1000	1000	1000	2.2940017125769987e-06	2.2940017125769987e-06	2.8038249200355105e-06	7.206312851468197e-07	-0.707467491304713	0.7542457542457542	-0.707467491304713	0.7542457542457542
artista_axolotl	artista_axolotl	Ambystoma mexicanum	Control_Juv	Stereo-seq cellbin	expression_only	11698	17	5000	0	1000	expression_only			exp	model_weighted_spatial_ccc_score	matched_random_lr	1000	1000	1000	2.2940017125769987e-06	2.2940017125769987e-06	1.0650052786835406e-06	6.283744543090896e-08	19.558344956030467	0.0009990009990009	19.558344956030467	0.0009990009990009
artista_axolotl	artista_axolotl	Ambystoma mexicanum	Control_Juv	Stereo-seq cellbin	expression_only	11698	17	5000	0	1000	expression_only			exp	model_weighted_spatial_ccc_score	score_permutation	1000	1000	1000	2.2940017125769987e-06	2.2940017125769987e-06	2.4911331050720124e-07	3.265391290912043e-08	62.623073925656485	0.0009990009990009	62.623073925656485	0.0009990009990009
artista_axolotl	artista_axolotl	Ambystoma mexicanum	Control_Juv	Stereo-seq cellbin	expression_only	11698	17	5000	0	1000	expression_only			exp	model_weighted_spatial_ccc_score	pooled	5000	5000	4021	5.769963139227285e-07	5.769963139227285e-07	4.0336685369854406e-07	2.599183426197487e-07	0.668015417742942	0.1879530117470632	0.668015417742942	0.1879530117470632
artista_axolotl	artista_axolotl	Ambystoma mexicanum	Control_Juv	Stereo-seq cellbin	expression_only	11698	17	5000	0	1000	expression_only			exp	model_weighted_spatial_ccc_score	coordinate_permutation	5000	5000	4021	5.769963139227285e-07	5.769963139227285e-07	5.58410910200713e-07	4.007849527277987e-09	4.637250873696873	0.0009990009990009	4.637250873696873	0.0009990009990009
artista_axolotl	artista_axolotl	Ambystoma mexicanum	Control_Juv	Stereo-seq cellbin	expression_only	11698	17	5000	0	1000	expression_only			exp	model_weighted_spatial_ccc_score	celltype_permutation	5000	5000	4021	5.769963139227285e-07	5.769963139227285e-07	7.041447462453626e-07	1.809009048806097e-07	-0.7028623345281169	0.7512487512487512	-0.7028623345281169	0.7512487512487512
artista_axolotl	artista_axolotl	Ambystoma mexicanum	Control_Juv	Stereo-seq cellbin	expression_only	11698	17	5000	0	1000	expression_only			exp	model_weighted_spatial_ccc_score	matched_random_lr	5000	5000	4021	5.769963139227285e-07	5.769963139227285e-07	2.722878580959619e-07	1.5627540235506432e-08	19.49817125630917	0.0009990009990009	19.49817125630917	0.0009990009990009
artista_axolotl	artista_axolotl	Ambystoma mexicanum	Control_Juv	Stereo-seq cellbin	expression_only	11698	17	5000	0	1000	expression_only			exp	model_weighted_spatial_ccc_score	score_permutation	5000	5000	4021	5.769963139227285e-07	5.769963139227285e-07	7.862390025213816e-08	8.035079191594905e-09	62.02458019230387	0.0009990009990009	62.02458019230387	0.0009990009990009
artista_axolotl	artista_axolotl	Ambystoma mexicanum	5DPI_1	Stereo-seq cellbin	dbfree	8106	19	5000	0	1000	model_x_expression_potential	mean	0.5	contact	spatial_ccc_score	pooled	100	100	100	0.0007418169354161	0.0007418169354161	0.0006248474869808	0.0001612503198518	0.7253904894128942	0.5346163459135216	0.7253904894128942	0.5346163459135216
artista_axolotl	artista_axolotl	Ambystoma mexicanum	5DPI_1	Stereo-seq cellbin	dbfree	8106	19	5000	0	1000	model_x_expression_potential	mean	0.5	contact	spatial_ccc_score	coordinate_permutation	100	100	100	0.0007418169354161	0.0007418169354161	0.000747683007019	8.252541619755959e-06	-0.7108199962088707	0.906093906093906	-0.7108199962088707	0.906093906093906
artista_axolotl	artista_axolotl	Ambystoma mexicanum	5DPI_1	Stereo-seq cellbin	dbfree	8106	19	5000	0	1000	model_x_expression_potential	mean	0.5	contact	spatial_ccc_score	celltype_permutation	100	100	100	0.0007418169354161	0.0007418169354161	0.0006122203708171	0.0001494670917551	0.8670575113035882	0.2327672327672327	0.8670575113035882	0.2327672327672327
artista_axolotl	artista_axolotl	Ambystoma mexicanum	5DPI_1	Stereo-seq cellbin	dbfree	8106	19	5000	0	1000	model_x_expression_potential	mean	0.5	contact	spatial_ccc_score	matched_random_lr	100	100	100	0.0007418169354161	0.0007418169354161	0.0003976696346709	3.249572245119561e-05	10.590541609347122	0.0009990009990009	10.590541609347122	0.0009990009990009
artista_axolotl	artista_axolotl	Ambystoma mexicanum	5DPI_1	Stereo-seq cellbin	dbfree	8106	19	5000	0	1000	model_x_expression_potential	mean	0.5	contact	spatial_ccc_score	score_permutation	100	100	100	0.0007418169354161	0.0007418169354161	0.0007418169354161	2.169489360973344e-19	-0.999499874937461	1.0	-0.999499874937461	1.0
artista_axolotl	artista_axolotl	Ambystoma mexicanum	5DPI_1	Stereo-seq cellbin	dbfree	8106	19	5000	0	1000	model_x_expression_potential	mean	0.5	contact	spatial_ccc_score	pooled	500	500	500	0.0004585866722554	0.0004585866722554	0.000413344590465	6.900919269362605e-05	0.6555950015418535	0.5406148462884279	0.6555950015418535	0.5406148462884279
artista_axolotl	artista_axolotl	Ambystoma mexicanum	5DPI_1	Stereo-seq cellbin	dbfree	8106	19	5000	0	1000	model_x_expression_potential	mean	0.5	contact	spatial_ccc_score	coordinate_permutation	500	500	500	0.0004585866722554	0.0004585866722554	0.0004623057594665	5.107024632064153e-06	-0.7282297382731729	0.903096903096903	-0.7282297382731729	0.903096903096903
artista_axolotl	artista_axolotl	Ambystoma mexicanum	5DPI_1	Stereo-seq cellbin	dbfree	8106	19	5000	0	1000	model_x_expression_potential	mean	0.5	contact	spatial_ccc_score	celltype_permutation	500	500	500	0.0004585866722554	0.0004585866722554	0.0003889052070309	9.442706688056616e-05	0.7379395286373301	0.2597402597402597	0.7379395286373301	0.2597402597402597
artista_axolotl	artista_axolotl	Ambystoma mexicanum	5DPI_1	Stereo-seq cellbin	dbfree	8106	19	5000	0	1000	model_x_expression_potential	mean	0.5	contact	spatial_ccc_score	matched_random_lr	500	500	500	0.0004585866722554	0.0004585866722554	0.0003435807231071	1.423313826135813e-05	8.080154006545675	0.0009990009990009	8.080154006545675	0.0009990009990009
artista_axolotl	artista_axolotl	Ambystoma mexicanum	5DPI_1	Stereo-seq cellbin	dbfree	8106	19	5000	0	1000	model_x_expression_potential	mean	0.5	contact	spatial_ccc_score	score_permutation	500	500	500	0.0004585866722554	0.0004585866722554	0.0004585866722554	5.423723402433359e-20	-0.999499874937461	1.0	-0.999499874937461	1.0
artista_axolotl	artista_axolotl	Ambystoma mexicanum	5DPI_1	Stereo-seq cellbin	dbfree	8106	19	5000	0	1000	model_x_expression_potential	mean	0.5	contact	spatial_ccc_score	pooled	1000	1000	1000	0.0003228692166568	0.0003228692166568	0.0003031530972821	4.010787102126539e-05	0.4915773107036116	0.5401149712571857	0.4915773107036116	0.5401149712571857
artista_axolotl	artista_axolotl	Ambystoma mexicanum	5DPI_1	Stereo-seq cellbin	dbfree	8106	19	5000	0	1000	model_x_expression_potential	mean	0.5	contact	spatial_ccc_score	coordinate_permutation	1000	1000	1000	0.0003228692166568	0.0003228692166568	0.000325487927665	3.588635978438985e-06	-0.7297232218364949	0.8961038961038961	-0.7297232218364949	0.8961038961038961
artista_axolotl	artista_axolotl	Ambystoma mexicanum	5DPI_1	Stereo-seq cellbin	dbfree	8106	19	5000	0	1000	model_x_expression_potential	mean	0.5	contact	spatial_ccc_score	celltype_permutation	1000	1000	1000	0.0003228692166568	0.0003228692166568	0.000276238347845	6.71340247196959e-05	0.6945936729766063	0.2647352647352647	0.6945936729766063	0.2647352647352647
artista_axolotl	artista_axolotl	Ambystoma mexicanum	5DPI_1	Stereo-seq cellbin	dbfree	8106	19	5000	0	1000	model_x_expression_potential	mean	0.5	contact	spatial_ccc_score	matched_random_lr	1000	1000	1000	0.0003228692166568	0.0003228692166568	0.0002880168969616	8.753240133318997e-06	3.981647842892863	0.0009990009990009	3.981647842892863	0.0009990009990009
artista_axolotl	artista_axolotl	Ambystoma mexicanum	5DPI_1	Stereo-seq cellbin	dbfree	8106	19	5000	0	1000	model_x_expression_potential	mean	0.5	contact	spatial_ccc_score	score_permutation	1000	1000	1000	0.0003228692166568	0.0003228692166568	0.0003228692166568	0.0	0.0	1.0	0.0	1.0
artista_axolotl	artista_axolotl	Ambystoma mexicanum	5DPI_1	Stereo-seq cellbin	dbfree	8106	19	5000	0	1000	model_x_expression_potential	mean	0.5	contact	spatial_ccc_score	pooled	5000	5000	4995	9.014327944313007e-05	9.014327944313007e-05	8.706089163341391e-05	1.0967575019608406e-05	0.2810455186497755	0.6413396650837291	0.2810455186497755	0.6413396650837291
artista_axolotl	artista_axolotl	Ambystoma mexicanum	5DPI_1	Stereo-seq cellbin	dbfree	8106	19	5000	0	1000	model_x_expression_potential	mean	0.5	contact	spatial_ccc_score	coordinate_permutation	5000	5000	4995	9.014327944313007e-05	9.014327944313007e-05	9.089718627012592e-05	9.975126708543246e-07	-0.7557867173257623	0.9050949050949052	-0.7557867173257623	0.9050949050949052
artista_axolotl	artista_axolotl	Ambystoma mexicanum	5DPI_1	Stereo-seq cellbin	dbfree	8106	19	5000	0	1000	model_x_expression_potential	mean	0.5	contact	spatial_ccc_score	celltype_permutation	5000	5000	4995	9.014327944313007e-05	9.014327944313007e-05	7.755121933504639e-05	1.8857260256114768e-05	0.6677566060531255	0.2677322677322677	0.6677566060531255	0.2677322677322677
artista_axolotl	artista_axolotl	Ambystoma mexicanum	5DPI_1	Stereo-seq cellbin	dbfree	8106	19	5000	0	1000	model_x_expression_potential	mean	0.5	contact	spatial_ccc_score	matched_random_lr	5000	5000	4995	9.014327944313007e-05	9.014327944313007e-05	8.965188148535326e-05	1.8530736734877288e-06	0.2651799358046799	0.3936063936063936	0.2651799358046799	0.3936063936063936
artista_axolotl	artista_axolotl	Ambystoma mexicanum	5DPI_1	Stereo-seq cellbin	dbfree	8106	19	5000	0	1000	model_x_expression_potential	mean	0.5	contact	spatial_ccc_score	score_permutation	5000	5000	4995	9.014327944313007e-05	9.014327944313007e-05	9.014327944313007e-05	0.0	0.0	1.0	0.0	1.0
artista_axolotl	artista_axolotl	Ambystoma mexicanum	5DPI_1	Stereo-seq cellbin	dbfree	8106	19	5000	0	1000	model_x_expression_potential	mean	0.5	contact	model_weighted_spatial_ccc_score	pooled	100	100	100	0.0006638010462747	0.0006638010462747	0.0004978834495951	0.0001391442944587	1.1924139421242077	0.2844288927768058	1.1924139421242077	0.2844288927768058
artista_axolotl	artista_axolotl	Ambystoma mexicanum	5DPI_1	Stereo-seq cellbin	dbfree	8106	19	5000	0	1000	model_x_expression_potential	mean	0.5	contact	model_weighted_spatial_ccc_score	coordinate_permutation	100	100	100	0.0006638010462747	0.0006638010462747	0.0006690574262685	7.382928290388024e-06	-0.7119641132865274	0.906093906093906	-0.7119641132865274	0.906093906093906
artista_axolotl	artista_axolotl	Ambystoma mexicanum	5DPI_1	Stereo-seq cellbin	dbfree	8106	19	5000	0	1000	model_x_expression_potential	mean	0.5	contact	model_weighted_spatial_ccc_score	celltype_permutation	100	100	100	0.0006638010462747	0.0006638010462747	0.0005474783629673	0.0001336789346586	0.8701646493853954	0.2317682317682317	0.8701646493853954	0.2317682317682317
artista_axolotl	artista_axolotl	Ambystoma mexicanum	5DPI_1	Stereo-seq cellbin	dbfree	8106	19	5000	0	1000	model_x_expression_potential	mean	0.5	contact	model_weighted_spatial_ccc_score	matched_random_lr	100	100	100	0.0006638010462747	0.0006638010462747	0.0003541879821907	2.8891596920312267e-05	10.716370747453624	0.0009990009990009	10.716370747453624	0.0009990009990009
artista_axolotl	artista_axolotl	Ambystoma mexicanum	5DPI_1	Stereo-seq cellbin	dbfree	8106	19	5000	0	1000	model_x_expression_potential	mean	0.5	contact	model_weighted_spatial_ccc_score	score_permutation	100	100	100	0.0006638010462747	0.0006638010462747	0.000420810026954	1.8332971593390272e-05	13.25431712381756	0.0009990009990009	13.25431712381756	0.0009990009990009
artista_axolotl	artista_axolotl	Ambystoma mexicanum	5DPI_1	Stereo-seq cellbin	dbfree	8106	19	5000	0	1000	model_x_expression_potential	mean	0.5	contact	model_weighted_spatial_ccc_score	pooled	500	500	500	0.0003910241364569	0.0003910241364569	0.0003191434900806	6.461143110045325e-05	1.1125066439786466	0.290427393151712	1.1125066439786466	0.290427393151712
artista_axolotl	artista_axolotl	Ambystoma mexicanum	5DPI_1	Stereo-seq cellbin	dbfree	8106	19	5000	0	1000	model_x_expression_potential	mean	0.5	contact	model_weighted_spatial_ccc_score	coordinate_permutation	500	500	500	0.0003910241364569	0.0003910241364569	0.000394195335235	4.353534265575586e-06	-0.7284193909351951	0.903096903096903	-0.7284193909351951	0.903096903096903
artista_axolotl	artista_axolotl	Ambystoma mexicanum	5DPI_1	Stereo-seq cellbin	dbfree	8106	19	5000	0	1000	model_x_expression_potential	mean	0.5	contact	model_weighted_spatial_ccc_score	celltype_permutation	500	500	500	0.0003910241364569	0.0003910241364569	0.0003313053623302	8.044281944263625e-05	0.7423754480570833	0.2587412587412587	0.7423754480570833	0.2587412587412587
artista_axolotl	artista_axolotl	Ambystoma mexicanum	5DPI_1	Stereo-seq cellbin	dbfree	8106	19	5000	0	1000	model_x_expression_potential	mean	0.5	contact	model_weighted_spatial_ccc_score	matched_random_lr	500	500	500	0.0003910241364569	0.0003910241364569	0.0002906095385451	1.2005217528125146e-05	8.364246435059485	0.0009990009990009	8.364246435059485	0.0009990009990009
artista_axolotl	artista_axolotl	Ambystoma mexicanum	5DPI_1	Stereo-seq cellbin	dbfree	8106	19	5000	0	1000	model_x_expression_potential	mean	0.5	contact	model_weighted_spatial_ccc_score	score_permutation	500	500	500	0.0003910241364569	0.0003910241364569	0.0002604637242123	5.358983496037866e-06	24.36290620061244	0.0009990009990009	24.36290620061244	0.0009990009990009
artista_axolotl	artista_axolotl	Ambystoma mexicanum	5DPI_1	Stereo-seq cellbin	dbfree	8106	19	5000	0	1000	model_x_expression_potential	mean	0.5	contact	model_weighted_spatial_ccc_score	pooled	1000	1000	1000	0.000269095088889	0.000269095088889	0.0002302848956226	4.217175529195411e-05	0.920288780909634	0.290177455636091	0.920288780909634	0.290177455636091
artista_axolotl	artista_axolotl	Ambystoma mexicanum	5DPI_1	Stereo-seq cellbin	dbfree	8106	19	5000	0	1000	model_x_expression_potential	mean	0.5	contact	model_weighted_spatial_ccc_score	coordinate_permutation	1000	1000	1000	0.000269095088889	0.000269095088889	0.0002712776012073	2.9906756152617274e-06	-0.7297723320898812	0.8971028971028971	-0.7297723320898812	0.8971028971028971
artista_axolotl	artista_axolotl	Ambystoma mexicanum	5DPI_1	Stereo-seq cellbin	dbfree	8106	19	5000	0	1000	model_x_expression_potential	mean	0.5	contact	model_weighted_spatial_ccc_score	celltype_permutation	1000	1000	1000	0.000269095088889	0.000269095088889	0.0002299582743436	5.588095611879511e-05	0.7003605031778654	0.2637362637362637	0.7003605031778654	0.2637362637362637
artista_axolotl	artista_axolotl	Ambystoma mexicanum	5DPI_1	Stereo-seq cellbin	dbfree	8106	19	5000	0	1000	model_x_expression_potential	mean	0.5	contact	model_weighted_spatial_ccc_score	matched_random_lr	1000	1000	1000	0.000269095088889	0.000269095088889	0.0002365617018439	7.225370465092988e-06	4.502660064596834	0.0009990009990009	4.502660064596834	0.0009990009990009
artista_axolotl	artista_axolotl	Ambystoma mexicanum	5DPI_1	Stereo-seq cellbin	dbfree	8106	19	5000	0	1000	model_x_expression_potential	mean	0.5	contact	model_weighted_spatial_ccc_score	score_permutation	1000	1000	1000	0.000269095088889	0.000269095088889	0.0001833420050954	2.804957056999387e-06	30.571977413909067	0.0009990009990009	30.571977413909067	0.0009990009990009
artista_axolotl	artista_axolotl	Ambystoma mexicanum	5DPI_1	Stereo-seq cellbin	dbfree	8106	19	5000	0	1000	model_x_expression_potential	mean	0.5	contact	model_weighted_spatial_ccc_score	pooled	5000	5000	4995	7.047326691347413e-05	7.047326691347413e-05	6.273723636581853e-05	1.0695220469732057e-05	0.7233166038557978	0.3074231442139465	0.7233166038557978	0.3074231442139465
artista_axolotl	artista_axolotl	Ambystoma mexicanum	5DPI_1	Stereo-seq cellbin	dbfree	8106	19	5000	0	1000	model_x_expression_potential	mean	0.5	contact	model_weighted_spatial_ccc_score	coordinate_permutation	5000	5000	4995	7.047326691347413e-05	7.047326691347413e-05	7.105845962644627e-05	7.805451177579321e-07	-0.7497231097326941	0.903096903096903	-0.7497231097326941	0.903096903096903
artista_axolotl	artista_axolotl	Ambystoma mexicanum	5DPI_1	Stereo-seq cellbin	dbfree	8106	19	5000	0	1000	model_x_expression_potential	mean	0.5	contact	model_weighted_spatial_ccc_score	celltype_permutation	5000	5000	4995	7.047326691347413e-05	7.047326691347413e-05	6.04508460023379e-05	1.4691629121696648e-05	0.6821858099000798	0.2667332667332667	0.6821858099000798	0.2667332667332667
artista_axolotl	artista_axolotl	Ambystoma mexicanum	5DPI_1	Stereo-seq cellbin	dbfree	8106	19	5000	0	1000	model_x_expression_potential	mean	0.5	contact	model_weighted_spatial_ccc_score	matched_random_lr	5000	5000	4995	7.047326691347413e-05	7.047326691347413e-05	6.826247703642344e-05	1.5059950550906952e-06	1.4679927862827828	0.0609390609390609	1.4679927862827828	0.0609390609390609
artista_axolotl	artista_axolotl	Ambystoma mexicanum	5DPI_1	Stereo-seq cellbin	dbfree	8106	19	5000	0	1000	model_x_expression_potential	mean	0.5	contact	model_weighted_spatial_ccc_score	score_permutation	5000	5000	4995	7.047326691347413e-05	7.047326691347413e-05	5.117716279806652e-05	5.481210403224924e-07	35.2040930668426	0.0009990009990009	35.2040930668426	0.0009990009990009
artista_axolotl	artista_axolotl	Ambystoma mexicanum	5DPI_1	Stereo-seq cellbin	dbfree	8106	19	5000	0	1000	model_x_expression_potential	mean	0.5	exp	spatial_ccc_score	pooled	100	100	100	0.0007873318479537	0.0007873318479537	0.0006602602501939	0.0001675703136845	0.7583180753543924	0.3724068982754311	0.7583180753543924	0.3724068982754311
artista_axolotl	artista_axolotl	Ambystoma mexicanum	5DPI_1	Stereo-seq cellbin	dbfree	8106	19	5000	0	1000	model_x_expression_potential	mean	0.5	exp	spatial_ccc_score	coordinate_permutation	100	100	100	0.0007873318479537	0.0007873318479537	0.0007843280137912	7.201590669925916e-06	0.4171070392884541	0.2717282717282717	0.4171070392884541	0.2717282717282717
artista_axolotl	artista_axolotl	Ambystoma mexicanum	5DPI_1	Stereo-seq cellbin	dbfree	8106	19	5000	0	1000	model_x_expression_potential	mean	0.5	exp	spatial_ccc_score	celltype_permutation	100	100	100	0.0007873318479537	0.0007873318479537	0.0006474790856858	0.0001502191143512	0.9309917907044044	0.2187812187812187	0.9309917907044044	0.2187812187812187
artista_axolotl	artista_axolotl	Ambystoma mexicanum	5DPI_1	Stereo-seq cellbin	dbfree	8106	19	5000	0	1000	model_x_expression_potential	mean	0.5	exp	spatial_ccc_score	matched_random_lr	100	100	100	0.0007873318479537	0.0007873318479537	0.0004219020533449	3.4341271879447465e-05	10.641125811869117	0.0009990009990009	10.641125811869117	0.0009990009990009
artista_axolotl	artista_axolotl	Ambystoma mexicanum	5DPI_1	Stereo-seq cellbin	dbfree	8106	19	5000	0	1000	model_x_expression_potential	mean	0.5	exp	spatial_ccc_score	score_permutation	100	100	100	0.0007873318479537	0.0007873318479537	0.0007873318479537	0.0	0.0	1.0	0.0	1.0
artista_axolotl	artista_axolotl	Ambystoma mexicanum	5DPI_1	Stereo-seq cellbin	dbfree	8106	19	5000	0	1000	model_x_expression_potential	mean	0.5	exp	spatial_ccc_score	pooled	500	500	500	0.0004874993931611	0.0004874993931611	0.000437372572705	7.075026030831666e-05	0.7085036894231752	0.3824043989002749	0.7085036894231752	0.3824043989002749
artista_axolotl	artista_axolotl	Ambystoma mexicanum	5DPI_1	Stereo-seq cellbin	dbfree	8106	19	5000	0	1000	model_x_expression_potential	mean	0.5	exp	spatial_ccc_score	coordinate_permutation	500	500	500	0.0004874993931611	0.0004874993931611	0.0004857248478966	4.468372031261332e-06	0.397134628022667	0.2767232767232767	0.397134628022667	0.2767232767232767
artista_axolotl	artista_axolotl	Ambystoma mexicanum	5DPI_1	Stereo-seq cellbin	dbfree	8106	19	5000	0	1000	model_x_expression_potential	mean	0.5	exp	spatial_ccc_score	celltype_permutation	500	500	500	0.0004874993931611	0.0004874993931611	0.0004112704111582	9.491975825921752e-05	0.8030886656355145	0.2537462537462537	0.8030886656355145	0.2537462537462537
artista_axolotl	artista_axolotl	Ambystoma mexicanum	5DPI_1	Stereo-seq cellbin	dbfree	8106	19	5000	0	1000	model_x_expression_potential	mean	0.5	exp	spatial_ccc_score	matched_random_lr	500	500	500	0.0004874993931611	0.0004874993931611	0.000364995638604	1.5051148470107242e-05	8.139163253909093	0.0009990009990009	8.139163253909093	0.0009990009990009
artista_axolotl	artista_axolotl	Ambystoma mexicanum	5DPI_1	Stereo-seq cellbin	dbfree	8106	19	5000	0	1000	model_x_expression_potential	mean	0.5	exp	spatial_ccc_score	score_permutation	500	500	500	0.0004874993931611	0.0004874993931611	0.0004874993931611	2.169489360973344e-19	0.999499874937461	1.0	0.999499874937461	1.0
artista_axolotl	artista_axolotl	Ambystoma mexicanum	5DPI_1	Stereo-seq cellbin	dbfree	8106	19	5000	0	1000	model_x_expression_potential	mean	0.5	exp	spatial_ccc_score	pooled	1000	1000	1000	0.0003434292709063	0.0003434292709063	0.0003209548091186	4.078427463487412e-05	0.5510570431601469	0.3824043989002749	0.5510570431601469	0.3824043989002749
artista_axolotl	artista_axolotl	Ambystoma mexicanum	5DPI_1	Stereo-seq cellbin	dbfree	8106	19	5000	0	1000	model_x_expression_potential	mean	0.5	exp	spatial_ccc_score	coordinate_permutation	1000	1000	1000	0.0003434292709063	0.0003434292709063	0.0003421472391947	3.145562436741311e-06	0.4075683561761276	0.2727272727272727	0.4075683561761276	0.2727272727272727
artista_axolotl	artista_axolotl	Ambystoma mexicanum	5DPI_1	Stereo-seq cellbin	dbfree	8106	19	5000	0	1000	model_x_expression_potential	mean	0.5	exp	spatial_ccc_score	celltype_permutation	1000	1000	1000	0.0003434292709063	0.0003434292709063	0.0002921199431136	6.74915191855172e-05	0.7602337065746392	0.2577422577422577	0.7602337065746392	0.2577422577422577
artista_axolotl	artista_axolotl	Ambystoma mexicanum	5DPI_1	Stereo-seq cellbin	dbfree	8106	19	5000	0	1000	model_x_expression_potential	mean	0.5	exp	spatial_ccc_score	matched_random_lr	1000	1000	1000	0.0003434292709063	0.0003434292709063	0.0003061227832598	9.260501645824568e-06	4.028560122698136	0.0009990009990009	4.028560122698136	0.0009990009990009
artista_axolotl	artista_axolotl	Ambystoma mexicanum	5DPI_1	Stereo-seq cellbin	dbfree	8106	19	5000	0	1000	model_x_expression_potential	mean	0.5	exp	spatial_ccc_score	score_permutation	1000	1000	1000	0.0003434292709063	0.0003434292709063	0.0003434292709063	0.0	0.0	1.0	0.0	1.0
artista_axolotl	artista_axolotl	Ambystoma mexicanum	5DPI_1	Stereo-seq cellbin	dbfree	8106	19	5000	0	1000	model_x_expression_potential	mean	0.5	exp	spatial_ccc_score	pooled	5000	5000	4995	9.59910292725317e-05	9.59910292725317e-05	9.227092216247555e-05	1.1230032601572018e-05	0.3312641416139237	0.4796300924768807	0.3312641416139237	0.4796300924768807
artista_axolotl	artista_axolotl	Ambystoma mexicanum	5DPI_1	Stereo-seq cellbin	dbfree	8106	19	5000	0	1000	model_x_expression_potential	mean	0.5	exp	spatial_ccc_score	coordinate_permutation	5000	5000	4995	9.59910292725317e-05	9.59910292725317e-05	9.560054297451032e-05	8.784055754699518e-07	0.4445398673755665	0.2657342657342657	0.4445398673755665	0.2657342657342657
artista_axolotl	artista_axolotl	Ambystoma mexicanum	5DPI_1	Stereo-seq cellbin	dbfree	8106	19	5000	0	1000	model_x_expression_potential	mean	0.5	exp	spatial_ccc_score	celltype_permutation	5000	5000	4995	9.59910292725317e-05	9.59910292725317e-05	8.200924907961836e-05	1.8961482191505624e-05	0.737378019909061	0.2597402597402597	0.737378019909061	0.2597402597402597
artista_axolotl	artista_axolotl	Ambystoma mexicanum	5DPI_1	Stereo-seq cellbin	dbfree	8106	19	5000	0	1000	model_x_expression_potential	mean	0.5	exp	spatial_ccc_score	matched_random_lr	5000	5000	4995	9.59910292725317e-05	9.59910292725317e-05	9.548286732324184e-05	1.9593526155192308e-06	0.2593519641461715	0.3946053946053946	0.2593519641461715	0.3946053946053946
artista_axolotl	artista_axolotl	Ambystoma mexicanum	5DPI_1	Stereo-seq cellbin	dbfree	8106	19	5000	0	1000	model_x_expression_potential	mean	0.5	exp	spatial_ccc_score	score_permutation	5000	5000	4995	9.59910292725317e-05	9.59910292725317e-05	9.599102927253171e-05	2.7118617012166795e-20	-0.999499874937461	1.0	-0.999499874937461	1.0
artista_axolotl	artista_axolotl	Ambystoma mexicanum	5DPI_1	Stereo-seq cellbin	dbfree	8106	19	5000	0	1000	model_x_expression_potential	mean	0.5	exp	model_weighted_spatial_ccc_score	pooled	100	100	100	0.0007045157528116	0.0007045157528116	0.0005258086959151	0.0001431754766738	1.2481680595601012	0.1224693826543364	1.2481680595601012	0.1224693826543364
artista_axolotl	artista_axolotl	Ambystoma mexicanum	5DPI_1	Stereo-seq cellbin	dbfree	8106	19	5000	0	1000	model_x_expression_potential	mean	0.5	exp	model_weighted_spatial_ccc_score	coordinate_permutation	100	100	100	0.0007045157528116	0.0007045157528116	0.0007018279210677	6.442976779830171e-06	0.4171723468444893	0.2717282717282717	0.4171723468444893	0.2717282717282717
artista_axolotl	artista_axolotl	Ambystoma mexicanum	5DPI_1	Stereo-seq cellbin	dbfree	8106	19	5000	0	1000	model_x_expression_potential	mean	0.5	exp	model_weighted_spatial_ccc_score	celltype_permutation	100	100	100	0.0007045157528116	0.0007045157528116	0.0005790090621647	0.0001343510263582	0.9341699430881352	0.2187812187812187	0.9341699430881352	0.2187812187812187
artista_axolotl	artista_axolotl	Ambystoma mexicanum	5DPI_1	Stereo-seq cellbin	dbfree	8106	19	5000	0	1000	model_x_expression_potential	mean	0.5	exp	model_weighted_spatial_ccc_score	matched_random_lr	100	100	100	0.0007045157528116	0.0007045157528116	0.0003757667522461	3.053261058823294e-05	10.7671435305366	0.0009990009990009	10.7671435305366	0.0009990009990009
artista_axolotl	artista_axolotl	Ambystoma mexicanum	5DPI_1	Stereo-seq cellbin	dbfree	8106	19	5000	0	1000	model_x_expression_potential	mean	0.5	exp	model_weighted_spatial_ccc_score	score_permutation	100	100	100	0.0007045157528116	0.0007045157528116	0.0004466310481817	1.9418764361526634e-05	13.280180954297306	0.0009990009990009	13.280180954297306	0.0009990009990009
artista_axolotl	artista_axolotl	Ambystoma mexicanum	5DPI_1	Stereo-seq cellbin	dbfree	8106	19	5000	0	1000	model_x_expression_potential	mean	0.5	exp	model_weighted_spatial_ccc_score	pooled	500	500	500	0.0004156592516919	0.0004156592516919	0.0003375250192509	6.57392840906795e-05	1.1885470540446563	0.1322169457635591	1.1885470540446563	0.1322169457635591
artista_axolotl	artista_axolotl	Ambystoma mexicanum	5DPI_1	Stereo-seq cellbin	dbfree	8106	19	5000	0	1000	model_x_expression_potential	mean	0.5	exp	model_weighted_spatial_ccc_score	coordinate_permutation	500	500	500	0.0004156592516919	0.0004156592516919	0.0004141432441854	3.808975128232332e-06	0.398009295281574	0.2767232767232767	0.398009295281574	0.2767232767232767
artista_axolotl	artista_axolotl	Ambystoma mexicanum	5DPI_1	Stereo-seq cellbin	dbfree	8106	19	5000	0	1000	model_x_expression_potential	mean	0.5	exp	model_weighted_spatial_ccc_score	celltype_permutation	500	500	500	0.0004156592516919	0.0004156592516919	0.0003503588082024	8.086202173689017e-05	0.8075539305958338	0.2527472527472527	0.8075539305958338	0.2527472527472527
artista_axolotl	artista_axolotl	Ambystoma mexicanum	5DPI_1	Stereo-seq cellbin	dbfree	8106	19	5000	0	1000	model_x_expression_potential	mean	0.5	exp	model_weighted_spatial_ccc_score	matched_random_lr	500	500	500	0.0004156592516919	0.0004156592516919	0.0003087133981549	1.2694511456798252e-05	8.424574187114597	0.0009990009990009	8.424574187114597	0.0009990009990009
artista_axolotl	artista_axolotl	Ambystoma mexicanum	5DPI_1	Stereo-seq cellbin	dbfree	8106	19	5000	0	1000	model_x_expression_potential	mean	0.5	exp	model_weighted_spatial_ccc_score	score_permutation	500	500	500	0.0004156592516919	0.0004156592516919	0.000276884626461	5.6822618948456e-06	24.422426808020443	0.0009990009990009	24.422426808020443	0.0009990009990009
artista_axolotl	artista_axolotl	Ambystoma mexicanum	5DPI_1	Stereo-seq cellbin	dbfree	8106	19	5000	0	1000	model_x_expression_potential	mean	0.5	exp	model_weighted_spatial_ccc_score	pooled	1000	1000	1000	0.0002862110746781	0.0002862110746781	0.0002436901643406	4.29423238411524e-05	0.9901865230867528	0.1322169457635591	0.9901865230867528	0.1322169457635591
artista_axolotl	artista_axolotl	Ambystoma mexicanum	5DPI_1	Stereo-seq cellbin	dbfree	8106	19	5000	0	1000	model_x_expression_potential	mean	0.5	exp	model_weighted_spatial_ccc_score	coordinate_permutation	1000	1000	1000	0.0002862110746781	0.0002862110746781	0.0002851431797871	2.621075154226337e-06	0.4074262766655578	0.2727272727272727	0.4074262766655578	0.2727272727272727
artista_axolotl	artista_axolotl	Ambystoma mexicanum	5DPI_1	Stereo-seq cellbin	dbfree	8106	19	5000	0	1000	model_x_expression_potential	mean	0.5	exp	model_weighted_spatial_ccc_score	celltype_permutation	1000	1000	1000	0.0002862110746781	0.0002862110746781	0.000243179669373	5.617789687428005e-05	0.7659846256158155	0.2567432567432567	0.7659846256158155	0.2567432567432567
artista_axolotl	artista_axolotl	Ambystoma mexicanum	5DPI_1	Stereo-seq cellbin	dbfree	8106	19	5000	0	1000	model_x_expression_potential	mean	0.5	exp	model_weighted_spatial_ccc_score	matched_random_lr	1000	1000	1000	0.0002862110746781	0.0002862110746781	0.0002514209334115	7.643778926283846e-06	4.551432164912429	0.0009990009990009	4.551432164912429	0.0009990009990009
artista_axolotl	artista_axolotl	Ambystoma mexicanum	5DPI_1	Stereo-seq cellbin	dbfree	8106	19	5000	0	1000	model_x_expression_potential	mean	0.5	exp	model_weighted_spatial_ccc_score	score_permutation	1000	1000	1000	0.0002862110746781	0.0002862110746781	0.0001950168747906	2.972922277234042e-06	30.674935764666376	0.0009990009990009	30.674935764666376	0.0009990009990009
artista_axolotl	artista_axolotl	Ambystoma mexicanum	5DPI_1	Stereo-seq cellbin	dbfree	8106	19	5000	0	1000	model_x_expression_potential	mean	0.5	exp	model_weighted_spatial_ccc_score	pooled	5000	5000	4995	7.501761798856327e-05	7.501761798856327e-05	6.645328768878666e-05	1.0929192041507135e-05	0.7836197101533943	0.1459635091227193	0.7836197101533943	0.1459635091227193
artista_axolotl	artista_axolotl	Ambystoma mexicanum	5DPI_1	Stereo-seq cellbin	dbfree	8106	19	5000	0	1000	model_x_expression_potential	mean	0.5	exp	model_weighted_spatial_ccc_score	coordinate_permutation	5000	5000	4995	7.501761798856327e-05	7.501761798856327e-05	7.472065959095625e-05	6.865846573418961e-07	0.4325153415992229	0.2667332667332667	0.4325153415992229	0.2667332667332667
artista_axolotl	artista_axolotl	Ambystoma mexicanum	5DPI_1	Stereo-seq cellbin	dbfree	8106	19	5000	0	1000	model_x_expression_potential	mean	0.5	exp	model_weighted_spatial_ccc_score	celltype_permutation	5000	5000	4995	7.501761798856327e-05	7.501761798856327e-05	6.392621415342713e-05	1.4772181248310616e-05	0.7508304730829499	0.2587412587412587	0.7508304730829499	0.2587412587412587
artista_axolotl	artista_axolotl	Ambystoma mexicanum	5DPI_1	Stereo-seq cellbin	dbfree	8106	19	5000	0	1000	model_x_expression_potential	mean	0.5	exp	model_weighted_spatial_ccc_score	matched_random_lr	5000	5000	4995	7.501761798856327e-05	7.501761798856327e-05	7.266932351817615e-05	1.5927372080486685e-06	1.4743766005593082	0.0599400599400599	1.4743766005593082	0.0599400599400599
artista_axolotl	artista_axolotl	Ambystoma mexicanum	5DPI_1	Stereo-seq cellbin	dbfree	8106	19	5000	0	1000	model_x_expression_potential	mean	0.5	exp	model_weighted_spatial_ccc_score	score_permutation	5000	5000	4995	7.501761798856327e-05	7.501761798856327e-05	5.44969534925871e-05	5.804766836903238e-07	35.35140182637147	0.0009990009990009	35.35140182637147	0.0009990009990009
artista_axolotl	artista_axolotl	Ambystoma mexicanum	5DPI_1	Stereo-seq cellbin	role_only	8106	19	5000	0	1000	role_only			contact	spatial_ccc_score	pooled	100	100	100	0.00012144835223	0.00012144835223	0.0001189175943071	1.661169355898107e-05	0.1523479778765089	0.6553361659585104	0.1523479778765089	0.6553361659585104
artista_axolotl	artista_axolotl	Ambystoma mexicanum	5DPI_1	Stereo-seq cellbin	role_only	8106	19	5000	0	1000	role_only			contact	spatial_ccc_score	coordinate_permutation	100	100	100	0.00012144835223	0.00012144835223	0.0001224033316194	1.348656181394398e-06	-0.7080969950748585	0.8611388611388612	-0.7080969950748585	0.8611388611388612
artista_axolotl	artista_axolotl	Ambystoma mexicanum	5DPI_1	Stereo-seq cellbin	role_only	8106	19	5000	0	1000	role_only			contact	spatial_ccc_score	celltype_permutation	100	100	100	0.00012144835223	0.00012144835223	0.0001102016727596	2.7313383661678064e-05	0.4117644159251851	0.2907092907092907	0.4117644159251851	0.2907092907092907
artista_axolotl	artista_axolotl	Ambystoma mexicanum	5DPI_1	Stereo-seq cellbin	role_only	8106	19	5000	0	1000	role_only			contact	spatial_ccc_score	matched_random_lr	100	100	100	0.00012144835223	0.00012144835223	0.0001216170206197	1.5964683601324173e-05	-0.0105650944239742	0.4705294705294705	-0.0105650944239742	0.4705294705294705
artista_axolotl	artista_axolotl	Ambystoma mexicanum	5DPI_1	Stereo-seq cellbin	role_only	8106	19	5000	0	1000	role_only			contact	spatial_ccc_score	score_permutation	100	100	100	0.00012144835223	0.00012144835223	0.00012144835223	2.7118617012166795e-20	-0.999499874937461	1.0	-0.999499874937461	1.0
artista_axolotl	artista_axolotl	Ambystoma mexicanum	5DPI_1	Stereo-seq cellbin	role_only	8106	19	5000	0	1000	role_only			contact	spatial_ccc_score	pooled	500	500	500	0.0001095234650183	0.0001095234650183	0.000108651917023	1.517870529736512e-05	0.0574191262127614	0.770557360659835	0.0574191262127614	0.770557360659835
artista_axolotl	artista_axolotl	Ambystoma mexicanum	5DPI_1	Stereo-seq cellbin	role_only	8106	19	5000	0	1000	role_only			contact	spatial_ccc_score	coordinate_permutation	500	500	500	0.0001095234650183	0.0001095234650183	0.0001103728246946	1.195621015855997e-06	-0.7103920599412215	0.8841158841158842	-0.7103920599412215	0.8841158841158842
artista_axolotl	artista_axolotl	Ambystoma mexicanum	5DPI_1	Stereo-seq cellbin	role_only	8106	19	5000	0	1000	role_only			contact	spatial_ccc_score	celltype_permutation	500	500	500	0.0001095234650183	0.0001095234650183	9.469233278353968e-05	2.3246221565166432e-05	0.638001844437022	0.2587412587412587	0.638001844437022	0.2587412587412587
artista_axolotl	artista_axolotl	Ambystoma mexicanum	5DPI_1	Stereo-seq cellbin	role_only	8106	19	5000	0	1000	role_only			contact	spatial_ccc_score	matched_random_lr	500	500	500	0.0001095234650183	0.0001095234650183	0.0001200190455958	7.233053877472099e-06	-1.451057983990871	0.94005994005994	-1.451057983990871	0.94005994005994
artista_axolotl	artista_axolotl	Ambystoma mexicanum	5DPI_1	Stereo-seq cellbin	role_only	8106	19	5000	0	1000	role_only			contact	spatial_ccc_score	score_permutation	500	500	500	0.0001095234650183	0.0001095234650183	0.0001095234650183	0.0	0.0	1.0	0.0	1.0
artista_axolotl	artista_axolotl	Ambystoma mexicanum	5DPI_1	Stereo-seq cellbin	role_only	8106	19	5000	0	1000	role_only			contact	spatial_ccc_score	pooled	1000	1000	1000	0.0001044811254118	0.0001044811254118	0.0001029231806363	1.3184731330350064e-05	0.1181628003248156	0.7553111722069482	0.1181628003248156	0.7553111722069482
artista_axolotl	artista_axolotl	Ambystoma mexicanum	5DPI_1	Stereo-seq cellbin	role_only	8106	19	5000	0	1000	role_only			contact	spatial_ccc_score	coordinate_permutation	1000	1000	1000	0.0001044811254118	0.0001044811254118	0.0001053145589731	1.1489025773706056e-06	-0.7254170873167799	0.8871128871128872	-0.7254170873167799	0.8871128871128872
artista_axolotl	artista_axolotl	Ambystoma mexicanum	5DPI_1	Stereo-seq cellbin	role_only	8106	19	5000	0	1000	role_only			contact	spatial_ccc_score	celltype_permutation	1000	1000	1000	0.0001044811254118	0.0001044811254118	9.24201511612954e-05	2.259186820533449e-05	0.5338635185444137	0.2777222777222777	0.5338635185444137	0.2777222777222777
artista_axolotl	artista_axolotl	Ambystoma mexicanum	5DPI_1	Stereo-seq cellbin	role_only	8106	19	5000	0	1000	role_only			contact	spatial_ccc_score	matched_random_lr	1000	1000	1000	0.0001044811254118	0.0001044811254118	0.000109476886999	4.752468691399313e-06	-1.0511929507810454	0.8571428571428571	-1.0511929507810454	0.8571428571428571
artista_axolotl	artista_axolotl	Ambystoma mexicanum	5DPI_1	Stereo-seq cellbin	role_only	8106	19	5000	0	1000	role_only			contact	spatial_ccc_score	score_permutation	1000	1000	1000	0.0001044811254118	0.0001044811254118	0.0001044811254118	2.7118617012166795e-20	-0.999499874937461	1.0	-0.999499874937461	1.0
artista_axolotl	artista_axolotl	Ambystoma mexicanum	5DPI_1	Stereo-seq cellbin	role_only	8106	19	5000	0	1000	role_only			contact	spatial_ccc_score	pooled	5000	5000	4995	9.014327944313007e-05	9.014327944313007e-05	8.702327833277405e-05	1.096200260207688e-05	0.2846196286949357	0.6348412896775806	0.2846196286949357	0.6348412896775806
artista_axolotl	artista_axolotl	Ambystoma mexicanum	5DPI_1	Stereo-seq cellbin	role_only	8106	19	5000	0	1000	role_only			contact	spatial_ccc_score	coordinate_permutation	5000	5000	4995	9.014327944313007e-05	9.014327944313007e-05	9.089718627012592e-05	9.975126708543248e-07	-0.7557867173257485	0.9050949050949052	-0.7557867173257485	0.9050949050949052
artista_axolotl	artista_axolotl	Ambystoma mexicanum	5DPI_1	Stereo-seq cellbin	role_only	8106	19	5000	0	1000	role_only			contact	spatial_ccc_score	celltype_permutation	5000	5000	4995	9.014327944313007e-05	9.014327944313007e-05	7.755121933504639e-05	1.8857260256114768e-05	0.6677566060531263	0.2677322677322677	0.6677566060531263	0.2677322677322677
artista_axolotl	artista_axolotl	Ambystoma mexicanum	5DPI_1	Stereo-seq cellbin	role_only	8106	19	5000	0	1000	role_only			contact	spatial_ccc_score	matched_random_lr	5000	5000	4995	9.014327944313007e-05	9.014327944313007e-05	8.950142828279384e-05	1.9256541143462284e-06	0.3333159135664188	0.3676323676323676	0.3333159135664188	0.3676323676323676
artista_axolotl	artista_axolotl	Ambystoma mexicanum	5DPI_1	Stereo-seq cellbin	role_only	8106	19	5000	0	1000	role_only			contact	spatial_ccc_score	score_permutation	5000	5000	4995	9.014327944313007e-05	9.014327944313007e-05	9.014327944313007e-05	1.3559308506083394e-20	0.999499874937461	1.0	0.999499874937461	1.0
artista_axolotl	artista_axolotl	Ambystoma mexicanum	5DPI_1	Stereo-seq cellbin	role_only	8106	19	5000	0	1000	role_only			contact	model_weighted_spatial_ccc_score	pooled	100	100	100	9.640458866418837e-05	9.640458866418837e-05	8.07191061040329e-05	2.6298054916126752e-05	0.5964502930038617	0.4056485878530367	0.5964502930038617	0.4056485878530367
artista_axolotl	artista_axolotl	Ambystoma mexicanum	5DPI_1	Stereo-seq cellbin	role_only	8106	19	5000	0	1000	role_only			contact	model_weighted_spatial_ccc_score	coordinate_permutation	100	100	100	9.640458866418837e-05	9.640458866418837e-05	9.716619529510028e-05	1.07191286387057e-06	-0.7105116997680472	0.8631368631368631	-0.7105116997680472	0.8631368631368631
artista_axolotl	artista_axolotl	Ambystoma mexicanum	5DPI_1	Stereo-seq cellbin	role_only	8106	19	5000	0	1000	role_only			contact	model_weighted_spatial_ccc_score	celltype_permutation	100	100	100	9.640458866418837e-05	9.640458866418837e-05	8.760591190738043e-05	2.1715984063417665e-05	0.4051705292798591	0.2917082917082917	0.4051705292798591	0.2917082917082917
artista_axolotl	artista_axolotl	Ambystoma mexicanum	5DPI_1	Stereo-seq cellbin	role_only	8106	19	5000	0	1000	role_only			contact	model_weighted_spatial_ccc_score	matched_random_lr	100	100	100	9.640458866418837e-05	9.640458866418837e-05	9.65553664218746e-05	1.2717962144528238e-05	-0.011855496656838	0.4685314685314685	-0.011855496656838	0.4685314685314685
artista_axolotl	artista_axolotl	Ambystoma mexicanum	5DPI_1	Stereo-seq cellbin	role_only	8106	19	5000	0	1000	role_only			contact	model_weighted_spatial_ccc_score	score_permutation	100	100	100	9.640458866418837e-05	9.640458866418837e-05	4.154895079177634e-05	5.368418204422116e-06	10.21821247592557	0.0009990009990009	10.21821247592557	0.0009990009990009
artista_axolotl	artista_axolotl	Ambystoma mexicanum	5DPI_1	Stereo-seq cellbin	role_only	8106	19	5000	0	1000	role_only			contact	model_weighted_spatial_ccc_score	pooled	500	500	500	7.792903021268755e-05	7.792903021268755e-05	6.720530858119402e-05	2.032169509762386e-05	0.5276981856079229	0.5201199700074981	0.5276981856079229	0.5201199700074981
artista_axolotl	artista_axolotl	Ambystoma mexicanum	5DPI_1	Stereo-seq cellbin	role_only	8106	19	5000	0	1000	role_only			contact	model_weighted_spatial_ccc_score	coordinate_permutation	500	500	500	7.792903021268755e-05	7.792903021268755e-05	7.853313454475715e-05	8.513987250057914e-07	-0.7095433835251304	0.8821178821178821	-0.7095433835251304	0.8821178821178821
artista_axolotl	artista_axolotl	Ambystoma mexicanum	5DPI_1	Stereo-seq cellbin	role_only	8106	19	5000	0	1000	role_only			contact	model_weighted_spatial_ccc_score	celltype_permutation	500	500	500	7.792903021268755e-05	7.792903021268755e-05	6.745560769631659e-05	1.656311024024186e-05	0.6323342877308548	0.2597402597402597	0.6323342877308548	0.2597402597402597
artista_axolotl	artista_axolotl	Ambystoma mexicanum	5DPI_1	Stereo-seq cellbin	role_only	8106	19	5000	0	1000	role_only			contact	model_weighted_spatial_ccc_score	matched_random_lr	500	500	500	7.792903021268755e-05	7.792903021268755e-05	8.539551509420408e-05	5.1733829025527385e-06	-1.4432500014318077	0.939060939060939	-1.4432500014318077	0.939060939060939
artista_axolotl	artista_axolotl	Ambystoma mexicanum	5DPI_1	Stereo-seq cellbin	role_only	8106	19	5000	0	1000	role_only			contact	model_weighted_spatial_ccc_score	score_permutation	500	500	500	7.792903021268755e-05	7.792903021268755e-05	3.743697698949832e-05	2.129247198835457e-06	19.01707478837377	0.0009990009990009	19.01707478837377	0.0009990009990009
artista_axolotl	artista_axolotl	Ambystoma mexicanum	5DPI_1	Stereo-seq cellbin	role_only	8106	19	5000	0	1000	role_only			contact	model_weighted_spatial_ccc_score	pooled	1000	1000	1000	6.71631750120045e-05	6.71631750120045e-05	5.834330136728376e-05	1.5616866134051725e-05	0.5647659119962286	0.509372656835791	0.5647659119962286	0.509372656835791
artista_axolotl	artista_axolotl	Ambystoma mexicanum	5DPI_1	Stereo-seq cellbin	role_only	8106	19	5000	0	1000	role_only			contact	model_weighted_spatial_ccc_score	coordinate_permutation	1000	1000	1000	6.71631750120045e-05	6.71631750120045e-05	6.769750378707308e-05	7.381577670475353e-07	-0.7238679844903229	0.8841158841158842	-0.7238679844903229	0.8841158841158842
artista_axolotl	artista_axolotl	Ambystoma mexicanum	5DPI_1	Stereo-seq cellbin	role_only	8106	19	5000	0	1000	role_only			contact	model_weighted_spatial_ccc_score	celltype_permutation	1000	1000	1000	6.71631750120045e-05	6.71631750120045e-05	5.927267028661654e-05	1.4494348339121796e-05	0.5443849244391793	0.2767232767232767	0.5443849244391793	0.2767232767232767
artista_axolotl	artista_axolotl	Ambystoma mexicanum	5DPI_1	Stereo-seq cellbin	role_only	8106	19	5000	0	1000	role_only			contact	model_weighted_spatial_ccc_score	matched_random_lr	1000	1000	1000	6.71631750120045e-05	6.71631750120045e-05	7.069331252927168e-05	3.1074204025024504e-06	-1.1360347362153842	0.8771228771228772	-1.1360347362153842	0.8771228771228772
artista_axolotl	artista_axolotl	Ambystoma mexicanum	5DPI_1	Stereo-seq cellbin	role_only	8106	19	5000	0	1000	role_only			contact	model_weighted_spatial_ccc_score	score_permutation	1000	1000	1000	6.71631750120045e-05	6.71631750120045e-05	3.570971886617373e-05	1.4390164944410204e-06	21.857606405025077	0.0009990009990009	21.857606405025077	0.0009990009990009
artista_axolotl	artista_axolotl	Ambystoma mexicanum	5DPI_1	Stereo-seq cellbin	role_only	8106	19	5000	0	1000	role_only			contact	model_weighted_spatial_ccc_score	pooled	5000	5000	4995	3.294640846887113e-05	3.294640846887113e-05	3.143617855226504e-05	4.002072443960695e-06	0.3773619637708208	0.4338915271182204	0.3773619637708208	0.4338915271182204
artista_axolotl	artista_axolotl	Ambystoma mexicanum	5DPI_1	Stereo-seq cellbin	role_only	8106	19	5000	0	1000	role_only			contact	model_weighted_spatial_ccc_score	coordinate_permutation	5000	5000	4995	3.294640846887113e-05	3.294640846887113e-05	3.321865966552719e-05	3.640882628122644e-07	-0.7477615305507418	0.9010989010989012	-0.7477615305507418	0.9010989010989012
artista_axolotl	artista_axolotl	Ambystoma mexicanum	5DPI_1	Stereo-seq cellbin	role_only	8106	19	5000	0	1000	role_only			contact	model_weighted_spatial_ccc_score	celltype_permutation	5000	5000	4995	3.294640846887113e-05	3.294640846887113e-05	2.8553413109503067e-05	6.950121594736312e-06	0.632074604665206	0.2687312687312687	0.632074604665206	0.2687312687312687
artista_axolotl	artista_axolotl	Ambystoma mexicanum	5DPI_1	Stereo-seq cellbin	role_only	8106	19	5000	0	1000	role_only			contact	model_weighted_spatial_ccc_score	matched_random_lr	5000	5000	4995	3.294640846887113e-05	3.294640846887113e-05	3.312893479051664e-05	8.253072161060145e-07	-0.2211616693559361	0.5664335664335665	-0.2211616693559361	0.5664335664335665
artista_axolotl	artista_axolotl	Ambystoma mexicanum	5DPI_1	Stereo-seq cellbin	role_only	8106	19	5000	0	1000	role_only			contact	model_weighted_spatial_ccc_score	score_permutation	5000	5000	4995	3.294640846887113e-05	3.294640846887113e-05	3.0843706643513245e-05	5.27076737972615e-07	3.989365634776196	0.0009990009990009	3.989365634776196	0.0009990009990009
artista_axolotl	artista_axolotl	Ambystoma mexicanum	5DPI_1	Stereo-seq cellbin	role_only	8106	19	5000	0	1000	role_only			exp	spatial_ccc_score	pooled	100	100	100	0.0001295990204163	0.0001295990204163	0.0001261383364012	1.7051250941158976e-05	0.2029577787025878	0.4976255936015996	0.2029577787025878	0.4976255936015996
artista_axolotl	artista_axolotl	Ambystoma mexicanum	5DPI_1	Stereo-seq cellbin	role_only	8106	19	5000	0	1000	role_only			exp	spatial_ccc_score	coordinate_permutation	100	100	100	0.0001295990204163	0.0001295990204163	0.0001290211702291	1.1827166144418112e-06	0.4885787349372394	0.2507492507492507	0.4885787349372394	0.2507492507492507
artista_axolotl	artista_axolotl	Ambystoma mexicanum	5DPI_1	Stereo-seq cellbin	role_only	8106	19	5000	0	1000	role_only			exp	spatial_ccc_score	celltype_permutation	100	100	100	0.0001295990204163	0.0001295990204163	0.0001165341010348	2.746764631926311e-05	0.4756475756862709	0.2797202797202797	0.4756475756862709	0.2797202797202797
artista_axolotl	artista_axolotl	Ambystoma mexicanum	5DPI_1	Stereo-seq cellbin	role_only	8106	19	5000	0	1000	role_only			exp	spatial_ccc_score	matched_random_lr	100	100	100	0.0001295990204163	0.0001295990204163	0.0001293990539247	1.687303665230057e-05	0.0118512450221101	0.4615384615384615	0.0118512450221101	0.4615384615384615
artista_axolotl	artista_axolotl	Ambystoma mexicanum	5DPI_1	Stereo-seq cellbin	role_only	8106	19	5000	0	1000	role_only			exp	spatial_ccc_score	score_permutation	100	100	100	0.0001295990204163	0.0001295990204163	0.0001295990204163	0.0	0.0	1.0	0.0	1.0
artista_axolotl	artista_axolotl	Ambystoma mexicanum	5DPI_1	Stereo-seq cellbin	role_only	8106	19	5000	0	1000	role_only			exp	spatial_ccc_score	pooled	500	500	500	0.0001166071703742	0.0001166071703742	0.0001150957463689	1.5720459921210673e-05	0.0961437523378066	0.6075981004748813	0.0961437523378066	0.6075981004748813
artista_axolotl	artista_axolotl	Ambystoma mexicanum	5DPI_1	Stereo-seq cellbin	role_only	8106	19	5000	0	1000	role_only			exp	spatial_ccc_score	coordinate_permutation	500	500	500	0.0001166071703742	0.0001166071703742	0.0001160491234037	1.0492499360570612e-06	0.5318532328334572	0.2407592407592407	0.5318532328334572	0.2407592407592407
artista_axolotl	artista_axolotl	Ambystoma mexicanum	5DPI_1	Stereo-seq cellbin	role_only	8106	19	5000	0	1000	role_only			exp	spatial_ccc_score	celltype_permutation	500	500	500	0.0001166071703742	0.0001166071703742	0.0001001348423502	2.3373589091176865e-05	0.7047410630756381	0.2527472527472527	0.7047410630756381	0.2527472527472527
artista_axolotl	artista_axolotl	Ambystoma mexicanum	5DPI_1	Stereo-seq cellbin	role_only	8106	19	5000	0	1000	role_only			exp	spatial_ccc_score	matched_random_lr	500	500	500	0.0001166071703742	0.0001166071703742	0.0001275918493476	7.634779741151775e-06	-1.438768287464581	0.938061938061938	-1.438768287464581	0.938061938061938
artista_axolotl	artista_axolotl	Ambystoma mexicanum	5DPI_1	Stereo-seq cellbin	role_only	8106	19	5000	0	1000	role_only			exp	spatial_ccc_score	score_permutation	500	500	500	0.0001166071703742	0.0001166071703742	0.0001166071703742	1.3559308506083394e-20	-0.999499874937461	1.0	-0.999499874937461	1.0
artista_axolotl	artista_axolotl	Ambystoma mexicanum	5DPI_1	Stereo-seq cellbin	role_only	8106	19	5000	0	1000	role_only			exp	spatial_ccc_score	pooled	1000	1000	1000	0.0001113602621692	0.0001113602621692	0.0001090964634412	1.3538805575125276e-05	0.1672081569843188	0.5913521619595101	0.1672081569843188	0.5913521619595101
artista_axolotl	artista_axolotl	Ambystoma mexicanum	5DPI_1	Stereo-seq cellbin	role_only	8106	19	5000	0	1000	role_only			exp	spatial_ccc_score	coordinate_permutation	1000	1000	1000	0.0001113602621692	0.0001113602621692	0.0001108491204654	1.0099678527878572e-06	0.5060970034011814	0.2497502497502497	0.5060970034011814	0.2497502497502497
artista_axolotl	artista_axolotl	Ambystoma mexicanum	5DPI_1	Stereo-seq cellbin	role_only	8106	19	5000	0	1000	role_only			exp	spatial_ccc_score	celltype_permutation	1000	1000	1000	0.0001113602621692	0.0001113602621692	9.773311540699636e-05	2.2715743874061133e-05	0.5998987679115597	0.2677322677322677	0.5998987679115597	0.2677322677322677
artista_axolotl	artista_axolotl	Ambystoma mexicanum	5DPI_1	Stereo-seq cellbin	role_only	8106	19	5000	0	1000	role_only			exp	spatial_ccc_score	matched_random_lr	1000	1000	1000	0.0001113602621692	0.0001113602621692	0.0001164433557233	5.023129735681738e-06	-1.0119375412545666	0.8491508491508492	-1.0119375412545666	0.8491508491508492
artista_axolotl	artista_axolotl	Ambystoma mexicanum	5DPI_1	Stereo-seq cellbin	role_only	8106	19	5000	0	1000	role_only			exp	spatial_ccc_score	score_permutation	1000	1000	1000	0.0001113602621692	0.0001113602621692	0.0001113602621692	2.7118617012166795e-20	0.999499874937461	1.0	0.999499874937461	1.0
artista_axolotl	artista_axolotl	Ambystoma mexicanum	5DPI_1	Stereo-seq cellbin	role_only	8106	19	5000	0	1000	role_only			exp	spatial_ccc_score	pooled	5000	5000	4995	9.599102927253167e-05	9.599102927253167e-05	9.223048095944592e-05	1.1222182528751523e-05	0.3350995497935576	0.4743814046488377	0.3350995497935576	0.4743814046488377
artista_axolotl	artista_axolotl	Ambystoma mexicanum	5DPI_1	Stereo-seq cellbin	role_only	8106	19	5000	0	1000	role_only			exp	spatial_ccc_score	coordinate_permutation	5000	5000	4995	9.599102927253167e-05	9.599102927253167e-05	9.560054297451032e-05	8.784055754699511e-07	0.4445398673755361	0.2657342657342657	0.4445398673755361	0.2657342657342657
artista_axolotl	artista_axolotl	Ambystoma mexicanum	5DPI_1	Stereo-seq cellbin	role_only	8106	19	5000	0	1000	role_only			exp	spatial_ccc_score	celltype_permutation	5000	5000	4995	9.599102927253167e-05	9.599102927253167e-05	8.200924907961836e-05	1.8961482191505624e-05	0.7373780199090596	0.2597402597402597	0.7373780199090596	0.2597402597402597
artista_axolotl	artista_axolotl	Ambystoma mexicanum	5DPI_1	Stereo-seq cellbin	role_only	8106	19	5000	0	1000	role_only			exp	spatial_ccc_score	matched_random_lr	5000	5000	4995	9.599102927253167e-05	9.599102927253167e-05	9.532110251112336e-05	2.0381563647684447e-06	0.3286925247682969	0.3736263736263736	0.3286925247682969	0.3736263736263736
artista_axolotl	artista_axolotl	Ambystoma mexicanum	5DPI_1	Stereo-seq cellbin	role_only	8106	19	5000	0	1000	role_only			exp	spatial_ccc_score	score_permutation	5000	5000	4995	9.599102927253167e-05	9.599102927253167e-05	9.599102927253163e-05	2.7118617012166795e-20	0.999499874937461	1.0	0.999499874937461	1.0
artista_axolotl	artista_axolotl	Ambystoma mexicanum	5DPI_1	Stereo-seq cellbin	role_only	8106	19	5000	0	1000	role_only			exp	model_weighted_spatial_ccc_score	pooled	100	100	100	0.0001028878543379	0.0001028878543379	8.553612307974548e-05	2.7477651543108705e-05	0.6314852355928634	0.2479380154961259	0.6314852355928634	0.2479380154961259
artista_axolotl	artista_axolotl	Ambystoma mexicanum	5DPI_1	Stereo-seq cellbin	role_only	8106	19	5000	0	1000	role_only			exp	model_weighted_spatial_ccc_score	coordinate_permutation	100	100	100	0.0001028878543379	0.0001028878543379	0.0001024294855568	9.399151434376312e-07	0.4876703863860361	0.2517482517482518	0.4876703863860361	0.2517482517482518
artista_axolotl	artista_axolotl	Ambystoma mexicanum	5DPI_1	Stereo-seq cellbin	role_only	8106	19	5000	0	1000	role_only			exp	model_weighted_spatial_ccc_score	celltype_permutation	100	100	100	0.0001028878543379	0.0001028878543379	9.264016317242314e-05	2.1838772095310727e-05	0.4692430105885554	0.2797202797202797	0.4692430105885554	0.2797202797202797
artista_axolotl	artista_axolotl	Ambystoma mexicanum	5DPI_1	Stereo-seq cellbin	role_only	8106	19	5000	0	1000	role_only			exp	model_weighted_spatial_ccc_score	matched_random_lr	100	100	100	0.0001028878543379	0.0001028878543379	0.0001027369743934	1.3440367768261449e-05	0.0112258791674551	0.4615384615384615	0.0112258791674551	0.4615384615384615
artista_axolotl	artista_axolotl	Ambystoma mexicanum	5DPI_1	Stereo-seq cellbin	role_only	8106	19	5000	0	1000	role_only			exp	model_weighted_spatial_ccc_score	score_permutation	100	100	100	0.0001028878543379	0.0001028878543379	4.433786919629356e-05	5.704729227283647e-06	10.2634117780152	0.0009990009990009	10.2634117780152	0.0009990009990009
artista_axolotl	artista_axolotl	Ambystoma mexicanum	5DPI_1	Stereo-seq cellbin	role_only	8106	19	5000	0	1000	role_only			exp	model_weighted_spatial_ccc_score	pooled	500	500	500	8.297268601954971e-05	8.297268601954971e-05	7.113777096833948e-05	2.1261118374692263e-05	0.5566459319138016	0.3569107723069232	0.5566459319138016	0.3569107723069232
artista_axolotl	artista_axolotl	Ambystoma mexicanum	5DPI_1	Stereo-seq cellbin	role_only	8106	19	5000	0	1000	role_only			exp	model_weighted_spatial_ccc_score	coordinate_permutation	500	500	500	8.297268601954971e-05	8.297268601954971e-05	8.257715700019432e-05	7.471099841068275e-07	0.5294120380793057	0.2407592407592407	0.5294120380793057	0.2407592407592407
artista_axolotl	artista_axolotl	Ambystoma mexicanum	5DPI_1	Stereo-seq cellbin	role_only	8106	19	5000	0	1000	role_only			exp	model_weighted_spatial_ccc_score	celltype_permutation	500	500	500	8.297268601954971e-05	8.297268601954971e-05	7.133255187847882e-05	1.6653922404168005e-05	0.6989424988648739	0.2527472527472527	0.6989424988648739	0.2527472527472527
artista_axolotl	artista_axolotl	Ambystoma mexicanum	5DPI_1	Stereo-seq cellbin	role_only	8106	19	5000	0	1000	role_only			exp	model_weighted_spatial_ccc_score	matched_random_lr	500	500	500	8.297268601954971e-05	8.297268601954971e-05	9.078255303202816e-05	5.460205415531073e-06	-1.430324762190076	0.935064935064935	-1.430324762190076	0.935064935064935
artista_axolotl	artista_axolotl	Ambystoma mexicanum	5DPI_1	Stereo-seq cellbin	role_only	8106	19	5000	0	1000	role_only			exp	model_weighted_spatial_ccc_score	score_permutation	500	500	500	8.297268601954971e-05	8.297268601954971e-05	3.985882196265664e-05	2.255802127066167e-06	19.112431688751776	0.0009990009990009	19.112431688751776	0.0009990009990009
artista_axolotl	artista_axolotl	Ambystoma mexicanum	5DPI_1	Stereo-seq cellbin	role_only	8106	19	5000	0	1000	role_only			exp	model_weighted_spatial_ccc_score	pooled	1000	1000	1000	7.157674318723394e-05	7.157674318723394e-05	6.179419768945969e-05	1.6269065021612097e-05	0.6012973385243071	0.3461634591352162	0.6012973385243071	0.3461634591352162
artista_axolotl	artista_axolotl	Ambystoma mexicanum	5DPI_1	Stereo-seq cellbin	role_only	8106	19	5000	0	1000	role_only			exp	model_weighted_spatial_ccc_score	coordinate_permutation	1000	1000	1000	7.157674318723394e-05	7.157674318723394e-05	7.124804685385487e-05	6.487897486479662e-07	0.5066299738305903	0.2497502497502497	0.5066299738305903	0.2497502497502497
artista_axolotl	artista_axolotl	Ambystoma mexicanum	5DPI_1	Stereo-seq cellbin	role_only	8106	19	5000	0	1000	role_only			exp	model_weighted_spatial_ccc_score	celltype_permutation	1000	1000	1000	7.157674318723394e-05	7.157674318723394e-05	6.267999978314806e-05	1.4573877789358638e-05	0.6104582138449101	0.2667332667332667	0.6104582138449101	0.2667332667332667
artista_axolotl	artista_axolotl	Ambystoma mexicanum	5DPI_1	Stereo-seq cellbin	role_only	8106	19	5000	0	1000	role_only			exp	model_weighted_spatial_ccc_score	matched_random_lr	1000	1000	1000	7.157674318723394e-05	7.157674318723394e-05	7.518706585786427e-05	3.2835310036572183e-06	-1.0995244651593443	0.8691308691308691	-1.0995244651593443	0.8691308691308691
artista_axolotl	artista_axolotl	Ambystoma mexicanum	5DPI_1	Stereo-seq cellbin	role_only	8106	19	5000	0	1000	role_only			exp	model_weighted_spatial_ccc_score	score_permutation	1000	1000	1000	7.157674318723394e-05	7.157674318723394e-05	3.806167826297157e-05	1.526247291688899e-06	21.95913146366708	0.0009990009990009	21.95913146366708	0.0009990009990009
artista_axolotl	artista_axolotl	Ambystoma mexicanum	5DPI_1	Stereo-seq cellbin	role_only	8106	19	5000	0	1000	role_only			exp	model_weighted_spatial_ccc_score	pooled	5000	5000	4995	3.508965622735561e-05	3.508965622735561e-05	3.331231236400396e-05	4.074082099537882e-06	0.4362562707200346	0.2701824543864034	0.4362562707200346	0.2701824543864034
artista_axolotl	artista_axolotl	Ambystoma mexicanum	5DPI_1	Stereo-seq cellbin	role_only	8106	19	5000	0	1000	role_only			exp	model_weighted_spatial_ccc_score	coordinate_permutation	5000	5000	4995	3.508965622735561e-05	3.508965622735561e-05	3.494441442571494e-05	3.2043197393754025e-07	0.4532687542254388	0.2627372627372627	0.4532687542254388	0.2627372627372627
artista_axolotl	artista_axolotl	Ambystoma mexicanum	5DPI_1	Stereo-seq cellbin	role_only	8106	19	5000	0	1000	role_only			exp	model_weighted_spatial_ccc_score	celltype_permutation	5000	5000	4995	3.508965622735561e-05	3.508965622735561e-05	3.0194747805759264e-05	6.988166606136316e-06	0.7004567431603761	0.2617382617382617	0.7004567431603761	0.2617382617382617
artista_axolotl	artista_axolotl	Ambystoma mexicanum	5DPI_1	Stereo-seq cellbin	role_only	8106	19	5000	0	1000	role_only			exp	model_weighted_spatial_ccc_score	matched_random_lr	5000	5000	4995	3.508965622735561e-05	3.508965622735561e-05	3.526535827793152e-05	8.722844136411037e-07	-0.2014274791893811	0.5574425574425574	-0.2014274791893811	0.5574425574425574
artista_axolotl	artista_axolotl	Ambystoma mexicanum	5DPI_1	Stereo-seq cellbin	role_only	8106	19	5000	0	1000	role_only			exp	model_weighted_spatial_ccc_score	score_permutation	5000	5000	4995	3.508965622735561e-05	3.508965622735561e-05	3.2844728946610124e-05	5.58546239082974e-07	4.019232650158424	0.0009990009990009	4.019232650158424	0.0009990009990009
artista_axolotl	artista_axolotl	Ambystoma mexicanum	5DPI_1	Stereo-seq cellbin	embedding_cosine	8106	19	5000	0	1000	embedding_cosine			contact	spatial_ccc_score	pooled	100	100	100	7.054937164889698e-05	7.054937164889698e-05	6.410987030486941e-05	1.1675422585188057e-05	0.5515433207699907	0.556610847288178	0.5515433207699907	0.556610847288178
artista_axolotl	artista_axolotl	Ambystoma mexicanum	5DPI_1	Stereo-seq cellbin	embedding_cosine	8106	19	5000	0	1000	embedding_cosine			contact	spatial_ccc_score	coordinate_permutation	100	100	100	7.054937164889698e-05	7.054937164889698e-05	7.109593325188549e-05	7.688434124429902e-07	-0.7108880613957763	0.8971028971028971	-0.7108880613957763	0.8971028971028971
artista_axolotl	artista_axolotl	Ambystoma mexicanum	5DPI_1	Stereo-seq cellbin	embedding_cosine	8106	19	5000	0	1000	embedding_cosine			contact	spatial_ccc_score	celltype_permutation	100	100	100	7.054937164889698e-05	7.054937164889698e-05	5.416887210518892e-05	1.3642463073433002e-05	1.2006995698311282	0.1598401598401598	1.2006995698311282	0.1598401598401598
artista_axolotl	artista_axolotl	Ambystoma mexicanum	5DPI_1	Stereo-seq cellbin	embedding_cosine	8106	19	5000	0	1000	embedding_cosine			contact	spatial_ccc_score	matched_random_lr	100	100	100	7.054937164889698e-05	7.054937164889698e-05	6.062530421350623e-05	1.2550859279448458e-05	0.790708206858874	0.1708291708291708	0.790708206858874	0.1708291708291708
artista_axolotl	artista_axolotl	Ambystoma mexicanum	5DPI_1	Stereo-seq cellbin	embedding_cosine	8106	19	5000	0	1000	embedding_cosine			contact	spatial_ccc_score	score_permutation	100	100	100	7.054937164889698e-05	7.054937164889698e-05	7.0549371648897e-05	2.7118617012166795e-20	-0.999499874937461	1.0	-0.999499874937461	1.0
artista_axolotl	artista_axolotl	Ambystoma mexicanum	5DPI_1	Stereo-seq cellbin	embedding_cosine	8106	19	5000	0	1000	embedding_cosine			contact	spatial_ccc_score	pooled	500	500	500	8.008792962854913e-05	8.008792962854913e-05	7.421497100329551e-05	1.0868036086393664e-05	0.540388215365453	0.561859535116221	0.540388215365453	0.561859535116221
artista_axolotl	artista_axolotl	Ambystoma mexicanum	5DPI_1	Stereo-seq cellbin	embedding_cosine	8106	19	5000	0	1000	embedding_cosine			contact	spatial_ccc_score	coordinate_permutation	500	500	500	8.008792962854913e-05	8.008792962854913e-05	8.078713472682902e-05	8.866416684066943e-07	-0.7885994119093979	0.939060939060939	-0.7885994119093979	0.939060939060939
artista_axolotl	artista_axolotl	Ambystoma mexicanum	5DPI_1	Stereo-seq cellbin	embedding_cosine	8106	19	5000	0	1000	embedding_cosine			contact	spatial_ccc_score	celltype_permutation	500	500	500	8.008792962854913e-05	8.008792962854913e-05	6.391991917961884e-05	1.5704190642959848e-05	1.02953477937931	0.2087912087912088	1.02953477937931	0.2087912087912088
artista_axolotl	artista_axolotl	Ambystoma mexicanum	5DPI_1	Stereo-seq cellbin	embedding_cosine	8106	19	5000	0	1000	embedding_cosine			contact	spatial_ccc_score	matched_random_lr	500	500	500	8.008792962854913e-05	8.008792962854913e-05	7.206490047818509e-05	6.076136513260772e-06	1.320416210671748	0.1008991008991009	1.320416210671748	0.1008991008991009
artista_axolotl	artista_axolotl	Ambystoma mexicanum	5DPI_1	Stereo-seq cellbin	embedding_cosine	8106	19	5000	0	1000	embedding_cosine			contact	spatial_ccc_score	score_permutation	500	500	500	8.008792962854913e-05	8.008792962854913e-05	8.008792962854914e-05	1.3559308506083394e-20	-0.999499874937461	1.0	-0.999499874937461	1.0
artista_axolotl	artista_axolotl	Ambystoma mexicanum	5DPI_1	Stereo-seq cellbin	embedding_cosine	8106	19	5000	0	1000	embedding_cosine			contact	spatial_ccc_score	pooled	1000	1000	1000	8.69409645384406e-05	8.69409645384406e-05	8.174339577340634e-05	1.0970459947137272e-05	0.4737785644430128	0.5558610347413147	0.4737785644430128	0.5558610347413147
artista_axolotl	artista_axolotl	Ambystoma mexicanum	5DPI_1	Stereo-seq cellbin	embedding_cosine	8106	19	5000	0	1000	embedding_cosine			contact	spatial_ccc_score	coordinate_permutation	1000	1000	1000	8.69409645384406e-05	8.69409645384406e-05	8.769033677898595e-05	9.65120461072541e-07	-0.7764546196777999	0.9230769230769232	-0.7764546196777999	0.9230769230769232
artista_axolotl	artista_axolotl	Ambystoma mexicanum	5DPI_1	Stereo-seq cellbin	embedding_cosine	8106	19	5000	0	1000	embedding_cosine			contact	spatial_ccc_score	celltype_permutation	1000	1000	1000	8.69409645384406e-05	8.69409645384406e-05	7.289911853018833e-05	1.78195717414535e-05	0.7880013174271108	0.2547452547452547	0.7880013174271108	0.2547452547452547
artista_axolotl	artista_axolotl	Ambystoma mexicanum	5DPI_1	Stereo-seq cellbin	embedding_cosine	8106	19	5000	0	1000	embedding_cosine			contact	spatial_ccc_score	matched_random_lr	1000	1000	1000	8.69409645384406e-05	8.69409645384406e-05	7.944316324601046e-05	4.15422777892909e-06	1.8048604196573408	0.0469530469530469	1.8048604196573408	0.0469530469530469
artista_axolotl	artista_axolotl	Ambystoma mexicanum	5DPI_1	Stereo-seq cellbin	embedding_cosine	8106	19	5000	0	1000	embedding_cosine			contact	spatial_ccc_score	score_permutation	1000	1000	1000	8.69409645384406e-05	8.69409645384406e-05	8.694096453844062e-05	0.0	0.0	1.0	0.0	1.0
artista_axolotl	artista_axolotl	Ambystoma mexicanum	5DPI_1	Stereo-seq cellbin	embedding_cosine	8106	19	5000	0	1000	embedding_cosine			contact	spatial_ccc_score	pooled	5000	5000	4995	9.014327944313007e-05	9.014327944313007e-05	8.704496237014716e-05	1.096805396062796e-05	0.2824855789463622	0.6398400399900025	0.2824855789463622	0.6398400399900025
artista_axolotl	artista_axolotl	Ambystoma mexicanum	5DPI_1	Stereo-seq cellbin	embedding_cosine	8106	19	5000	0	1000	embedding_cosine			contact	spatial_ccc_score	coordinate_permutation	5000	5000	4995	9.014327944313007e-05	9.014327944313007e-05	9.089718627012592e-05	9.975126708543246e-07	-0.7557867173257486	0.9050949050949052	-0.7557867173257486	0.9050949050949052
artista_axolotl	artista_axolotl	Ambystoma mexicanum	5DPI_1	Stereo-seq cellbin	embedding_cosine	8106	19	5000	0	1000	embedding_cosine			contact	spatial_ccc_score	celltype_permutation	5000	5000	4995	9.014327944313007e-05	9.014327944313007e-05	7.755121933504639e-05	1.8857260256114768e-05	0.6677566060531263	0.2677322677322677	0.6677566060531263	0.2677322677322677
artista_axolotl	artista_axolotl	Ambystoma mexicanum	5DPI_1	Stereo-seq cellbin	embedding_cosine	8106	19	5000	0	1000	embedding_cosine			contact	spatial_ccc_score	matched_random_lr	5000	5000	4995	9.014327944313007e-05	9.014327944313007e-05	8.958816443228624e-05	1.950230786409834e-06	0.2846406767404985	0.3876123876123876	0.2846406767404985	0.3876123876123876
artista_axolotl	artista_axolotl	Ambystoma mexicanum	5DPI_1	Stereo-seq cellbin	embedding_cosine	8106	19	5000	0	1000	embedding_cosine			contact	spatial_ccc_score	score_permutation	5000	5000	4995	9.014327944313007e-05	9.014327944313007e-05	9.014327944313007e-05	1.3559308506083394e-20	0.999499874937461	1.0	0.999499874937461	1.0
artista_axolotl	artista_axolotl	Ambystoma mexicanum	5DPI_1	Stereo-seq cellbin	embedding_cosine	8106	19	5000	0	1000	embedding_cosine			contact	model_weighted_spatial_ccc_score	pooled	100	100	100	4.371446071557575e-05	4.371446071557575e-05	3.7616298519933227e-05	7.037210368174835e-06	0.8665595991304917	0.3071732066983254	0.8665595991304917	0.3071732066983254
artista_axolotl	artista_axolotl	Ambystoma mexicanum	5DPI_1	Stereo-seq cellbin	embedding_cosine	8106	19	5000	0	1000	embedding_cosine			contact	model_weighted_spatial_ccc_score	coordinate_permutation	100	100	100	4.371446071557575e-05	4.371446071557575e-05	4.405294216145149e-05	4.759517149924567e-07	-0.7111676147255833	0.8981018981018981	-0.7111676147255833	0.8981018981018981
artista_axolotl	artista_axolotl	Ambystoma mexicanum	5DPI_1	Stereo-seq cellbin	embedding_cosine	8106	19	5000	0	1000	embedding_cosine			contact	model_weighted_spatial_ccc_score	celltype_permutation	100	100	100	4.371446071557575e-05	4.371446071557575e-05	3.352913093881988e-05	8.448186273410131e-06	1.2056232482483529	0.1588411588411588	1.2056232482483529	0.1588411588411588
artista_axolotl	artista_axolotl	Ambystoma mexicanum	5DPI_1	Stereo-seq cellbin	embedding_cosine	8106	19	5000	0	1000	embedding_cosine			contact	model_weighted_spatial_ccc_score	matched_random_lr	100	100	100	4.371446071557575e-05	4.371446071557575e-05	3.765076561791905e-05	7.89420665244011e-06	0.7681196305878821	0.1728271728271728	0.7681196305878821	0.1728271728271728
artista_axolotl	artista_axolotl	Ambystoma mexicanum	5DPI_1	Stereo-seq cellbin	embedding_cosine	8106	19	5000	0	1000	embedding_cosine			contact	model_weighted_spatial_ccc_score	score_permutation	100	100	100	4.371446071557575e-05	4.371446071557575e-05	3.523235536154248e-05	6.614967937157165e-07	12.822594810154923	0.0009990009990009	12.822594810154923	0.0009990009990009
artista_axolotl	artista_axolotl	Ambystoma mexicanum	5DPI_1	Stereo-seq cellbin	embedding_cosine	8106	19	5000	0	1000	embedding_cosine			contact	model_weighted_spatial_ccc_score	pooled	500	500	500	4.682214222118277e-05	4.682214222118277e-05	4.169649392135798e-05	6.126080825353909e-06	0.836692894845813	0.3144213946513371	0.836692894845813	0.3144213946513371
artista_axolotl	artista_axolotl	Ambystoma mexicanum	5DPI_1	Stereo-seq cellbin	embedding_cosine	8106	19	5000	0	1000	embedding_cosine			contact	model_weighted_spatial_ccc_score	coordinate_permutation	500	500	500	4.682214222118277e-05	4.682214222118277e-05	4.723044553671988e-05	5.181332415700126e-07	-0.7880276399558971	0.939060939060939	-0.7880276399558971	0.939060939060939
artista_axolotl	artista_axolotl	Ambystoma mexicanum	5DPI_1	Stereo-seq cellbin	embedding_cosine	8106	19	5000	0	1000	embedding_cosine			contact	model_weighted_spatial_ccc_score	celltype_permutation	500	500	500	4.682214222118277e-05	4.682214222118277e-05	3.734487152233124e-05	9.17728260355875e-06	1.0326881178505336	0.2077922077922078	1.0326881178505336	0.2077922077922078
artista_axolotl	artista_axolotl	Ambystoma mexicanum	5DPI_1	Stereo-seq cellbin	embedding_cosine	8106	19	5000	0	1000	embedding_cosine			contact	model_weighted_spatial_ccc_score	matched_random_lr	500	500	500	4.682214222118277e-05	4.682214222118277e-05	4.22049107414895e-05	3.5901507065054183e-06	1.286082913267892	0.1118881118881118	1.286082913267892	0.1118881118881118
artista_axolotl	artista_axolotl	Ambystoma mexicanum	5DPI_1	Stereo-seq cellbin	embedding_cosine	8106	19	5000	0	1000	embedding_cosine			contact	model_weighted_spatial_ccc_score	score_permutation	500	500	500	4.682214222118277e-05	4.682214222118277e-05	4.000574788489127e-05	3.419435473897797e-07	19.93426806361557	0.0009990009990009	19.93426806361557	0.0009990009990009
artista_axolotl	artista_axolotl	Ambystoma mexicanum	5DPI_1	Stereo-seq cellbin	embedding_cosine	8106	19	5000	0	1000	embedding_cosine			contact	model_weighted_spatial_ccc_score	pooled	1000	1000	1000	4.921484855545293e-05	4.921484855545293e-05	4.480877934055495e-05	6.035984672316963e-06	0.7299669323392552	0.3064233941514621	0.7299669323392552	0.3064233941514621
artista_axolotl	artista_axolotl	Ambystoma mexicanum	5DPI_1	Stereo-seq cellbin	embedding_cosine	8106	19	5000	0	1000	embedding_cosine			contact	model_weighted_spatial_ccc_score	coordinate_permutation	1000	1000	1000	4.921484855545293e-05	4.921484855545293e-05	4.963882216039992e-05	5.461799698318055e-07	-0.7762525694187382	0.9230769230769232	-0.7762525694187382	0.9230769230769232
artista_axolotl	artista_axolotl	Ambystoma mexicanum	5DPI_1	Stereo-seq cellbin	embedding_cosine	8106	19	5000	0	1000	embedding_cosine			contact	model_weighted_spatial_ccc_score	celltype_permutation	1000	1000	1000	4.921484855545293e-05	4.921484855545293e-05	4.120065974072169e-05	1.0072958906885496e-05	0.7956141674769509	0.2527472527472527	0.7956141674769509	0.2527472527472527
artista_axolotl	artista_axolotl	Ambystoma mexicanum	5DPI_1	Stereo-seq cellbin	embedding_cosine	8106	19	5000	0	1000	embedding_cosine			contact	model_weighted_spatial_ccc_score	matched_random_lr	1000	1000	1000	4.921484855545293e-05	4.921484855545293e-05	4.497351853361562e-05	2.3807835226773416e-06	1.7814849529316563	0.0509490509490509	1.7814849529316563	0.0509490509490509
artista_axolotl	artista_axolotl	Ambystoma mexicanum	5DPI_1	Stereo-seq cellbin	embedding_cosine	8106	19	5000	0	1000	embedding_cosine			contact	model_weighted_spatial_ccc_score	score_permutation	1000	1000	1000	4.921484855545293e-05	4.921484855545293e-05	4.3422116927482594e-05	2.7342317391528775e-07	21.18595708264671	0.0009990009990009	21.18595708264671	0.0009990009990009
artista_axolotl	artista_axolotl	Ambystoma mexicanum	5DPI_1	Stereo-seq cellbin	embedding_cosine	8106	19	5000	0	1000	embedding_cosine			contact	model_weighted_spatial_ccc_score	pooled	5000	5000	4995	4.4757483329803445e-05	4.4757483329803445e-05	4.319816533035436e-05	5.461485854957081e-06	0.285511679579612	0.6115971007248188	0.285511679579612	0.6115971007248188
artista_axolotl	artista_axolotl	Ambystoma mexicanum	5DPI_1	Stereo-seq cellbin	embedding_cosine	8106	19	5000	0	1000	embedding_cosine			contact	model_weighted_spatial_ccc_score	coordinate_permutation	5000	5000	4995	4.4757483329803445e-05	4.4757483329803445e-05	4.513234299623281e-05	4.953678092967915e-07	-0.7567299679030491	0.9070929070929072	-0.7567299679030491	0.9070929070929072
artista_axolotl	artista_axolotl	Ambystoma mexicanum	5DPI_1	Stereo-seq cellbin	embedding_cosine	8106	19	5000	0	1000	embedding_cosine			contact	model_weighted_spatial_ccc_score	celltype_permutation	5000	5000	4995	4.4757483329803445e-05	4.4757483329803445e-05	3.842135150567955e-05	9.341679404545958e-06	0.6782647476684476	0.2657342657342657	0.6782647476684476	0.2657342657342657
artista_axolotl	artista_axolotl	Ambystoma mexicanum	5DPI_1	Stereo-seq cellbin	embedding_cosine	8106	19	5000	0	1000	embedding_cosine			contact	model_weighted_spatial_ccc_score	matched_random_lr	5000	5000	4995	4.4757483329803445e-05	4.4757483329803445e-05	4.422708001899781e-05	9.67584643288031e-07	0.5481725185335988	0.2897102897102897	0.5481725185335988	0.2897102897102897
artista_axolotl	artista_axolotl	Ambystoma mexicanum	5DPI_1	Stereo-seq cellbin	embedding_cosine	8106	19	5000	0	1000	embedding_cosine			contact	model_weighted_spatial_ccc_score	score_permutation	5000	5000	4995	4.4757483329803445e-05	4.4757483329803445e-05	4.501188680050728e-05	1.1881867195018865e-07	-2.1411068355525846	0.985014985014985	-2.1411068355525846	0.985014985014985
artista_axolotl	artista_axolotl	Ambystoma mexicanum	5DPI_1	Stereo-seq cellbin	embedding_cosine	8106	19	5000	0	1000	embedding_cosine			exp	spatial_ccc_score	pooled	100	100	100	7.485078525253238e-05	7.485078525253238e-05	6.782988592244951e-05	1.20388508626263e-05	0.5831868348729793	0.3841539615096226	0.5831868348729793	0.3841539615096226
artista_axolotl	artista_axolotl	Ambystoma mexicanum	5DPI_1	Stereo-seq cellbin	embedding_cosine	8106	19	5000	0	1000	embedding_cosine			exp	spatial_ccc_score	coordinate_permutation	100	100	100	7.485078525253238e-05	7.485078525253238e-05	7.44547601731801e-05	6.741182909175868e-07	0.5874711970998782	0.2147852147852147	0.5874711970998782	0.2147852147852147
artista_axolotl	artista_axolotl	Ambystoma mexicanum	5DPI_1	Stereo-seq cellbin	embedding_cosine	8106	19	5000	0	1000	embedding_cosine			exp	spatial_ccc_score	celltype_permutation	100	100	100	7.485078525253238e-05	7.485078525253238e-05	5.727846400394535e-05	1.372237484744865e-05	1.2805597751073086	0.1438561438561438	1.2805597751073086	0.1438561438561438
artista_axolotl	artista_axolotl	Ambystoma mexicanum	5DPI_1	Stereo-seq cellbin	embedding_cosine	8106	19	5000	0	1000	embedding_cosine			exp	spatial_ccc_score	matched_random_lr	100	100	100	7.485078525253238e-05	7.485078525253238e-05	6.473553426014019e-05	1.330823593543705e-05	0.76007451637203	0.1798201798201798	0.76007451637203	0.1798201798201798
artista_axolotl	artista_axolotl	Ambystoma mexicanum	5DPI_1	Stereo-seq cellbin	embedding_cosine	8106	19	5000	0	1000	embedding_cosine			exp	spatial_ccc_score	score_permutation	100	100	100	7.485078525253238e-05	7.485078525253238e-05	7.485078525253238e-05	0.0	0.0	1.0	0.0	1.0
artista_axolotl	artista_axolotl	Ambystoma mexicanum	5DPI_1	Stereo-seq cellbin	embedding_cosine	8106	19	5000	0	1000	embedding_cosine			exp	spatial_ccc_score	pooled	500	500	500	8.506925513427466e-05	8.506925513427466e-05	7.855022031298324e-05	1.1128889662356034e-05	0.5857758517763321	0.390652336915771	0.5857758517763321	0.390652336915771
artista_axolotl	artista_axolotl	Ambystoma mexicanum	5DPI_1	Stereo-seq cellbin	embedding_cosine	8106	19	5000	0	1000	embedding_cosine			exp	spatial_ccc_score	coordinate_permutation	500	500	500	8.506925513427466e-05	8.506925513427466e-05	8.474031240183379e-05	7.824918756353209e-07	0.4203784635767595	0.2657342657342657	0.4203784635767595	0.2657342657342657
artista_axolotl	artista_axolotl	Ambystoma mexicanum	5DPI_1	Stereo-seq cellbin	embedding_cosine	8106	19	5000	0	1000	embedding_cosine			exp	spatial_ccc_score	celltype_permutation	500	500	500	8.506925513427466e-05	8.506925513427466e-05	6.75954969675863e-05	1.579488330684357e-05	1.1062923243704736	0.1908091908091908	1.1062923243704736	0.1908091908091908
artista_axolotl	artista_axolotl	Ambystoma mexicanum	5DPI_1	Stereo-seq cellbin	embedding_cosine	8106	19	5000	0	1000	embedding_cosine			exp	spatial_ccc_score	matched_random_lr	500	500	500	8.506925513427466e-05	8.506925513427466e-05	7.679581674823819e-05	6.44879703307314e-06	1.2829429029329853	0.1078921078921078	1.2829429029329853	0.1078921078921078
artista_axolotl	artista_axolotl	Ambystoma mexicanum	5DPI_1	Stereo-seq cellbin	embedding_cosine	8106	19	5000	0	1000	embedding_cosine			exp	spatial_ccc_score	score_permutation	500	500	500	8.506925513427466e-05	8.506925513427466e-05	8.506925513427469e-05	2.7118617012166795e-20	-0.999499874937461	1.0	-0.999499874937461	1.0
artista_axolotl	artista_axolotl	Ambystoma mexicanum	5DPI_1	Stereo-seq cellbin	embedding_cosine	8106	19	5000	0	1000	embedding_cosine			exp	spatial_ccc_score	pooled	1000	1000	1000	9.249249683967785e-05	9.249249683967785e-05	8.659804946379931e-05	1.1188351855583335e-05	0.5268378624450404	0.1409647588102974	0.5268378624450404	0.1409647588102974
artista_axolotl	artista_axolotl	Ambystoma mexicanum	5DPI_1	Stereo-seq cellbin	embedding_cosine	8106	19	5000	0	1000	embedding_cosine			exp	spatial_ccc_score	coordinate_permutation	1000	1000	1000	9.249249683967785e-05	9.249249683967785e-05	9.214161999027154e-05	8.494819722795278e-07	0.4130480232143634	0.2727272727272727	0.4130480232143634	0.2727272727272727
artista_axolotl	artista_axolotl	Ambystoma mexicanum	5DPI_1	Stereo-seq cellbin	embedding_cosine	8106	19	5000	0	1000	embedding_cosine			exp	spatial_ccc_score	celltype_permutation	1000	1000	1000	9.249249683967785e-05	9.249249683967785e-05	7.709059027149508e-05	1.792155345936787e-05	0.8594068925499282	0.2427572427572427	0.8594068925499282	0.2427572427572427
artista_axolotl	artista_axolotl	Ambystoma mexicanum	5DPI_1	Stereo-seq cellbin	embedding_cosine	8106	19	5000	0	1000	embedding_cosine			exp	spatial_ccc_score	matched_random_lr	1000	1000	1000	9.249249683967785e-05	9.249249683967785e-05	8.466749075375277e-05	4.408492823362648e-06	1.7749844219903732	0.0499500499500499	1.7749844219903732	0.0499500499500499
artista_axolotl	artista_axolotl	Ambystoma mexicanum	5DPI_1	Stereo-seq cellbin	embedding_cosine	8106	19	5000	0	1000	embedding_cosine			exp	spatial_ccc_score	score_permutation	1000	1000	1000	9.249249683967785e-05	9.249249683967785e-05	9.249249683967785e-05	2.7118617012166795e-20	-0.4997499374687305	0.0009990009990009	-0.4997499374687305	0.0009990009990009
artista_axolotl	artista_axolotl	Ambystoma mexicanum	5DPI_1	Stereo-seq cellbin	embedding_cosine	8106	19	5000	0	1000	embedding_cosine			exp	spatial_ccc_score	pooled	5000	5000	4995	9.599102927253167e-05	9.599102927253167e-05	9.225388272251243e-05	1.1229898699393372e-05	0.3327854195355401	0.4778805298675331	0.3327854195355401	0.4778805298675331
artista_axolotl	artista_axolotl	Ambystoma mexicanum	5DPI_1	Stereo-seq cellbin	embedding_cosine	8106	19	5000	0	1000	embedding_cosine			exp	spatial_ccc_score	coordinate_permutation	5000	5000	4995	9.599102927253167e-05	9.599102927253167e-05	9.560054297451032e-05	8.784055754699514e-07	0.4445398673755513	0.2657342657342657	0.4445398673755513	0.2657342657342657
artista_axolotl	artista_axolotl	Ambystoma mexicanum	5DPI_1	Stereo-seq cellbin	embedding_cosine	8106	19	5000	0	1000	embedding_cosine			exp	spatial_ccc_score	celltype_permutation	5000	5000	4995	9.599102927253167e-05	9.599102927253167e-05	8.200924907961835e-05	1.8961482191505624e-05	0.737378019909061	0.2597402597402597	0.737378019909061	0.2597402597402597
artista_axolotl	artista_axolotl	Ambystoma mexicanum	5DPI_1	Stereo-seq cellbin	embedding_cosine	8106	19	5000	0	1000	embedding_cosine			exp	spatial_ccc_score	matched_random_lr	5000	5000	4995	9.599102927253167e-05	9.599102927253167e-05	9.541470956338944e-05	2.0644157909708967e-06	0.2791684270498577	0.3876123876123876	0.2791684270498577	0.3876123876123876
artista_axolotl	artista_axolotl	Ambystoma mexicanum	5DPI_1	Stereo-seq cellbin	embedding_cosine	8106	19	5000	0	1000	embedding_cosine			exp	spatial_ccc_score	score_permutation	5000	5000	4995	9.599102927253167e-05	9.599102927253167e-05	9.599102927253167e-05	1.3559308506083394e-20	0.999499874937461	1.0	0.999499874937461	1.0
artista_axolotl	artista_axolotl	Ambystoma mexicanum	5DPI_1	Stereo-seq cellbin	embedding_cosine	8106	19	5000	0	1000	embedding_cosine			exp	model_weighted_spatial_ccc_score	pooled	100	100	100	4.637750369422254e-05	4.637750369422254e-05	3.9792377622621874e-05	7.208564022179471e-06	0.9135142659951976	0.1337165708572856	0.9135142659951976	0.1337165708572856
artista_axolotl	artista_axolotl	Ambystoma mexicanum	5DPI_1	Stereo-seq cellbin	embedding_cosine	8106	19	5000	0	1000	embedding_cosine			exp	model_weighted_spatial_ccc_score	coordinate_permutation	100	100	100	4.637750369422254e-05	4.637750369422254e-05	4.613177520132923e-05	4.174383667457619e-07	0.5886581408626714	0.2127872127872128	0.5886581408626714	0.2127872127872128
artista_axolotl	artista_axolotl	Ambystoma mexicanum	5DPI_1	Stereo-seq cellbin	embedding_cosine	8106	19	5000	0	1000	embedding_cosine			exp	model_weighted_spatial_ccc_score	celltype_permutation	100	100	100	4.637750369422254e-05	4.637750369422254e-05	3.545384847331123e-05	8.49768717146021e-06	1.285485685752095	0.1428571428571428	1.285485685752095	0.1428571428571428
artista_axolotl	artista_axolotl	Ambystoma mexicanum	5DPI_1	Stereo-seq cellbin	embedding_cosine	8106	19	5000	0	1000	embedding_cosine			exp	model_weighted_spatial_ccc_score	matched_random_lr	100	100	100	4.637750369422254e-05	4.637750369422254e-05	4.020343087084367e-05	8.371018393419646e-06	0.7375533696392583	0.1808191808191808	0.7375533696392583	0.1808191808191808
artista_axolotl	artista_axolotl	Ambystoma mexicanum	5DPI_1	Stereo-seq cellbin	embedding_cosine	8106	19	5000	0	1000	embedding_cosine			exp	model_weighted_spatial_ccc_score	score_permutation	100	100	100	4.637750369422254e-05	4.637750369422254e-05	3.738045594500338e-05	6.989608717926986e-07	12.87203348900416	0.0009990009990009	12.87203348900416	0.0009990009990009
artista_axolotl	artista_axolotl	Ambystoma mexicanum	5DPI_1	Stereo-seq cellbin	embedding_cosine	8106	19	5000	0	1000	embedding_cosine			exp	model_weighted_spatial_ccc_score	pooled	500	500	500	4.973443995752015e-05	4.973443995752015e-05	4.4125930921049626e-05	6.208260066929017e-06	0.9033946671059524	0.1409647588102974	0.9033946671059524	0.1409647588102974
artista_axolotl	artista_axolotl	Ambystoma mexicanum	5DPI_1	Stereo-seq cellbin	embedding_cosine	8106	19	5000	0	1000	embedding_cosine			exp	model_weighted_spatial_ccc_score	coordinate_permutation	500	500	500	4.973443995752015e-05	4.973443995752015e-05	4.954031373661529e-05	4.57273054695752e-07	0.4245301989945955	0.2627372627372627	0.4245301989945955	0.2627372627372627
artista_axolotl	artista_axolotl	Ambystoma mexicanum	5DPI_1	Stereo-seq cellbin	embedding_cosine	8106	19	5000	0	1000	embedding_cosine			exp	model_weighted_spatial_ccc_score	celltype_permutation	500	500	500	4.973443995752015e-05	4.973443995752015e-05	3.94922408699826e-05	9.230298637487882e-06	1.1096281377007606	0.1888111888111888	1.1096281377007606	0.1888111888111888
artista_axolotl	artista_axolotl	Ambystoma mexicanum	5DPI_1	Stereo-seq cellbin	embedding_cosine	8106	19	5000	0	1000	embedding_cosine			exp	model_weighted_spatial_ccc_score	matched_random_lr	500	500	500	4.973443995752015e-05	4.973443995752015e-05	4.49770568032843e-05	3.810390444694208e-06	1.2485290479510522	0.1138861138861138	1.2485290479510522	0.1138861138861138
artista_axolotl	artista_axolotl	Ambystoma mexicanum	5DPI_1	Stereo-seq cellbin	embedding_cosine	8106	19	5000	0	1000	embedding_cosine			exp	model_weighted_spatial_ccc_score	score_permutation	500	500	500	4.973443995752015e-05	4.973443995752015e-05	4.24941122743163e-05	3.619783222913011e-07	20.002102991618408	0.0009990009990009	20.002102991618408	0.0009990009990009
artista_axolotl	artista_axolotl	Ambystoma mexicanum	5DPI_1	Stereo-seq cellbin	embedding_cosine	8106	19	5000	0	1000	embedding_cosine			exp	model_weighted_spatial_ccc_score	pooled	1000	1000	1000	5.2355009301900304e-05	5.2355009301900304e-05	4.74628631218559e-05	6.088142892572058e-06	0.8035531140396108	0.1412146963259185	0.8035531140396108	0.1412146963259185
artista_axolotl	artista_axolotl	Ambystoma mexicanum	5DPI_1	Stereo-seq cellbin	embedding_cosine	8106	19	5000	0	1000	embedding_cosine			exp	model_weighted_spatial_ccc_score	coordinate_permutation	1000	1000	1000	5.2355009301900304e-05	5.2355009301900304e-05	5.215533372008685e-05	4.807525398872123e-07	0.4153396295322628	0.2717282717282717	0.4153396295322628	0.2717282717282717
artista_axolotl	artista_axolotl	Ambystoma mexicanum	5DPI_1	Stereo-seq cellbin	embedding_cosine	8106	19	5000	0	1000	embedding_cosine			exp	model_weighted_spatial_ccc_score	celltype_permutation	1000	1000	1000	5.2355009301900304e-05	5.2355009301900304e-05	4.356952410089025e-05	1.0130635191619209e-05	0.8672195804936336	0.2417582417582417	0.8672195804936336	0.2417582417582417
artista_axolotl	artista_axolotl	Ambystoma mexicanum	5DPI_1	Stereo-seq cellbin	embedding_cosine	8106	19	5000	0	1000	embedding_cosine			exp	model_weighted_spatial_ccc_score	matched_random_lr	1000	1000	1000	5.2355009301900304e-05	5.2355009301900304e-05	4.793172631407299e-05	2.526704374650661e-06	1.7506135787804102	0.0529470529470529	1.7506135787804102	0.0529470529470529
artista_axolotl	artista_axolotl	Ambystoma mexicanum	5DPI_1	Stereo-seq cellbin	embedding_cosine	8106	19	5000	0	1000	embedding_cosine			exp	model_weighted_spatial_ccc_score	score_permutation	1000	1000	1000	5.2355009301900304e-05	5.2355009301900304e-05	4.619486835237349e-05	2.899299248506519e-07	21.246999435122166	0.0009990009990009	21.246999435122166	0.0009990009990009
artista_axolotl	artista_axolotl	Ambystoma mexicanum	5DPI_1	Stereo-seq cellbin	embedding_cosine	8106	19	5000	0	1000	embedding_cosine			exp	model_weighted_spatial_ccc_score	pooled	5000	5000	4995	4.765715808473635e-05	4.765715808473635e-05	4.5783037114544455e-05	5.594189889374144e-06	0.3350120405729674	0.4511372156960759	0.3350120405729674	0.4511372156960759
artista_axolotl	artista_axolotl	Ambystoma mexicanum	5DPI_1	Stereo-seq cellbin	embedding_cosine	8106	19	5000	0	1000	embedding_cosine			exp	model_weighted_spatial_ccc_score	coordinate_permutation	5000	5000	4995	4.765715808473635e-05	4.765715808473635e-05	4.746385075672097e-05	4.362187936097541e-07	0.4431430530898141	0.2657342657342657	0.4431430530898141	0.2657342657342657
artista_axolotl	artista_axolotl	Ambystoma mexicanum	5DPI_1	Stereo-seq cellbin	embedding_cosine	8106	19	5000	0	1000	embedding_cosine			exp	model_weighted_spatial_ccc_score	celltype_permutation	5000	5000	4995	4.765715808473635e-05	4.765715808473635e-05	4.06300623607005e-05	9.39337137209545e-06	0.748090908543336	0.2587412587412587	0.748090908543336	0.2587412587412587
artista_axolotl	artista_axolotl	Ambystoma mexicanum	5DPI_1	Stereo-seq cellbin	embedding_cosine	8106	19	5000	0	1000	embedding_cosine			exp	model_weighted_spatial_ccc_score	matched_random_lr	5000	5000	4995	4.765715808473635e-05	4.765715808473635e-05	4.71063969374521e-05	1.0244786446819834e-06	0.537601393785244	0.2937062937062937	0.537601393785244	0.2937062937062937
artista_axolotl	artista_axolotl	Ambystoma mexicanum	5DPI_1	Stereo-seq cellbin	embedding_cosine	8106	19	5000	0	1000	embedding_cosine			exp	model_weighted_spatial_ccc_score	score_permutation	5000	5000	4995	4.765715808473635e-05	4.765715808473635e-05	4.7931838403304266e-05	1.259272145327491e-07	-2.18126256176724	0.988011988011988	-2.18126256176724	0.988011988011988
artista_axolotl	artista_axolotl	Ambystoma mexicanum	5DPI_1	Stereo-seq cellbin	expression_only	8106	19	5000	0	1000	expression_only			contact	spatial_ccc_score	pooled	100	100	100	0.00106900830814	0.00106900830814	0.000869707954848	0.0002868228628511	0.694855184523551	0.5406148462884279	0.694855184523551	0.5406148462884279
artista_axolotl	artista_axolotl	Ambystoma mexicanum	5DPI_1	Stereo-seq cellbin	expression_only	8106	19	5000	0	1000	expression_only			contact	spatial_ccc_score	coordinate_permutation	100	100	100	0.00106900830814	0.00106900830814	0.0010776043643831	1.1942729008761015e-05	-0.7197731972996817	0.902097902097902	-0.7197731972996817	0.902097902097902
artista_axolotl	artista_axolotl	Ambystoma mexicanum	5DPI_1	Stereo-seq cellbin	expression_only	8106	19	5000	0	1000	expression_only			contact	spatial_ccc_score	celltype_permutation	100	100	100	0.00106900830814	0.00106900830814	0.0009042567944716	0.0002194677443398	0.7506866859363768	0.2607392607392607	0.7506866859363768	0.2607392607392607
artista_axolotl	artista_axolotl	Ambystoma mexicanum	5DPI_1	Stereo-seq cellbin	expression_only	8106	19	5000	0	1000	expression_only			contact	spatial_ccc_score	matched_random_lr	100	100	100	0.00106900830814	0.00106900830814	0.0004279623523973	3.81293420158566e-05	16.812405403588556	0.0009990009990009	16.812405403588556	0.0009990009990009
artista_axolotl	artista_axolotl	Ambystoma mexicanum	5DPI_1	Stereo-seq cellbin	expression_only	8106	19	5000	0	1000	expression_only			contact	spatial_ccc_score	score_permutation	100	100	100	0.00106900830814	0.00106900830814	0.00106900830814	2.169489360973344e-19	0.999499874937461	1.0	0.999499874937461	1.0
artista_axolotl	artista_axolotl	Ambystoma mexicanum	5DPI_1	Stereo-seq cellbin	expression_only	8106	19	5000	0	1000	expression_only			contact	spatial_ccc_score	pooled	500	500	500	0.0004983064748407	0.0004983064748407	0.0004465555480347	7.850837483004606e-05	0.6591771504386098	0.5403649087728069	0.6591771504386098	0.5403649087728069
artista_axolotl	artista_axolotl	Ambystoma mexicanum	5DPI_1	Stereo-seq cellbin	expression_only	8106	19	5000	0	1000	expression_only			contact	spatial_ccc_score	coordinate_permutation	500	500	500	0.0004983064748407	0.0004983064748407	0.0005023536458414	5.54573286040855e-06	-0.7297810952252608	0.8991008991008991	-0.7297810952252608	0.8991008991008991
artista_axolotl	artista_axolotl	Ambystoma mexicanum	5DPI_1	Stereo-seq cellbin	expression_only	8106	19	5000	0	1000	expression_only			contact	spatial_ccc_score	celltype_permutation	500	500	500	0.0004983064748407	0.0004983064748407	0.0004255273056775	0.0001032899586092	0.704610304265165	0.2627372627372627	0.704610304265165	0.2627372627372627
artista_axolotl	artista_axolotl	Ambystoma mexicanum	5DPI_1	Stereo-seq cellbin	expression_only	8106	19	5000	0	1000	expression_only			contact	spatial_ccc_score	matched_random_lr	500	500	500	0.0004983064748407	0.0004983064748407	0.0003600347657791	1.5486960327834043e-05	8.928266498695436	0.0009990009990009	8.928266498695436	0.0009990009990009
artista_axolotl	artista_axolotl	Ambystoma mexicanum	5DPI_1	Stereo-seq cellbin	expression_only	8106	19	5000	0	1000	expression_only			contact	spatial_ccc_score	score_permutation	500	500	500	0.0004983064748407	0.0004983064748407	0.0004983064748407	1.0847446804866718e-19	0.999499874937461	1.0	0.999499874937461	1.0
artista_axolotl	artista_axolotl	Ambystoma mexicanum	5DPI_1	Stereo-seq cellbin	expression_only	8106	19	5000	0	1000	expression_only			contact	spatial_ccc_score	pooled	1000	1000	1000	0.0003254303782177	0.0003254303782177	0.0003064319628447	4.0174580761816254e-05	0.4728964188992854	0.5403649087728069	0.4728964188992854	0.5403649087728069
artista_axolotl	artista_axolotl	Ambystoma mexicanum	5DPI_1	Stereo-seq cellbin	expression_only	8106	19	5000	0	1000	expression_only			contact	spatial_ccc_score	coordinate_permutation	1000	1000	1000	0.0003254303782177	0.0003254303782177	0.000328074273934	3.623440970006504e-06	-0.7296643544649585	0.8951048951048951	-0.7296643544649585	0.8951048951048951
artista_axolotl	artista_axolotl	Ambystoma mexicanum	5DPI_1	Stereo-seq cellbin	expression_only	8106	19	5000	0	1000	expression_only			contact	spatial_ccc_score	celltype_permutation	1000	1000	1000	0.0003254303782177	0.0003254303782177	0.000280013974654	6.806122389445559e-05	0.6672874944798426	0.2657342657342657	0.6672874944798426	0.2657342657342657
artista_axolotl	artista_axolotl	Ambystoma mexicanum	5DPI_1	Stereo-seq cellbin	expression_only	8106	19	5000	0	1000	expression_only			contact	spatial_ccc_score	matched_random_lr	1000	1000	1000	0.0003254303782177	0.0003254303782177	0.000292209224573	9.17158741493419e-06	3.6221814329149504	0.0019980019980019	3.6221814329149504	0.0019980019980019
artista_axolotl	artista_axolotl	Ambystoma mexicanum	5DPI_1	Stereo-seq cellbin	expression_only	8106	19	5000	0	1000	expression_only			contact	spatial_ccc_score	score_permutation	1000	1000	1000	0.0003254303782177	0.0003254303782177	0.0003254303782177	1.0847446804866718e-19	-0.999499874937461	1.0	-0.999499874937461	1.0
artista_axolotl	artista_axolotl	Ambystoma mexicanum	5DPI_1	Stereo-seq cellbin	expression_only	8106	19	5000	0	1000	expression_only			contact	spatial_ccc_score	pooled	5000	5000	4995	9.014327944313007e-05	9.014327944313007e-05	8.70592550062155e-05	1.0971279653978406e-05	0.2810997927480823	0.6398400399900025	0.2810997927480823	0.6398400399900025
artista_axolotl	artista_axolotl	Ambystoma mexicanum	5DPI_1	Stereo-seq cellbin	expression_only	8106	19	5000	0	1000	expression_only			contact	spatial_ccc_score	coordinate_permutation	5000	5000	4995	9.014327944313007e-05	9.014327944313007e-05	9.089718627012592e-05	9.975126708543246e-07	-0.7557867173257486	0.9050949050949052	-0.7557867173257486	0.9050949050949052
artista_axolotl	artista_axolotl	Ambystoma mexicanum	5DPI_1	Stereo-seq cellbin	expression_only	8106	19	5000	0	1000	expression_only			contact	spatial_ccc_score	celltype_permutation	5000	5000	4995	9.014327944313007e-05	9.014327944313007e-05	7.755121933504639e-05	1.8857260256114768e-05	0.6677566060531263	0.2677322677322677	0.6677566060531263	0.2677322677322677
artista_axolotl	artista_axolotl	Ambystoma mexicanum	5DPI_1	Stereo-seq cellbin	expression_only	8106	19	5000	0	1000	expression_only			contact	spatial_ccc_score	matched_random_lr	5000	5000	4995	9.014327944313007e-05	9.014327944313007e-05	8.964533497655963e-05	1.9476019893122863e-06	0.2556705473207505	0.3876123876123876	0.2556705473207505	0.3876123876123876
artista_axolotl	artista_axolotl	Ambystoma mexicanum	5DPI_1	Stereo-seq cellbin	expression_only	8106	19	5000	0	1000	expression_only			contact	spatial_ccc_score	score_permutation	5000	5000	4995	9.014327944313007e-05	9.014327944313007e-05	9.014327944313007e-05	1.3559308506083394e-20	0.999499874937461	1.0	0.999499874937461	1.0
artista_axolotl	artista_axolotl	Ambystoma mexicanum	5DPI_1	Stereo-seq cellbin	expression_only	8106	19	5000	0	1000	expression_only			contact	model_weighted_spatial_ccc_score	pooled	100	100	100	0.000277460372879	0.000277460372879	0.0001573322021883	0.0001080930612722	1.1113402588180563	0.2906773306673331	1.1113402588180563	0.2906773306673331
artista_axolotl	artista_axolotl	Ambystoma mexicanum	5DPI_1	Stereo-seq cellbin	expression_only	8106	19	5000	0	1000	expression_only			contact	model_weighted_spatial_ccc_score	coordinate_permutation	100	100	100	0.000277460372879	0.000277460372879	0.0002797152870993	3.113473926158381e-06	-0.7242438105258912	0.9070929070929072	-0.7242438105258912	0.9070929070929072
artista_axolotl	artista_axolotl	Ambystoma mexicanum	5DPI_1	Stereo-seq cellbin	expression_only	8106	19	5000	0	1000	expression_only			contact	model_weighted_spatial_ccc_score	celltype_permutation	100	100	100	0.000277460372879	0.000277460372879	0.0002337375889632	5.684030723135941e-05	0.7692214564900065	0.2557442557442557	0.7692214564900065	0.2557442557442557
artista_axolotl	artista_axolotl	Ambystoma mexicanum	5DPI_1	Stereo-seq cellbin	expression_only	8106	19	5000	0	1000	expression_only			contact	model_weighted_spatial_ccc_score	matched_random_lr	100	100	100	0.000277460372879	0.000277460372879	9.541287215646772e-05	9.266077968699816e-06	19.64666187113527	0.0009990009990009	19.64666187113527	0.0009990009990009
artista_axolotl	artista_axolotl	Ambystoma mexicanum	5DPI_1	Stereo-seq cellbin	expression_only	8106	19	5000	0	1000	expression_only			contact	model_weighted_spatial_ccc_score	score_permutation	100	100	100	0.000277460372879	0.000277460372879	2.046306053425869e-05	4.377052403060625e-06	58.71469854122071	0.0009990009990009	58.71469854122071	0.0009990009990009
artista_axolotl	artista_axolotl	Ambystoma mexicanum	5DPI_1	Stereo-seq cellbin	expression_only	8106	19	5000	0	1000	expression_only			contact	model_weighted_spatial_ccc_score	pooled	500	500	500	7.921363420435895e-05	7.921363420435895e-05	4.923462354436829e-05	2.8229790361220976e-05	1.0619636304905962	0.2911772056985753	1.0619636304905962	0.2911772056985753
artista_axolotl	artista_axolotl	Ambystoma mexicanum	5DPI_1	Stereo-seq cellbin	expression_only	8106	19	5000	0	1000	expression_only			contact	model_weighted_spatial_ccc_score	coordinate_permutation	500	500	500	7.921363420435895e-05	7.921363420435895e-05	7.986013654299479e-05	8.867766285547512e-07	-0.7290475614918862	0.9050949050949052	-0.7290475614918862	0.9050949050949052
artista_axolotl	artista_axolotl	Ambystoma mexicanum	5DPI_1	Stereo-seq cellbin	expression_only	8106	19	5000	0	1000	expression_only			contact	model_weighted_spatial_ccc_score	celltype_permutation	500	500	500	7.921363420435895e-05	7.921363420435895e-05	6.714881607292786e-05	1.630037988609808e-05	0.7401556415087402	0.2597402597402597	0.7401556415087402	0.2597402597402597
artista_axolotl	artista_axolotl	Ambystoma mexicanum	5DPI_1	Stereo-seq cellbin	expression_only	8106	19	5000	0	1000	expression_only			contact	model_weighted_spatial_ccc_score	matched_random_lr	500	500	500	7.921363420435895e-05	7.921363420435895e-05	4.042333751832432e-05	2.1973746001444844e-06	17.653019509501952	0.0009990009990009	17.653019509501952	0.0009990009990009
artista_axolotl	artista_axolotl	Ambystoma mexicanum	5DPI_1	Stereo-seq cellbin	expression_only	8106	19	5000	0	1000	expression_only			contact	model_weighted_spatial_ccc_score	score_permutation	500	500	500	7.921363420435895e-05	7.921363420435895e-05	9.506204043226209e-06	1.0079867635654e-06	69.15510469062822	0.0009990009990009	69.15510469062822	0.0009990009990009
artista_axolotl	artista_axolotl	Ambystoma mexicanum	5DPI_1	Stereo-seq cellbin	expression_only	8106	19	5000	0	1000	expression_only			contact	model_weighted_spatial_ccc_score	pooled	1000	1000	1000	4.220238834542704e-05	4.220238834542704e-05	2.717126222643615e-05	1.4480140964215436e-05	1.03805109053407	0.2911772056985753	1.03805109053407	0.2911772056985753
artista_axolotl	artista_axolotl	Ambystoma mexicanum	5DPI_1	Stereo-seq cellbin	expression_only	8106	19	5000	0	1000	expression_only			contact	model_weighted_spatial_ccc_score	coordinate_permutation	1000	1000	1000	4.220238834542704e-05	4.220238834542704e-05	4.254680212588026e-05	4.72235894096265e-07	-0.7293257136083067	0.904095904095904	-0.7293257136083067	0.904095904095904
artista_axolotl	artista_axolotl	Ambystoma mexicanum	5DPI_1	Stereo-seq cellbin	expression_only	8106	19	5000	0	1000	expression_only			contact	model_weighted_spatial_ccc_score	celltype_permutation	1000	1000	1000	4.220238834542704e-05	4.220238834542704e-05	3.5864528587367176e-05	8.705722258608236e-06	0.7280107921882046	0.2607392607392607	0.7280107921882046	0.2607392607392607
artista_axolotl	artista_axolotl	Ambystoma mexicanum	5DPI_1	Stereo-seq cellbin	expression_only	8106	19	5000	0	1000	expression_only			contact	model_weighted_spatial_ccc_score	matched_random_lr	1000	1000	1000	4.220238834542704e-05	4.220238834542704e-05	2.4065467496317216e-05	1.1061360026149284e-06	16.39664634930404	0.0009990009990009	16.39664634930404	0.0009990009990009
artista_axolotl	artista_axolotl	Ambystoma mexicanum	5DPI_1	Stereo-seq cellbin	expression_only	8106	19	5000	0	1000	expression_only			contact	model_weighted_spatial_ccc_score	score_permutation	1000	1000	1000	4.220238834542704e-05	4.220238834542704e-05	6.208250696179947e-06	5.056506039419158e-07	71.18381223842412	0.0009990009990009	71.18381223842412	0.0009990009990009
artista_axolotl	artista_axolotl	Ambystoma mexicanum	5DPI_1	Stereo-seq cellbin	expression_only	8106	19	5000	0	1000	expression_only			contact	model_weighted_spatial_ccc_score	pooled	5000	5000	4995	8.757524508496836e-06	8.757524508496836e-06	5.802717258798797e-06	2.8378966729255497e-06	1.041196206291742	0.2919270182454386	1.041196206291742	0.2919270182454386
artista_axolotl	artista_axolotl	Ambystoma mexicanum	5DPI_1	Stereo-seq cellbin	expression_only	8106	19	5000	0	1000	expression_only			contact	model_weighted_spatial_ccc_score	coordinate_permutation	5000	5000	4995	8.757524508496836e-06	8.757524508496836e-06	8.829164761690514e-06	9.789003889680115e-08	-0.73184415902831	0.906093906093906	-0.73184415902831	0.906093906093906
artista_axolotl	artista_axolotl	Ambystoma mexicanum	5DPI_1	Stereo-seq cellbin	expression_only	8106	19	5000	0	1000	expression_only			contact	model_weighted_spatial_ccc_score	celltype_permutation	5000	5000	4995	8.757524508496836e-06	8.757524508496836e-06	7.444550885796962e-06	1.8065440995237255e-06	0.7267874739653596	0.2617382617382617	0.7267874739653596	0.2617382617382617
artista_axolotl	artista_axolotl	Ambystoma mexicanum	5DPI_1	Stereo-seq cellbin	expression_only	8106	19	5000	0	1000	expression_only			contact	model_weighted_spatial_ccc_score	matched_random_lr	5000	5000	4995	8.757524508496836e-06	8.757524508496836e-06	5.218747998259698e-06	2.2222044622208374e-07	15.924621565652595	0.0009990009990009	15.924621565652595	0.0009990009990009
artista_axolotl	artista_axolotl	Ambystoma mexicanum	5DPI_1	Stereo-seq cellbin	expression_only	8106	19	5000	0	1000	expression_only			contact	model_weighted_spatial_ccc_score	score_permutation	5000	5000	4995	8.757524508496836e-06	8.757524508496836e-06	1.7184053894480145e-06	9.857520219499845e-08	71.40861963563871	0.0009990009990009	71.40861963563871	0.0009990009990009
artista_axolotl	artista_axolotl	Ambystoma mexicanum	5DPI_1	Stereo-seq cellbin	expression_only	8106	19	5000	0	1000	expression_only			exp	spatial_ccc_score	pooled	100	100	100	0.0011360685848927	0.0011360685848927	0.000919654039231	0.0002999458120605	0.7215121430602229	0.379905023744064	0.7215121430602229	0.379905023744064
artista_axolotl	artista_axolotl	Ambystoma mexicanum	5DPI_1	Stereo-seq cellbin	expression_only	8106	19	5000	0	1000	expression_only			exp	spatial_ccc_score	coordinate_permutation	100	100	100	0.0011360685848927	0.0011360685848927	0.0011317148124321	1.0401489894993078e-05	0.4185720031088905	0.2697302697302697	0.4185720031088905	0.2697302697302697
artista_axolotl	artista_axolotl	Ambystoma mexicanum	5DPI_1	Stereo-seq cellbin	expression_only	8106	19	5000	0	1000	expression_only			exp	spatial_ccc_score	celltype_permutation	100	100	100	0.0011360685848927	0.0011360685848927	0.000956273101172	0.0002205220088859	0.8153176394005194	0.2507492507492507	0.8153176394005194	0.2507492507492507
artista_axolotl	artista_axolotl	Ambystoma mexicanum	5DPI_1	Stereo-seq cellbin	expression_only	8106	19	5000	0	1000	expression_only			exp	spatial_ccc_score	matched_random_lr	100	100	100	0.0011360685848927	0.0011360685848927	0.0004545596584272	4.0415981330934575e-05	16.862362462146145	0.0009990009990009	16.862362462146145	0.0009990009990009
artista_axolotl	artista_axolotl	Ambystoma mexicanum	5DPI_1	Stereo-seq cellbin	expression_only	8106	19	5000	0	1000	expression_only			exp	spatial_ccc_score	score_permutation	100	100	100	0.0011360685848927	0.0011360685848927	0.0011360685848927	0.0	0.0	1.0	0.0	1.0
artista_axolotl	artista_axolotl	Ambystoma mexicanum	5DPI_1	Stereo-seq cellbin	expression_only	8106	19	5000	0	1000	expression_only			exp	spatial_ccc_score	pooled	500	500	500	0.0005298396144586	0.0005298396144586	0.0004725705649443	8.067560760593091e-05	0.709868214368382	0.3829042739315171	0.709868214368382	0.3829042739315171
artista_axolotl	artista_axolotl	Ambystoma mexicanum	5DPI_1	Stereo-seq cellbin	expression_only	8106	19	5000	0	1000	expression_only			exp	spatial_ccc_score	coordinate_permutation	500	500	500	0.0005298396144586	0.0005298396144586	0.0005279330019177	4.8509862010160894e-06	0.3930360677006744	0.2787212787212787	0.3930360677006744	0.2787212787212787
artista_axolotl	artista_axolotl	Ambystoma mexicanum	5DPI_1	Stereo-seq cellbin	expression_only	8106	19	5000	0	1000	expression_only			exp	spatial_ccc_score	celltype_permutation	500	500	500	0.0005298396144586	0.0005298396144586	0.0004499987124616	0.0001038317819765	0.7689447342336402	0.2537462537462537	0.7689447342336402	0.2537462537462537
artista_axolotl	artista_axolotl	Ambystoma mexicanum	5DPI_1	Stereo-seq cellbin	expression_only	8106	19	5000	0	1000	expression_only			exp	spatial_ccc_score	matched_random_lr	500	500	500	0.0005298396144586	0.0005298396144586	0.0003825109309392	1.6408510896909765e-05	8.97879670160009	0.0009990009990009	8.97879670160009	0.0009990009990009
artista_axolotl	artista_axolotl	Ambystoma mexicanum	5DPI_1	Stereo-seq cellbin	expression_only	8106	19	5000	0	1000	expression_only			exp	spatial_ccc_score	score_permutation	500	500	500	0.0005298396144586	0.0005298396144586	0.0005298396144586	0.0	0.0	1.0	0.0	1.0
artista_axolotl	artista_axolotl	Ambystoma mexicanum	5DPI_1	Stereo-seq cellbin	expression_only	8106	19	5000	0	1000	expression_only			exp	spatial_ccc_score	pooled	1000	1000	1000	0.0003461683378296	0.0003461683378296	0.0003244472833526	4.083378648947331e-05	0.5319382879827209	0.3836540864783804	0.5319382879827209	0.3836540864783804
artista_axolotl	artista_axolotl	Ambystoma mexicanum	5DPI_1	Stereo-seq cellbin	expression_only	8106	19	5000	0	1000	expression_only			exp	spatial_ccc_score	coordinate_permutation	1000	1000	1000	0.0003461683378296	0.0003461683378296	0.0003449272129783	3.1742669399820465e-06	0.3909957400438188	0.2747252747252747	0.3909957400438188	0.2747252747252747
artista_axolotl	artista_axolotl	Ambystoma mexicanum	5DPI_1	Stereo-seq cellbin	expression_only	8106	19	5000	0	1000	expression_only			exp	spatial_ccc_score	celltype_permutation	1000	1000	1000	0.0003461683378296	0.0003461683378296	0.0002961129348032	6.842459479450202e-05	0.7315410953729128	0.2597402597402597	0.7315410953729128	0.2597402597402597
artista_axolotl	artista_axolotl	Ambystoma mexicanum	5DPI_1	Stereo-seq cellbin	expression_only	8106	19	5000	0	1000	expression_only			exp	spatial_ccc_score	matched_random_lr	1000	1000	1000	0.0003461683378296	0.0003461683378296	0.0003105806477991	9.713891147110896e-06	3.663587484313286	0.0019980019980019	3.663587484313286	0.0019980019980019
artista_axolotl	artista_axolotl	Ambystoma mexicanum	5DPI_1	Stereo-seq cellbin	expression_only	8106	19	5000	0	1000	expression_only			exp	spatial_ccc_score	score_permutation	1000	1000	1000	0.0003461683378296	0.0003461683378296	0.0003461683378296	5.423723402433359e-20	-0.999499874937461	1.0	-0.999499874937461	1.0
artista_axolotl	artista_axolotl	Ambystoma mexicanum	5DPI_1	Stereo-seq cellbin	expression_only	8106	19	5000	0	1000	expression_only			exp	spatial_ccc_score	pooled	5000	5000	4995	9.599102927253167e-05	9.599102927253167e-05	9.226878980700252e-05	1.123399787160594e-05	0.3313370278391416	0.4788802799300174	0.3313370278391416	0.4788802799300174
artista_axolotl	artista_axolotl	Ambystoma mexicanum	5DPI_1	Stereo-seq cellbin	expression_only	8106	19	5000	0	1000	expression_only			exp	spatial_ccc_score	coordinate_permutation	5000	5000	4995	9.599102927253167e-05	9.599102927253167e-05	9.560054297451032e-05	8.784055754699515e-07	0.4445398673755513	0.2657342657342657	0.4445398673755513	0.2657342657342657
artista_axolotl	artista_axolotl	Ambystoma mexicanum	5DPI_1	Stereo-seq cellbin	expression_only	8106	19	5000	0	1000	expression_only			exp	spatial_ccc_score	celltype_permutation	5000	5000	4995	9.599102927253167e-05	9.599102927253167e-05	8.200924907961835e-05	1.8961482191505624e-05	0.737378019909061	0.2597402597402597	0.737378019909061	0.2597402597402597
artista_axolotl	artista_axolotl	Ambystoma mexicanum	5DPI_1	Stereo-seq cellbin	expression_only	8106	19	5000	0	1000	expression_only			exp	spatial_ccc_score	matched_random_lr	5000	5000	4995	9.599102927253167e-05	9.599102927253167e-05	9.54743379013498e-05	2.061656192129393e-06	0.2506195616681501	0.3916083916083916	0.2506195616681501	0.3916083916083916
artista_axolotl	artista_axolotl	Ambystoma mexicanum	5DPI_1	Stereo-seq cellbin	expression_only	8106	19	5000	0	1000	expression_only			exp	spatial_ccc_score	score_permutation	5000	5000	4995	9.599102927253167e-05	9.599102927253167e-05	9.599102927253167e-05	1.3559308506083394e-20	0.999499874937461	1.0	0.999499874937461	1.0
artista_axolotl	artista_axolotl	Ambystoma mexicanum	5DPI_1	Stereo-seq cellbin	expression_only	8106	19	5000	0	1000	expression_only			exp	model_weighted_spatial_ccc_score	pooled	100	100	100	0.0002948575976661	0.0002948575976661	0.0001660036085354	0.0001132394477257	1.137889593410751	0.129467633091727	1.137889593410751	0.129467633091727
artista_axolotl	artista_axolotl	Ambystoma mexicanum	5DPI_1	Stereo-seq cellbin	expression_only	8106	19	5000	0	1000	expression_only			exp	model_weighted_spatial_ccc_score	coordinate_permutation	100	100	100	0.0002948575976661	0.0002948575976661	0.0002937383309901	2.7101818450610165e-06	0.412985821618723	0.2717282717282717	0.412985821618723	0.2717282717282717
artista_axolotl	artista_axolotl	Ambystoma mexicanum	5DPI_1	Stereo-seq cellbin	expression_only	8106	19	5000	0	1000	expression_only			exp	model_weighted_spatial_ccc_score	celltype_permutation	100	100	100	0.0002948575976661	0.0002948575976661	0.0002471853930603	5.7102603883169866e-05	0.8348516768745673	0.2467532467532467	0.8348516768745673	0.2467532467532467
artista_axolotl	artista_axolotl	Ambystoma mexicanum	5DPI_1	Stereo-seq cellbin	expression_only	8106	19	5000	0	1000	expression_only			exp	model_weighted_spatial_ccc_score	matched_random_lr	100	100	100	0.0002948575976661	0.0002948575976661	0.0001013431889487	9.806477334776934e-06	19.733325445129164	0.0009990009990009	19.733325445129164	0.0009990009990009
artista_axolotl	artista_axolotl	Ambystoma mexicanum	5DPI_1	Stereo-seq cellbin	expression_only	8106	19	5000	0	1000	expression_only			exp	model_weighted_spatial_ccc_score	score_permutation	100	100	100	0.0002948575976661	0.0002948575976661	2.1747521142356063e-05	4.64792547226241e-06	58.759564488211	0.0009990009990009	58.759564488211	0.0009990009990009
artista_axolotl	artista_axolotl	Ambystoma mexicanum	5DPI_1	Stereo-seq cellbin	expression_only	8106	19	5000	0	1000	expression_only			exp	model_weighted_spatial_ccc_score	pooled	500	500	500	8.420432342330864e-05	8.420432342330864e-05	5.198805601209594e-05	2.9545591487688343e-05	1.0903916892182453	0.1312171957010747	1.0903916892182453	0.1312171957010747
artista_axolotl	artista_axolotl	Ambystoma mexicanum	5DPI_1	Stereo-seq cellbin	expression_only	8106	19	5000	0	1000	expression_only			exp	model_weighted_spatial_ccc_score	coordinate_permutation	500	500	500	8.420432342330864e-05	8.420432342330864e-05	8.389417960913054e-05	7.73324243636168e-07	0.4010527495165579	0.2737262737262737	0.4010527495165579	0.2737262737262737
artista_axolotl	artista_axolotl	Ambystoma mexicanum	5DPI_1	Stereo-seq cellbin	expression_only	8106	19	5000	0	1000	expression_only			exp	model_weighted_spatial_ccc_score	celltype_permutation	500	500	500	8.420432342330864e-05	8.420432342330864e-05	7.101147570629242e-05	1.6379970320409962e-05	0.805425617931524	0.2517482517482518	0.805425617931524	0.2517482517482518
artista_axolotl	artista_axolotl	Ambystoma mexicanum	5DPI_1	Stereo-seq cellbin	expression_only	8106	19	5000	0	1000	expression_only			exp	model_weighted_spatial_ccc_score	matched_random_lr	500	500	500	8.420432342330864e-05	8.420432342330864e-05	4.293845145474997e-05	2.3253906868875814e-06	17.745780182766175	0.0009990009990009	17.745780182766175	0.0009990009990009
artista_axolotl	artista_axolotl	Ambystoma mexicanum	5DPI_1	Stereo-seq cellbin	expression_only	8106	19	5000	0	1000	expression_only			exp	model_weighted_spatial_ccc_score	score_permutation	500	500	500	8.420432342330864e-05	8.420432342330864e-05	1.0108117278210854e-05	1.0703678158540262e-06	69.22499448096524	0.0009990009990009	69.22499448096524	0.0009990009990009
artista_axolotl	artista_axolotl	Ambystoma mexicanum	5DPI_1	Stereo-seq cellbin	expression_only	8106	19	5000	0	1000	expression_only			exp	model_weighted_spatial_ccc_score	pooled	1000	1000	1000	4.486705643178569e-05	4.486705643178569e-05	2.8700283452401656e-05	1.5147417567718747e-05	1.067295656642996	0.1327168207948013	1.067295656642996	0.1327168207948013
artista_axolotl	artista_axolotl	Ambystoma mexicanum	5DPI_1	Stereo-seq cellbin	expression_only	8106	19	5000	0	1000	expression_only			exp	model_weighted_spatial_ccc_score	coordinate_permutation	1000	1000	1000	4.486705643178569e-05	4.486705643178569e-05	4.470219256336472e-05	4.120608500514093e-07	0.400095928551351	0.2757242757242757	0.400095928551351	0.2757242757242757
artista_axolotl	artista_axolotl	Ambystoma mexicanum	5DPI_1	Stereo-seq cellbin	expression_only	8106	19	5000	0	1000	expression_only			exp	model_weighted_spatial_ccc_score	celltype_permutation	1000	1000	1000	4.486705643178569e-05	4.486705643178569e-05	3.792742790276106e-05	8.748632263016541e-06	0.7932243944417249	0.2557442557442557	0.7932243944417249	0.2557442557442557
artista_axolotl	artista_axolotl	Ambystoma mexicanum	5DPI_1	Stereo-seq cellbin	expression_only	8106	19	5000	0	1000	expression_only			exp	model_weighted_spatial_ccc_score	matched_random_lr	1000	1000	1000	4.486705643178569e-05	4.486705643178569e-05	2.5567458871730155e-05	1.1705811652926205e-06	16.487192970707884	0.0009990009990009	16.487192970707884	0.0009990009990009
artista_axolotl	artista_axolotl	Ambystoma mexicanum	5DPI_1	Stereo-seq cellbin	expression_only	8106	19	5000	0	1000	expression_only			exp	model_weighted_spatial_ccc_score	score_permutation	1000	1000	1000	4.486705643178569e-05	4.486705643178569e-05	6.604054471750703e-06	5.367704944358966e-07	71.28372806751679	0.0009990009990009	71.28372806751679	0.0009990009990009
artista_axolotl	artista_axolotl	Ambystoma mexicanum	5DPI_1	Stereo-seq cellbin	expression_only	8106	19	5000	0	1000	expression_only			exp	model_weighted_spatial_ccc_score	pooled	5000	5000	4995	9.311625312691353e-06	9.311625312691353e-06	6.131543302673104e-06	2.964239563376329e-06	1.0728154530115204	0.1322169457635591	1.0728154530115204	0.1322169457635591
artista_axolotl	artista_axolotl	Ambystoma mexicanum	5DPI_1	Stereo-seq cellbin	expression_only	8106	19	5000	0	1000	expression_only			exp	model_weighted_spatial_ccc_score	coordinate_permutation	5000	5000	4995	9.311625312691353e-06	9.311625312691353e-06	9.276981393485636e-06	8.547239406631442e-08	0.4053229067017375	0.2747252747252747	0.4053229067017375	0.2747252747252747
artista_axolotl	artista_axolotl	Ambystoma mexicanum	5DPI_1	Stereo-seq cellbin	expression_only	8106	19	5000	0	1000	expression_only			exp	model_weighted_spatial_ccc_score	celltype_permutation	5000	5000	4995	9.311625312691353e-06	9.311625312691353e-06	7.872746670763029e-06	1.815514624709249e-06	0.7925458833242701	0.2547452547452547	0.7925458833242701	0.2547452547452547
artista_axolotl	artista_axolotl	Ambystoma mexicanum	5DPI_1	Stereo-seq cellbin	expression_only	8106	19	5000	0	1000	expression_only			exp	model_weighted_spatial_ccc_score	matched_random_lr	5000	5000	4995	9.311625312691353e-06	9.311625312691353e-06	5.546529856272518e-06	2.351576894940666e-07	16.010939146915852	0.0009990009990009	16.010939146915852	0.0009990009990009
artista_axolotl	artista_axolotl	Ambystoma mexicanum	5DPI_1	Stereo-seq cellbin	expression_only	8106	19	5000	0	1000	expression_only			exp	model_weighted_spatial_ccc_score	score_permutation	5000	5000	4995	9.311625312691353e-06	9.311625312691353e-06	1.8299152901712296e-06	1.0457250777652917e-07	71.54566894874984	0.0009990009990009	71.54566894874984	0.0009990009990009
artista_axolotl	artista_axolotl	Ambystoma mexicanum	30DPI	Stereo-seq cellbin	dbfree	9252	17	5000	0	1000	model_x_expression_potential	mean	0.5	contact	spatial_ccc_score	pooled	100	100	100	0.0006256831728279	0.0006256831728279	0.0005646181188352	0.0001727115406363	0.353566726159257	0.4313921519620095	0.353566726159257	0.4313921519620095
artista_axolotl	artista_axolotl	Ambystoma mexicanum	30DPI	Stereo-seq cellbin	dbfree	9252	17	5000	0	1000	model_x_expression_potential	mean	0.5	contact	spatial_ccc_score	coordinate_permutation	100	100	100	0.0006256831728279	0.0006256831728279	0.0006174233951493	8.102560795528385e-06	1.0194033574108488	0.1008991008991009	1.0194033574108488	0.1008991008991009
artista_axolotl	artista_axolotl	Ambystoma mexicanum	30DPI	Stereo-seq cellbin	dbfree	9252	17	5000	0	1000	model_x_expression_potential	mean	0.5	contact	spatial_ccc_score	celltype_permutation	100	100	100	0.0006256831728279	0.0006256831728279	0.0007049159986386	0.0001647864870452	-0.4808211354670748	0.6253746253746254	-0.4808211354670748	0.6253746253746254
artista_axolotl	artista_axolotl	Ambystoma mexicanum	30DPI	Stereo-seq cellbin	dbfree	9252	17	5000	0	1000	model_x_expression_potential	mean	0.5	contact	spatial_ccc_score	matched_random_lr	100	100	100	0.0006256831728279	0.0006256831728279	0.0003104499087249	3.5961637043798846e-05	8.765820747233604	0.0009990009990009	8.765820747233604	0.0009990009990009
artista_axolotl	artista_axolotl	Ambystoma mexicanum	30DPI	Stereo-seq cellbin	dbfree	9252	17	5000	0	1000	model_x_expression_potential	mean	0.5	contact	spatial_ccc_score	score_permutation	100	100	100	0.0006256831728279	0.0006256831728279	0.0006256831728279	1.0847446804866718e-19	-0.999499874937461	1.0	-0.999499874937461	1.0
artista_axolotl	artista_axolotl	Ambystoma mexicanum	30DPI	Stereo-seq cellbin	dbfree	9252	17	5000	0	1000	model_x_expression_potential	mean	0.5	contact	spatial_ccc_score	pooled	500	500	500	0.000384508245582	0.000384508245582	0.0003729689949939	7.810327113438523e-05	0.1477434993508926	0.4503874031492127	0.1477434993508926	0.4503874031492127
artista_axolotl	artista_axolotl	Ambystoma mexicanum	30DPI	Stereo-seq cellbin	dbfree	9252	17	5000	0	1000	model_x_expression_potential	mean	0.5	contact	spatial_ccc_score	coordinate_permutation	500	500	500	0.000384508245582	0.000384508245582	0.0003798986216601	4.957194481321818e-06	0.9298856317390696	0.1168831168831168	0.9298856317390696	0.1168831168831168
artista_axolotl	artista_axolotl	Ambystoma mexicanum	30DPI	Stereo-seq cellbin	dbfree	9252	17	5000	0	1000	model_x_expression_potential	mean	0.5	contact	spatial_ccc_score	celltype_permutation	500	500	500	0.000384508245582	0.000384508245582	0.0004449046403	0.0001031126536772	-0.5857321343603701	0.6853146853146853	-0.5857321343603701	0.6853146853146853
artista_axolotl	artista_axolotl	Ambystoma mexicanum	30DPI	Stereo-seq cellbin	dbfree	9252	17	5000	0	1000	model_x_expression_potential	mean	0.5	contact	spatial_ccc_score	matched_random_lr	500	500	500	0.000384508245582	0.000384508245582	0.0002825644724334	1.4818170519607357e-05	6.87964637832507	0.0009990009990009	6.87964637832507	0.0009990009990009
artista_axolotl	artista_axolotl	Ambystoma mexicanum	30DPI	Stereo-seq cellbin	dbfree	9252	17	5000	0	1000	model_x_expression_potential	mean	0.5	contact	spatial_ccc_score	score_permutation	500	500	500	0.000384508245582	0.000384508245582	0.000384508245582	0.0	0.0	1.0	0.0	1.0
artista_axolotl	artista_axolotl	Ambystoma mexicanum	30DPI	Stereo-seq cellbin	dbfree	9252	17	5000	0	1000	model_x_expression_potential	mean	0.5	contact	spatial_ccc_score	pooled	1000	1000	1000	0.0002455170448471	0.0002455170448471	0.0002462752843282	4.18345912862402e-05	-0.0181247015381356	0.4526368407898025	-0.0181247015381356	0.4526368407898025
artista_axolotl	artista_axolotl	Ambystoma mexicanum	30DPI	Stereo-seq cellbin	dbfree	9252	17	5000	0	1000	model_x_expression_potential	mean	0.5	contact	spatial_ccc_score	coordinate_permutation	1000	1000	1000	0.0002455170448471	0.0002455170448471	0.0002426832586235	3.1526430005239943e-06	0.8988604872803257	0.1248751248751248	0.8988604872803257	0.1248751248751248
artista_axolotl	artista_axolotl	Ambystoma mexicanum	30DPI	Stereo-seq cellbin	dbfree	9252	17	5000	0	1000	model_x_expression_potential	mean	0.5	contact	spatial_ccc_score	celltype_permutation	1000	1000	1000	0.0002455170448471	0.0002455170448471	0.0002843080350814	6.57836736369226e-05	-0.5896750377365235	0.6853146853146853	-0.5896750377365235	0.6853146853146853
artista_axolotl	artista_axolotl	Ambystoma mexicanum	30DPI	Stereo-seq cellbin	dbfree	9252	17	5000	0	1000	model_x_expression_potential	mean	0.5	contact	spatial_ccc_score	matched_random_lr	1000	1000	1000	0.0002455170448471	0.0002455170448471	0.0002125927987606	8.442883261846851e-06	3.899644832859339	0.0019980019980019	3.899644832859339	0.0019980019980019
artista_axolotl	artista_axolotl	Ambystoma mexicanum	30DPI	Stereo-seq cellbin	dbfree	9252	17	5000	0	1000	model_x_expression_potential	mean	0.5	contact	spatial_ccc_score	score_permutation	1000	1000	1000	0.0002455170448471	0.0002455170448471	0.0002455170448471	5.423723402433359e-20	-0.999499874937461	1.0	-0.999499874937461	1.0
artista_axolotl	artista_axolotl	Ambystoma mexicanum	30DPI	Stereo-seq cellbin	dbfree	9252	17	5000	0	1000	model_x_expression_potential	mean	0.5	contact	spatial_ccc_score	pooled	5000	5000	4022	7.414706155007716e-05	7.414706155007716e-05	7.559147307011101e-05	1.1503428870080894e-05	-0.1255635633815758	0.453886528367908	-0.1255635633815758	0.453886528367908
artista_axolotl	artista_axolotl	Ambystoma mexicanum	30DPI	Stereo-seq cellbin	dbfree	9252	17	5000	0	1000	model_x_expression_potential	mean	0.5	contact	spatial_ccc_score	coordinate_permutation	5000	5000	4022	7.414706155007716e-05	7.414706155007716e-05	7.334514943900328e-05	9.424309976876068e-07	0.8508974270174567	0.1288711288711288	0.8508974270174567	0.1288711288711288
artista_axolotl	artista_axolotl	Ambystoma mexicanum	30DPI	Stereo-seq cellbin	dbfree	9252	17	5000	0	1000	model_x_expression_potential	mean	0.5	contact	spatial_ccc_score	celltype_permutation	5000	5000	4022	7.414706155007716e-05	7.414706155007716e-05	8.523642347709575e-05	1.971273727973645e-05	-0.5625480505144158	0.6673326673326674	-0.5625480505144158	0.6673326673326674
artista_axolotl	artista_axolotl	Ambystoma mexicanum	30DPI	Stereo-seq cellbin	dbfree	9252	17	5000	0	1000	model_x_expression_potential	mean	0.5	contact	spatial_ccc_score	matched_random_lr	5000	5000	4022	7.414706155007716e-05	7.414706155007716e-05	6.963725781426782e-05	2.118233200832085e-06	2.1290402463892093	0.0209790209790209	2.1290402463892093	0.0209790209790209
artista_axolotl	artista_axolotl	Ambystoma mexicanum	30DPI	Stereo-seq cellbin	dbfree	9252	17	5000	0	1000	model_x_expression_potential	mean	0.5	contact	spatial_ccc_score	score_permutation	5000	5000	4022	7.414706155007716e-05	7.414706155007716e-05	7.414706155007716e-05	0.0	0.0	1.0	0.0	1.0
artista_axolotl	artista_axolotl	Ambystoma mexicanum	30DPI	Stereo-seq cellbin	dbfree	9252	17	5000	0	1000	model_x_expression_potential	mean	0.5	contact	model_weighted_spatial_ccc_score	pooled	100	100	100	0.0005561915282693	0.0005561915282693	0.0004631873958464	0.0001548697698011	0.6005312240236578	0.1809547613096725	0.6005312240236578	0.1809547613096725
artista_axolotl	artista_axolotl	Ambystoma mexicanum	30DPI	Stereo-seq cellbin	dbfree	9252	17	5000	0	1000	model_x_expression_potential	mean	0.5	contact	model_weighted_spatial_ccc_score	coordinate_permutation	100	100	100	0.0005561915282693	0.0005561915282693	0.0005488212007692	7.202638413532834e-06	1.0232816194441017	0.0999000999000999	1.0232816194441017	0.0999000999000999
artista_axolotl	artista_axolotl	Ambystoma mexicanum	30DPI	Stereo-seq cellbin	dbfree	9252	17	5000	0	1000	model_x_expression_potential	mean	0.5	contact	model_weighted_spatial_ccc_score	celltype_permutation	100	100	100	0.0005561915282693	0.0005561915282693	0.0006266455878606	0.0001464938768807	-0.4809351837185163	0.6243756243756243	-0.4809351837185163	0.6243756243756243
artista_axolotl	artista_axolotl	Ambystoma mexicanum	30DPI	Stereo-seq cellbin	dbfree	9252	17	5000	0	1000	model_x_expression_potential	mean	0.5	contact	model_weighted_spatial_ccc_score	matched_random_lr	100	100	100	0.0005561915282693	0.0005561915282693	0.000274518030806	3.168361411732996e-05	8.890194673505086	0.0009990009990009	8.890194673505086	0.0009990009990009
artista_axolotl	artista_axolotl	Ambystoma mexicanum	30DPI	Stereo-seq cellbin	dbfree	9252	17	5000	0	1000	model_x_expression_potential	mean	0.5	contact	model_weighted_spatial_ccc_score	score_permutation	100	100	100	0.0005561915282693	0.0005561915282693	0.0004027647639497	1.105884403673719e-05	13.87367104644492	0.0009990009990009	13.87367104644492	0.0009990009990009
artista_axolotl	artista_axolotl	Ambystoma mexicanum	30DPI	Stereo-seq cellbin	dbfree	9252	17	5000	0	1000	model_x_expression_potential	mean	0.5	contact	model_weighted_spatial_ccc_score	pooled	500	500	500	0.0003265723376685	0.0003265723376685	0.0002964484872131	7.239873362974741e-05	0.4160825603591692	0.200699825043739	0.4160825603591692	0.200699825043739
artista_axolotl	artista_axolotl	Ambystoma mexicanum	30DPI	Stereo-seq cellbin	dbfree	9252	17	5000	0	1000	model_x_expression_potential	mean	0.5	contact	model_weighted_spatial_ccc_score	coordinate_permutation	500	500	500	0.0003265723376685	0.0003265723376685	0.0003226380655388	4.209972709241961e-06	0.9345125019755774	0.1178821178821178	0.9345125019755774	0.1178821178821178
artista_axolotl	artista_axolotl	Ambystoma mexicanum	30DPI	Stereo-seq cellbin	dbfree	9252	17	5000	0	1000	model_x_expression_potential	mean	0.5	contact	model_weighted_spatial_ccc_score	celltype_permutation	500	500	500	0.0003265723376685	0.0003265723376685	0.0003777420580316	8.755694694338605e-05	-0.5844164529419875	0.6853146853146853	-0.5844164529419875	0.6853146853146853
artista_axolotl	artista_axolotl	Ambystoma mexicanum	30DPI	Stereo-seq cellbin	dbfree	9252	17	5000	0	1000	model_x_expression_potential	mean	0.5	contact	model_weighted_spatial_ccc_score	matched_random_lr	500	500	500	0.0003265723376685	0.0003265723376685	0.0002379293451442	1.2493144292316286e-05	7.095330883107634	0.0009990009990009	7.095330883107634	0.0009990009990009
artista_axolotl	artista_axolotl	Ambystoma mexicanum	30DPI	Stereo-seq cellbin	dbfree	9252	17	5000	0	1000	model_x_expression_potential	mean	0.5	contact	model_weighted_spatial_ccc_score	score_permutation	500	500	500	0.0003265723376685	0.0003265723376685	0.0002474844801379	3.5204024815715188e-06	22.46557259990664	0.0009990009990009	22.46557259990664	0.0009990009990009
artista_axolotl	artista_axolotl	Ambystoma mexicanum	30DPI	Stereo-seq cellbin	dbfree	9252	17	5000	0	1000	model_x_expression_potential	mean	0.5	contact	model_weighted_spatial_ccc_score	pooled	1000	1000	1000	0.0002050199646377	0.0002050199646377	0.0001932194332232	4.0885847929043615e-05	0.2886214182226169	0.2021994501374656	0.2886214182226169	0.2021994501374656
artista_axolotl	artista_axolotl	Ambystoma mexicanum	30DPI	Stereo-seq cellbin	dbfree	9252	17	5000	0	1000	model_x_expression_potential	mean	0.5	contact	model_weighted_spatial_ccc_score	coordinate_permutation	1000	1000	1000	0.0002050199646377	0.0002050199646377	0.0002026370587254	2.632937862114341e-06	0.9050368968220394	0.1238761238761238	0.9050368968220394	0.1238761238761238
artista_axolotl	artista_axolotl	Ambystoma mexicanum	30DPI	Stereo-seq cellbin	dbfree	9252	17	5000	0	1000	model_x_expression_potential	mean	0.5	contact	model_weighted_spatial_ccc_score	celltype_permutation	1000	1000	1000	0.0002050199646377	0.0002050199646377	0.0002373501489548	5.492726111889741e-05	-0.588599971280469	0.6843156843156843	-0.588599971280469	0.6843156843156843
artista_axolotl	artista_axolotl	Ambystoma mexicanum	30DPI	Stereo-seq cellbin	dbfree	9252	17	5000	0	1000	model_x_expression_potential	mean	0.5	contact	model_weighted_spatial_ccc_score	matched_random_lr	1000	1000	1000	0.0002050199646377	0.0002050199646377	0.0001748671128581	7.011441472519104e-06	4.300521069416944	0.0019980019980019	4.300521069416944	0.0019980019980019
artista_axolotl	artista_axolotl	Ambystoma mexicanum	30DPI	Stereo-seq cellbin	dbfree	9252	17	5000	0	1000	model_x_expression_potential	mean	0.5	contact	model_weighted_spatial_ccc_score	score_permutation	1000	1000	1000	0.0002050199646377	0.0002050199646377	0.0001580234123543	1.7716800745591451e-06	26.52654559827682	0.0009990009990009	26.52654559827682	0.0009990009990009
artista_axolotl	artista_axolotl	Ambystoma mexicanum	30DPI	Stereo-seq cellbin	dbfree	9252	17	5000	0	1000	model_x_expression_potential	mean	0.5	contact	model_weighted_spatial_ccc_score	pooled	5000	5000	4022	5.9882190282917685e-05	5.9882190282917685e-05	5.767929999736375e-05	1.109586036614843e-05	0.1985326250386653	0.2011997000749812	0.1985326250386653	0.2011997000749812
artista_axolotl	artista_axolotl	Ambystoma mexicanum	30DPI	Stereo-seq cellbin	dbfree	9252	17	5000	0	1000	model_x_expression_potential	mean	0.5	contact	model_weighted_spatial_ccc_score	coordinate_permutation	5000	5000	4022	5.9882190282917685e-05	5.9882190282917685e-05	5.92235920238248e-05	7.626388090198921e-07	0.8635782119969556	0.1278721278721278	0.8635782119969556	0.1278721278721278
artista_axolotl	artista_axolotl	Ambystoma mexicanum	30DPI	Stereo-seq cellbin	dbfree	9252	17	5000	0	1000	model_x_expression_potential	mean	0.5	contact	model_weighted_spatial_ccc_score	celltype_permutation	5000	5000	4022	5.9882190282917685e-05	5.9882190282917685e-05	6.888245882024769e-05	1.5933411824077205e-05	-0.5648676276432878	0.6723276723276723	-0.5648676276432878	0.6723276723276723
artista_axolotl	artista_axolotl	Ambystoma mexicanum	30DPI	Stereo-seq cellbin	dbfree	9252	17	5000	0	1000	model_x_expression_potential	mean	0.5	contact	model_weighted_spatial_ccc_score	matched_random_lr	5000	5000	4022	5.9882190282917685e-05	5.9882190282917685e-05	5.489294662989892e-05	1.755183786621408e-06	2.8425761968908505	0.0059940059940059	2.8425761968908505	0.0059940059940059
artista_axolotl	artista_axolotl	Ambystoma mexicanum	30DPI	Stereo-seq cellbin	dbfree	9252	17	5000	0	1000	model_x_expression_potential	mean	0.5	contact	model_weighted_spatial_ccc_score	score_permutation	5000	5000	4022	5.9882190282917685e-05	5.9882190282917685e-05	4.771820251548361e-05	4.339828861004913e-07	28.028726839282392	0.0009990009990009	28.028726839282392	0.0009990009990009
artista_axolotl	artista_axolotl	Ambystoma mexicanum	30DPI	Stereo-seq cellbin	dbfree	9252	17	5000	0	1000	model_x_expression_potential	mean	0.5	exp	spatial_ccc_score	pooled	100	100	100	0.0006585240790479	0.0006585240790479	0.0005930516386064	0.0001782289791953	0.3673501398990976	0.4218945263684079	0.3673501398990976	0.4218945263684079
artista_axolotl	artista_axolotl	Ambystoma mexicanum	30DPI	Stereo-seq cellbin	dbfree	9252	17	5000	0	1000	model_x_expression_potential	mean	0.5	exp	spatial_ccc_score	coordinate_permutation	100	100	100	0.0006585240790479	0.0006585240790479	0.0006496810631323	5.489117857631214e-06	1.6110085709433488	0.0699300699300699	1.6110085709433488	0.0699300699300699
artista_axolotl	artista_axolotl	Ambystoma mexicanum	30DPI	Stereo-seq cellbin	dbfree	9252	17	5000	0	1000	model_x_expression_potential	mean	0.5	exp	spatial_ccc_score	celltype_permutation	100	100	100	0.0006585240790479	0.0006585240790479	0.0007363142454107	0.0001648042633358	-0.4720154975860057	0.6183816183816184	-0.4720154975860057	0.6183816183816184
artista_axolotl	artista_axolotl	Ambystoma mexicanum	30DPI	Stereo-seq cellbin	dbfree	9252	17	5000	0	1000	model_x_expression_potential	mean	0.5	exp	spatial_ccc_score	matched_random_lr	100	100	100	0.0006585240790479	0.0006585240790479	0.0003276871668348	3.7849021917212406e-05	8.74096331833173	0.0009990009990009	8.74096331833173	0.0009990009990009
artista_axolotl	artista_axolotl	Ambystoma mexicanum	30DPI	Stereo-seq cellbin	dbfree	9252	17	5000	0	1000	model_x_expression_potential	mean	0.5	exp	spatial_ccc_score	score_permutation	100	100	100	0.0006585240790479	0.0006585240790479	0.0006585240790479	0.0	0.0	1.0	0.0	1.0
artista_axolotl	artista_axolotl	Ambystoma mexicanum	30DPI	Stereo-seq cellbin	dbfree	9252	17	5000	0	1000	model_x_expression_potential	mean	0.5	exp	spatial_ccc_score	pooled	500	500	500	0.0004056247120619	0.0004056247120619	0.0003922162163684	7.939045978759882e-05	0.1688930348725311	0.4356410897275681	0.1688930348725311	0.4356410897275681
artista_axolotl	artista_axolotl	Ambystoma mexicanum	30DPI	Stereo-seq cellbin	dbfree	9252	17	5000	0	1000	model_x_expression_potential	mean	0.5	exp	spatial_ccc_score	coordinate_permutation	500	500	500	0.0004056247120619	0.0004056247120619	0.0004002576816006	3.3735425848728627e-06	1.5909182487512106	0.0659340659340659	1.5909182487512106	0.0659340659340659
artista_axolotl	artista_axolotl	Ambystoma mexicanum	30DPI	Stereo-seq cellbin	dbfree	9252	17	5000	0	1000	model_x_expression_potential	mean	0.5	exp	spatial_ccc_score	celltype_permutation	500	500	500	0.0004056247120619	0.0004056247120619	0.0004647278088852	0.0001031015969004	-0.573251031993498	0.6773226773226774	-0.573251031993498	0.6773226773226774
artista_axolotl	artista_axolotl	Ambystoma mexicanum	30DPI	Stereo-seq cellbin	dbfree	9252	17	5000	0	1000	model_x_expression_potential	mean	0.5	exp	spatial_ccc_score	matched_random_lr	500	500	500	0.0004056247120619	0.0004056247120619	0.0002982546629259	1.5603999918355072e-05	6.880931152123122	0.0009990009990009	6.880931152123122	0.0009990009990009
artista_axolotl	artista_axolotl	Ambystoma mexicanum	30DPI	Stereo-seq cellbin	dbfree	9252	17	5000	0	1000	model_x_expression_potential	mean	0.5	exp	spatial_ccc_score	score_permutation	500	500	500	0.0004056247120619	0.0004056247120619	0.0004056247120619	0.0	0.0	1.0	0.0	1.0
artista_axolotl	artista_axolotl	Ambystoma mexicanum	30DPI	Stereo-seq cellbin	dbfree	9252	17	5000	0	1000	model_x_expression_potential	mean	0.5	exp	spatial_ccc_score	pooled	1000	1000	1000	0.0002591232974194	0.0002591232974194	0.0002590766314284	4.19889052191512e-05	0.0011113886111491	0.4361409647588103	0.0011113886111491	0.4361409647588103
artista_axolotl	artista_axolotl	Ambystoma mexicanum	30DPI	Stereo-seq cellbin	dbfree	9252	17	5000	0	1000	model_x_expression_potential	mean	0.5	exp	spatial_ccc_score	coordinate_permutation	1000	1000	1000	0.0002591232974194	0.0002591232974194	0.0002557288398868	2.152651577757093e-06	1.5768727125704942	0.0679320679320679	1.5768727125704942	0.0679320679320679
artista_axolotl	artista_axolotl	Ambystoma mexicanum	30DPI	Stereo-seq cellbin	dbfree	9252	17	5000	0	1000	model_x_expression_potential	mean	0.5	exp	spatial_ccc_score	celltype_permutation	1000	1000	1000	0.0002591232974194	0.0002591232974194	0.0002969767501763	6.577665282308181e-05	-0.5754846306744954	0.6763236763236763	-0.5754846306744954	0.6763236763236763
artista_axolotl	artista_axolotl	Ambystoma mexicanum	30DPI	Stereo-seq cellbin	dbfree	9252	17	5000	0	1000	model_x_expression_potential	mean	0.5	exp	spatial_ccc_score	matched_random_lr	1000	1000	1000	0.0002591232974194	0.0002591232974194	0.0002244776382309	8.888115417948264e-06	3.897975842946186	0.0019980019980019	3.897975842946186	0.0019980019980019
artista_axolotl	artista_axolotl	Ambystoma mexicanum	30DPI	Stereo-seq cellbin	dbfree	9252	17	5000	0	1000	model_x_expression_potential	mean	0.5	exp	spatial_ccc_score	score_permutation	1000	1000	1000	0.0002591232974194	0.0002591232974194	0.0002591232974194	1.0847446804866718e-19	-0.999499874937461	1.0	-0.999499874937461	1.0
artista_axolotl	artista_axolotl	Ambystoma mexicanum	30DPI	Stereo-seq cellbin	dbfree	9252	17	5000	0	1000	model_x_expression_potential	mean	0.5	exp	spatial_ccc_score	pooled	5000	5000	4022	7.827996725091691e-05	7.827996725091691e-05	7.953627524743974e-05	1.1470616900507022e-05	-0.1095240131738078	0.4386403399150212	-0.1095240131738078	0.4386403399150212
artista_axolotl	artista_axolotl	Ambystoma mexicanum	30DPI	Stereo-seq cellbin	dbfree	9252	17	5000	0	1000	model_x_expression_potential	mean	0.5	exp	spatial_ccc_score	coordinate_permutation	5000	5000	4022	7.827996725091691e-05	7.827996725091691e-05	7.726984132682727e-05	6.467333268402265e-07	1.561889394234343	0.0699300699300699	1.561889394234343	0.0699300699300699
artista_axolotl	artista_axolotl	Ambystoma mexicanum	30DPI	Stereo-seq cellbin	dbfree	9252	17	5000	0	1000	model_x_expression_potential	mean	0.5	exp	spatial_ccc_score	celltype_permutation	5000	5000	4022	7.827996725091691e-05	7.827996725091691e-05	8.903432183179132e-05	1.9711399860932385e-05	-0.5455906052714874	0.6653346653346653	-0.5455906052714874	0.6653346653346653
artista_axolotl	artista_axolotl	Ambystoma mexicanum	30DPI	Stereo-seq cellbin	dbfree	9252	17	5000	0	1000	model_x_expression_potential	mean	0.5	exp	spatial_ccc_score	matched_random_lr	5000	5000	4022	7.827996725091691e-05	7.827996725091691e-05	7.356097058022347e-05	2.2299838295948597e-06	2.11615734969288	0.0209790209790209	2.11615734969288	0.0209790209790209
artista_axolotl	artista_axolotl	Ambystoma mexicanum	30DPI	Stereo-seq cellbin	dbfree	9252	17	5000	0	1000	model_x_expression_potential	mean	0.5	exp	spatial_ccc_score	score_permutation	5000	5000	4022	7.827996725091691e-05	7.827996725091691e-05	7.827996725091692e-05	1.3559308506083394e-20	-0.999499874937461	1.0	-0.999499874937461	1.0
artista_axolotl	artista_axolotl	Ambystoma mexicanum	30DPI	Stereo-seq cellbin	dbfree	9252	17	5000	0	1000	model_x_expression_potential	mean	0.5	exp	model_weighted_spatial_ccc_score	pooled	100	100	100	0.0005853497741304	0.0005853497741304	0.0004864269411008	0.0001595990959593	0.6198207604813601	0.1724568857785553	0.6198207604813601	0.1724568857785553
artista_axolotl	artista_axolotl	Ambystoma mexicanum	30DPI	Stereo-seq cellbin	dbfree	9252	17	5000	0	1000	model_x_expression_potential	mean	0.5	exp	model_weighted_spatial_ccc_score	coordinate_permutation	100	100	100	0.0005853497741304	0.0005853497741304	0.0005774887297972	4.879835134383066e-06	1.6109241637784153	0.0699300699300699	1.6109241637784153	0.0699300699300699
artista_axolotl	artista_axolotl	Ambystoma mexicanum	30DPI	Stereo-seq cellbin	dbfree	9252	17	5000	0	1000	model_x_expression_potential	mean	0.5	exp	model_weighted_spatial_ccc_score	celltype_permutation	100	100	100	0.0005853497741304	0.0005853497741304	0.000654557824058	0.0001465098178908	-0.4723782400655772	0.6203796203796204	-0.4723782400655772	0.6203796203796204
artista_axolotl	artista_axolotl	Ambystoma mexicanum	30DPI	Stereo-seq cellbin	dbfree	9252	17	5000	0	1000	model_x_expression_potential	mean	0.5	exp	model_weighted_spatial_ccc_score	matched_random_lr	100	100	100	0.0005853497741304	0.0005853497741304	0.0002897565531191	3.334637153415488e-05	8.864329383139566	0.0009990009990009	8.864329383139566	0.0009990009990009
artista_axolotl	artista_axolotl	Ambystoma mexicanum	30DPI	Stereo-seq cellbin	dbfree	9252	17	5000	0	1000	model_x_expression_potential	mean	0.5	exp	model_weighted_spatial_ccc_score	score_permutation	100	100	100	0.0005853497741304	0.0005853497741304	0.0004239046574288	1.163225813554882e-05	13.879086486933728	0.0009990009990009	13.879086486933728	0.0009990009990009
artista_axolotl	artista_axolotl	Ambystoma mexicanum	30DPI	Stereo-seq cellbin	dbfree	9252	17	5000	0	1000	model_x_expression_potential	mean	0.5	exp	model_weighted_spatial_ccc_score	pooled	500	500	500	0.0003444817764263	0.0003444817764263	0.0003116771286541	7.374275721569274e-05	0.4448524710872484	0.1859535116220944	0.4448524710872484	0.1859535116220944
artista_axolotl	artista_axolotl	Ambystoma mexicanum	30DPI	Stereo-seq cellbin	dbfree	9252	17	5000	0	1000	model_x_expression_potential	mean	0.5	exp	model_weighted_spatial_ccc_score	coordinate_permutation	500	500	500	0.0003444817764263	0.0003444817764263	0.0003399209319428	2.8648097546450957e-06	1.5920235108365413	0.0669330669330669	1.5920235108365413	0.0669330669330669
artista_axolotl	artista_axolotl	Ambystoma mexicanum	30DPI	Stereo-seq cellbin	dbfree	9252	17	5000	0	1000	model_x_expression_potential	mean	0.5	exp	model_weighted_spatial_ccc_score	celltype_permutation	500	500	500	0.0003444817764263	0.0003444817764263	0.000394572710772	8.754777700832009e-05	-0.572155411107022	0.6773226773226774	-0.572155411107022	0.6773226773226774
artista_axolotl	artista_axolotl	Ambystoma mexicanum	30DPI	Stereo-seq cellbin	dbfree	9252	17	5000	0	1000	model_x_expression_potential	mean	0.5	exp	model_weighted_spatial_ccc_score	matched_random_lr	500	500	500	0.0003444817764263	0.0003444817764263	0.0002511389722556	1.3155675939166872e-05	7.095249579136167	0.0009990009990009	7.095249579136167	0.0009990009990009
artista_axolotl	artista_axolotl	Ambystoma mexicanum	30DPI	Stereo-seq cellbin	dbfree	9252	17	5000	0	1000	model_x_expression_potential	mean	0.5	exp	model_weighted_spatial_ccc_score	score_permutation	500	500	500	0.0003444817764263	0.0003444817764263	0.0002610758996459	3.70994732866109e-06	22.48168757976937	0.0009990009990009	22.48168757976937	0.0009990009990009
artista_axolotl	artista_axolotl	Ambystoma mexicanum	30DPI	Stereo-seq cellbin	dbfree	9252	17	5000	0	1000	model_x_expression_potential	mean	0.5	exp	model_weighted_spatial_ccc_score	pooled	1000	1000	1000	0.0002163625736045	0.0002163625736045	0.0002032175366933	4.139485676379625e-05	0.3175524192830746	0.1862034491377155	0.3175524192830746	0.1862034491377155
artista_axolotl	artista_axolotl	Ambystoma mexicanum	30DPI	Stereo-seq cellbin	dbfree	9252	17	5000	0	1000	model_x_expression_potential	mean	0.5	exp	model_weighted_spatial_ccc_score	coordinate_permutation	1000	1000	1000	0.0002163625736045	0.0002163625736045	0.0002135245398392	1.7972587713029487e-06	1.5790902292732645	0.0679320679320679	1.5790902292732645	0.0679320679320679
artista_axolotl	artista_axolotl	Ambystoma mexicanum	30DPI	Stereo-seq cellbin	dbfree	9252	17	5000	0	1000	model_x_expression_potential	mean	0.5	exp	model_weighted_spatial_ccc_score	celltype_permutation	1000	1000	1000	0.0002163625736045	0.0002163625736045	0.0002479263778853	5.4921475303697806e-05	-0.5747078734912802	0.6763236763236763	-0.5747078734912802	0.6763236763236763
artista_axolotl	artista_axolotl	Ambystoma mexicanum	30DPI	Stereo-seq cellbin	dbfree	9252	17	5000	0	1000	model_x_expression_potential	mean	0.5	exp	model_weighted_spatial_ccc_score	matched_random_lr	1000	1000	1000	0.0002163625736045	0.0002163625736045	0.000184638353512	7.381416575328008e-06	4.297849846126152	0.0019980019980019	4.297849846126152	0.0019980019980019
artista_axolotl	artista_axolotl	Ambystoma mexicanum	30DPI	Stereo-seq cellbin	dbfree	9252	17	5000	0	1000	model_x_expression_potential	mean	0.5	exp	model_weighted_spatial_ccc_score	score_permutation	1000	1000	1000	0.0002163625736045	0.0002163625736045	0.0001667808755365	1.8669985526065248e-06	26.55690225294692	0.0009990009990009	26.55690225294692	0.0009990009990009
artista_axolotl	artista_axolotl	Ambystoma mexicanum	30DPI	Stereo-seq cellbin	dbfree	9252	17	5000	0	1000	model_x_expression_potential	mean	0.5	exp	model_weighted_spatial_ccc_score	pooled	5000	5000	4022	6.321141075802716e-05	6.321141075802716e-05	6.0676206813389513e-05	1.1191468414138686e-05	0.22653005403963	0.1857035741064733	0.22653005403963	0.1857035741064733
artista_axolotl	artista_axolotl	Ambystoma mexicanum	30DPI	Stereo-seq cellbin	dbfree	9252	17	5000	0	1000	model_x_expression_potential	mean	0.5	exp	model_weighted_spatial_ccc_score	coordinate_permutation	5000	5000	4022	6.321141075802716e-05	6.321141075802716e-05	6.239299418178148e-05	5.227093535066533e-07	1.5657201669632408	0.0709290709290709	1.5657201669632408	0.0709290709290709
artista_axolotl	artista_axolotl	Ambystoma mexicanum	30DPI	Stereo-seq cellbin	dbfree	9252	17	5000	0	1000	model_x_expression_potential	mean	0.5	exp	model_weighted_spatial_ccc_score	celltype_permutation	5000	5000	4022	6.321141075802716e-05	6.321141075802716e-05	7.19516993437443e-05	1.5932245131122455e-05	-0.5485911441723696	0.6673326673326674	-0.5485911441723696	0.6673326673326674
artista_axolotl	artista_axolotl	Ambystoma mexicanum	30DPI	Stereo-seq cellbin	dbfree	9252	17	5000	0	1000	model_x_expression_potential	mean	0.5	exp	model_weighted_spatial_ccc_score	matched_random_lr	5000	5000	4022	6.321141075802716e-05	6.321141075802716e-05	5.7982121279125504e-05	1.8478542024819296e-06	2.8299253652577043	0.0059940059940059	2.8299253652577043	0.0059940059940059
artista_axolotl	artista_axolotl	Ambystoma mexicanum	30DPI	Stereo-seq cellbin	dbfree	9252	17	5000	0	1000	model_x_expression_potential	mean	0.5	exp	model_weighted_spatial_ccc_score	score_permutation	5000	5000	4022	6.321141075802716e-05	6.321141075802716e-05	5.03780124489068e-05	4.573025247369823e-07	28.06325706708376	0.0009990009990009	28.06325706708376	0.0009990009990009
artista_axolotl	artista_axolotl	Ambystoma mexicanum	30DPI	Stereo-seq cellbin	role_only	9252	17	5000	0	1000	role_only			contact	spatial_ccc_score	pooled	100	100	100	0.0001269949178552	0.0001269949178552	0.0001238821951998	2.6933805912372984e-05	0.1155693579086773	0.461884528867783	0.1155693579086773	0.461884528867783
artista_axolotl	artista_axolotl	Ambystoma mexicanum	30DPI	Stereo-seq cellbin	role_only	9252	17	5000	0	1000	role_only			contact	spatial_ccc_score	coordinate_permutation	100	100	100	0.0001269949178552	0.0001269949178552	0.0001252991564821	1.619440031642774e-06	1.047128229488156	0.1028971028971029	1.047128229488156	0.1028971028971029
artista_axolotl	artista_axolotl	Ambystoma mexicanum	30DPI	Stereo-seq cellbin	role_only	9252	17	5000	0	1000	role_only			contact	spatial_ccc_score	celltype_permutation	100	100	100	0.0001269949178552	0.0001269949178552	0.0001479605083821	3.442526569834106e-05	-0.6090175370227112	0.6943056943056943	-0.6090175370227112	0.6943056943056943
artista_axolotl	artista_axolotl	Ambystoma mexicanum	30DPI	Stereo-seq cellbin	role_only	9252	17	5000	0	1000	role_only			contact	spatial_ccc_score	matched_random_lr	100	100	100	0.0001269949178552	0.0001269949178552	9.527419808004126e-05	1.7460979072199462e-05	1.8166632949972152	0.0519480519480519	1.8166632949972152	0.0519480519480519
artista_axolotl	artista_axolotl	Ambystoma mexicanum	30DPI	Stereo-seq cellbin	role_only	9252	17	5000	0	1000	role_only			contact	spatial_ccc_score	score_permutation	100	100	100	0.0001269949178552	0.0001269949178552	0.0001269949178552	2.7118617012166795e-20	0.999499874937461	1.0	0.999499874937461	1.0
artista_axolotl	artista_axolotl	Ambystoma mexicanum	30DPI	Stereo-seq cellbin	role_only	9252	17	5000	0	1000	role_only			contact	spatial_ccc_score	pooled	500	500	500	9.47059677325876e-05	9.47059677325876e-05	9.380393267756274e-05	1.67790245685374e-05	0.0537596837849732	0.4463884028992751	0.0537596837849732	0.4463884028992751
artista_axolotl	artista_axolotl	Ambystoma mexicanum	30DPI	Stereo-seq cellbin	role_only	9252	17	5000	0	1000	role_only			contact	spatial_ccc_score	coordinate_permutation	500	500	500	9.47059677325876e-05	9.47059677325876e-05	9.349464572740207e-05	1.1882401258125867e-06	1.019425265038213	0.1108891108891109	1.019425265038213	0.1108891108891109
artista_axolotl	artista_axolotl	Ambystoma mexicanum	30DPI	Stereo-seq cellbin	role_only	9252	17	5000	0	1000	role_only			contact	spatial_ccc_score	celltype_permutation	500	500	500	9.47059677325876e-05	9.47059677325876e-05	0.0001085067071328	2.51828091008067e-05	-0.5480222379107917	0.6603396603396603	-0.5480222379107917	0.6603396603396603
artista_axolotl	artista_axolotl	Ambystoma mexicanum	30DPI	Stereo-seq cellbin	role_only	9252	17	5000	0	1000	role_only			contact	spatial_ccc_score	matched_random_lr	500	500	500	9.47059677325876e-05	9.47059677325876e-05	7.85084101173693e-05	6.317984441346509e-06	2.5637223018811723	0.0159840159840159	2.5637223018811723	0.0159840159840159
artista_axolotl	artista_axolotl	Ambystoma mexicanum	30DPI	Stereo-seq cellbin	role_only	9252	17	5000	0	1000	role_only			contact	spatial_ccc_score	score_permutation	500	500	500	9.47059677325876e-05	9.47059677325876e-05	9.470596773258762e-05	1.3559308506083394e-20	-0.999499874937461	1.0	-0.999499874937461	1.0
artista_axolotl	artista_axolotl	Ambystoma mexicanum	30DPI	Stereo-seq cellbin	role_only	9252	17	5000	0	1000	role_only			contact	spatial_ccc_score	pooled	1000	1000	1000	8.654227896948751e-05	8.654227896948751e-05	8.68343260669977e-05	1.4124348505161111e-05	-0.0206768543981677	0.4468882779305174	-0.0206768543981677	0.4468882779305174
artista_axolotl	artista_axolotl	Ambystoma mexicanum	30DPI	Stereo-seq cellbin	role_only	9252	17	5000	0	1000	role_only			contact	spatial_ccc_score	coordinate_permutation	1000	1000	1000	8.654227896948751e-05	8.654227896948751e-05	8.55221326438336e-05	1.0928340261034711e-06	0.9334869717511124	0.1218781218781218	0.9334869717511124	0.1218781218781218
artista_axolotl	artista_axolotl	Ambystoma mexicanum	30DPI	Stereo-seq cellbin	role_only	9252	17	5000	0	1000	role_only			contact	spatial_ccc_score	celltype_permutation	1000	1000	1000	8.654227896948751e-05	8.654227896948751e-05	9.877887557866388e-05	2.2915005326956432e-05	-0.5339992914940178	0.6513486513486514	-0.5339992914940178	0.6513486513486514
artista_axolotl	artista_axolotl	Ambystoma mexicanum	30DPI	Stereo-seq cellbin	role_only	9252	17	5000	0	1000	role_only			contact	spatial_ccc_score	matched_random_lr	1000	1000	1000	8.654227896948751e-05	8.654227896948751e-05	7.649401707600584e-05	4.543475430634785e-06	2.2115805503712807	0.0159840159840159	2.2115805503712807	0.0159840159840159
artista_axolotl	artista_axolotl	Ambystoma mexicanum	30DPI	Stereo-seq cellbin	role_only	9252	17	5000	0	1000	role_only			contact	spatial_ccc_score	score_permutation	1000	1000	1000	8.654227896948751e-05	8.654227896948751e-05	8.65422789694875e-05	1.3559308506083394e-20	0.999499874937461	1.0	0.999499874937461	1.0
artista_axolotl	artista_axolotl	Ambystoma mexicanum	30DPI	Stereo-seq cellbin	role_only	9252	17	5000	0	1000	role_only			contact	spatial_ccc_score	pooled	5000	5000	4022	7.414706155007716e-05	7.414706155007716e-05	7.560715687409592e-05	1.1495422762431314e-05	-0.12701536552362	0.4533866533366658	-0.12701536552362	0.4533866533366658
artista_axolotl	artista_axolotl	Ambystoma mexicanum	30DPI	Stereo-seq cellbin	role_only	9252	17	5000	0	1000	role_only			contact	spatial_ccc_score	coordinate_permutation	5000	5000	4022	7.414706155007716e-05	7.414706155007716e-05	7.334514943900328e-05	9.424309976876068e-07	0.8508974270174567	0.1288711288711288	0.8508974270174567	0.1288711288711288
artista_axolotl	artista_axolotl	Ambystoma mexicanum	30DPI	Stereo-seq cellbin	role_only	9252	17	5000	0	1000	role_only			contact	spatial_ccc_score	celltype_permutation	5000	5000	4022	7.414706155007716e-05	7.414706155007716e-05	8.523642347709575e-05	1.971273727973645e-05	-0.5625480505144158	0.6673326673326674	-0.5625480505144158	0.6673326673326674
artista_axolotl	artista_axolotl	Ambystoma mexicanum	30DPI	Stereo-seq cellbin	role_only	9252	17	5000	0	1000	role_only			contact	spatial_ccc_score	matched_random_lr	5000	5000	4022	7.414706155007716e-05	7.414706155007716e-05	6.969999303020749e-05	2.120071901748212e-06	2.0976026880044127	0.0189810189810189	2.0976026880044127	0.0189810189810189
artista_axolotl	artista_axolotl	Ambystoma mexicanum	30DPI	Stereo-seq cellbin	role_only	9252	17	5000	0	1000	role_only			contact	spatial_ccc_score	score_permutation	5000	5000	4022	7.414706155007716e-05	7.414706155007716e-05	7.414706155007716e-05	0.0	0.0	1.0	0.0	1.0
artista_axolotl	artista_axolotl	Ambystoma mexicanum	30DPI	Stereo-seq cellbin	role_only	9252	17	5000	0	1000	role_only			contact	model_weighted_spatial_ccc_score	pooled	100	100	100	0.0001003869760141	0.0001003869760141	8.32056175153332e-05	3.191208556269464e-05	0.5383966041667002	0.2101974506373406	0.5383966041667002	0.2101974506373406
artista_axolotl	artista_axolotl	Ambystoma mexicanum	30DPI	Stereo-seq cellbin	role_only	9252	17	5000	0	1000	role_only			contact	model_weighted_spatial_ccc_score	coordinate_permutation	100	100	100	0.0001003869760141	0.0001003869760141	9.905705795402784e-05	1.2804797502416565e-06	1.038609208686316	0.1038961038961039	1.038609208686316	0.1038961038961039
artista_axolotl	artista_axolotl	Ambystoma mexicanum	30DPI	Stereo-seq cellbin	role_only	9252	17	5000	0	1000	role_only			contact	model_weighted_spatial_ccc_score	celltype_permutation	100	100	100	0.0001003869760141	0.0001003869760141	0.0001169397158466	2.7214817492653524e-05	-0.6082252742252948	0.6933066933066933	-0.6082252742252948	0.6933066933066933
artista_axolotl	artista_axolotl	Ambystoma mexicanum	30DPI	Stereo-seq cellbin	role_only	9252	17	5000	0	1000	role_only			contact	model_weighted_spatial_ccc_score	matched_random_lr	100	100	100	0.0001003869760141	0.0001003869760141	7.379264181005514e-05	1.3382277548500325e-05	1.9872801253543209	0.0449550449550449	1.9872801253543209	0.0449550449550449
artista_axolotl	artista_axolotl	Ambystoma mexicanum	30DPI	Stereo-seq cellbin	role_only	9252	17	5000	0	1000	role_only			contact	model_weighted_spatial_ccc_score	score_permutation	100	100	100	0.0001003869760141	0.0001003869760141	4.3033054450624056e-05	7.773060492629142e-06	7.378550780342874	0.0009990009990009	7.378550780342874	0.0009990009990009
artista_axolotl	artista_axolotl	Ambystoma mexicanum	30DPI	Stereo-seq cellbin	role_only	9252	17	5000	0	1000	role_only			contact	model_weighted_spatial_ccc_score	pooled	500	500	500	6.589114653507038e-05	6.589114653507038e-05	5.6761520737230105e-05	1.846412298271109e-05	0.4944521766015541	0.195451137215696	0.4944521766015541	0.195451137215696
artista_axolotl	artista_axolotl	Ambystoma mexicanum	30DPI	Stereo-seq cellbin	role_only	9252	17	5000	0	1000	role_only			contact	model_weighted_spatial_ccc_score	coordinate_permutation	500	500	500	6.589114653507038e-05	6.589114653507038e-05	6.50407128325946e-05	8.272563922728655e-07	1.0280170820309251	0.1088911088911089	1.0280170820309251	0.1088911088911089
artista_axolotl	artista_axolotl	Ambystoma mexicanum	30DPI	Stereo-seq cellbin	role_only	9252	17	5000	0	1000	role_only			contact	model_weighted_spatial_ccc_score	celltype_permutation	500	500	500	6.589114653507038e-05	6.589114653507038e-05	7.555015308102834e-05	1.7533100648951897e-05	-0.5509012204601336	0.6613386613386614	-0.5509012204601336	0.6613386613386614
artista_axolotl	artista_axolotl	Ambystoma mexicanum	30DPI	Stereo-seq cellbin	role_only	9252	17	5000	0	1000	role_only			contact	model_weighted_spatial_ccc_score	matched_random_lr	500	500	500	6.589114653507038e-05	6.589114653507038e-05	5.4244743148980536e-05	4.419532571219607e-06	2.6352115746204183	0.0129870129870129	2.6352115746204183	0.0129870129870129
artista_axolotl	artista_axolotl	Ambystoma mexicanum	30DPI	Stereo-seq cellbin	role_only	9252	17	5000	0	1000	role_only			contact	model_weighted_spatial_ccc_score	score_permutation	500	500	500	6.589114653507038e-05	6.589114653507038e-05	3.221047388631694e-05	2.3271077017161147e-06	14.473190314275438	0.0009990009990009	14.473190314275438	0.0009990009990009
artista_axolotl	artista_axolotl	Ambystoma mexicanum	30DPI	Stereo-seq cellbin	role_only	9252	17	5000	0	1000	role_only			contact	model_weighted_spatial_ccc_score	pooled	1000	1000	1000	5.339557926886556e-05	5.339557926886556e-05	4.744044257959247e-05	1.3671957019496337e-05	0.4355730990655554	0.1964508872781804	0.4355730990655554	0.1964508872781804
artista_axolotl	artista_axolotl	Ambystoma mexicanum	30DPI	Stereo-seq cellbin	role_only	9252	17	5000	0	1000	role_only			contact	model_weighted_spatial_ccc_score	coordinate_permutation	1000	1000	1000	5.339557926886556e-05	5.339557926886556e-05	5.275470961490664e-05	6.738479140374778e-07	0.9510597875402438	0.1208791208791208	0.9510597875402438	0.1208791208791208
artista_axolotl	artista_axolotl	Ambystoma mexicanum	30DPI	Stereo-seq cellbin	role_only	9252	17	5000	0	1000	role_only			contact	model_weighted_spatial_ccc_score	celltype_permutation	1000	1000	1000	5.339557926886556e-05	5.339557926886556e-05	6.100291875846207e-05	1.4151628460296382e-05	-0.5375593000437763	0.6553446553446554	-0.5375593000437763	0.6553446553446554
artista_axolotl	artista_axolotl	Ambystoma mexicanum	30DPI	Stereo-seq cellbin	role_only	9252	17	5000	0	1000	role_only			contact	model_weighted_spatial_ccc_score	matched_random_lr	1000	1000	1000	5.339557926886556e-05	5.339557926886556e-05	4.656586841401606e-05	2.799104898201212e-06	2.4399624534394837	0.0109890109890109	2.4399624534394837	0.0109890109890109
artista_axolotl	artista_axolotl	Ambystoma mexicanum	30DPI	Stereo-seq cellbin	role_only	9252	17	5000	0	1000	role_only			contact	model_weighted_spatial_ccc_score	score_permutation	1000	1000	1000	5.339557926886556e-05	5.339557926886556e-05	2.9438273530985105e-05	1.459653667075196e-06	16.413006919569685	0.0009990009990009	16.413006919569685	0.0009990009990009
artista_axolotl	artista_axolotl	Ambystoma mexicanum	30DPI	Stereo-seq cellbin	role_only	9252	17	5000	0	1000	role_only			contact	model_weighted_spatial_ccc_score	pooled	5000	5000	4022	2.7591390764594718e-05	2.7591390764594718e-05	2.7303482890848855e-05	4.588818712719789e-06	0.0627411740951547	0.1987003249187703	0.0627411740951547	0.1987003249187703
artista_axolotl	artista_axolotl	Ambystoma mexicanum	30DPI	Stereo-seq cellbin	role_only	9252	17	5000	0	1000	role_only			contact	model_weighted_spatial_ccc_score	coordinate_permutation	5000	5000	4022	2.7591390764594718e-05	2.7591390764594718e-05	2.7278219132555287e-05	3.4994479380230695e-07	0.8949172486227813	0.1268731268731268	0.8949172486227813	0.1268731268731268
artista_axolotl	artista_axolotl	Ambystoma mexicanum	30DPI	Stereo-seq cellbin	role_only	9252	17	5000	0	1000	role_only			contact	model_weighted_spatial_ccc_score	celltype_permutation	5000	5000	4022	2.7591390764594718e-05	2.7591390764594718e-05	3.171658444769822e-05	7.342350644342426e-06	-0.5618355596081658	0.6663336663336663	-0.5618355596081658	0.6663336663336663
artista_axolotl	artista_axolotl	Ambystoma mexicanum	30DPI	Stereo-seq cellbin	role_only	9252	17	5000	0	1000	role_only			contact	model_weighted_spatial_ccc_score	matched_random_lr	5000	5000	4022	2.7591390764594718e-05	2.7591390764594718e-05	2.5023856602260774e-05	8.644654026972081e-07	2.9700831916731523	0.0029970029970029	2.9700831916731523	0.0029970029970029
artista_axolotl	artista_axolotl	Ambystoma mexicanum	30DPI	Stereo-seq cellbin	role_only	9252	17	5000	0	1000	role_only			contact	model_weighted_spatial_ccc_score	score_permutation	5000	5000	4022	2.7591390764594718e-05	2.7591390764594718e-05	2.519527138088116e-05	6.048859784261891e-07	3.961274470186684	0.0009990009990009	3.961274470186684	0.0009990009990009
artista_axolotl	artista_axolotl	Ambystoma mexicanum	30DPI	Stereo-seq cellbin	role_only	9252	17	5000	0	1000	role_only			exp	spatial_ccc_score	pooled	100	100	100	0.0001339183773333	0.0001339183773333	0.0001302861852194	2.743370278843053e-05	0.1323989015232977	0.4498875281179705	0.1323989015232977	0.4498875281179705
artista_axolotl	artista_axolotl	Ambystoma mexicanum	30DPI	Stereo-seq cellbin	role_only	9252	17	5000	0	1000	role_only			exp	spatial_ccc_score	coordinate_permutation	100	100	100	0.0001339183773333	0.0001339183773333	0.000132042879646	1.1040009260320972e-06	1.698818943896374	0.0599400599400599	1.698818943896374	0.0599400599400599
artista_axolotl	artista_axolotl	Ambystoma mexicanum	30DPI	Stereo-seq cellbin	role_only	9252	17	5000	0	1000	role_only			exp	spatial_ccc_score	celltype_permutation	100	100	100	0.0001339183773333	0.0001339183773333	0.0001545616077505	3.4432296195637575e-05	-0.5995310420167117	0.6903096903096904	-0.5995310420167117	0.6903096903096904
artista_axolotl	artista_axolotl	Ambystoma mexicanum	30DPI	Stereo-seq cellbin	role_only	9252	17	5000	0	1000	role_only			exp	spatial_ccc_score	matched_random_lr	100	100	100	0.0001339183773333	0.0001339183773333	0.0001006218761477	1.8408075396194344e-05	1.8087986097926996	0.0509490509490509	1.8087986097926996	0.0509490509490509
artista_axolotl	artista_axolotl	Ambystoma mexicanum	30DPI	Stereo-seq cellbin	role_only	9252	17	5000	0	1000	role_only			exp	spatial_ccc_score	score_permutation	100	100	100	0.0001339183773333	0.0001339183773333	0.0001339183773333	5.423723402433359e-20	-0.999499874937461	1.0	-0.999499874937461	1.0
artista_axolotl	artista_axolotl	Ambystoma mexicanum	30DPI	Stereo-seq cellbin	role_only	9252	17	5000	0	1000	role_only			exp	spatial_ccc_score	pooled	500	500	500	9.986118559154511e-05	9.986118559154511e-05	9.864783806350686e-05	1.690699526788352e-05	0.0717660062484978	0.4333916520869783	0.0717660062484978	0.4333916520869783
artista_axolotl	artista_axolotl	Ambystoma mexicanum	30DPI	Stereo-seq cellbin	role_only	9252	17	5000	0	1000	role_only			exp	spatial_ccc_score	coordinate_permutation	500	500	500	9.986118559154511e-05	9.986118559154511e-05	9.845775049763645e-05	8.142181593710483e-07	1.7236597805590186	0.0629370629370629	1.7236597805590186	0.0629370629370629
artista_axolotl	artista_axolotl	Ambystoma mexicanum	30DPI	Stereo-seq cellbin	role_only	9252	17	5000	0	1000	role_only			exp	spatial_ccc_score	celltype_permutation	500	500	500	9.986118559154511e-05	9.986118559154511e-05	0.0001133459563784	2.5183428878403524e-05	-0.5354620632483662	0.6553446553446554	-0.5354620632483662	0.6553446553446554
artista_axolotl	artista_axolotl	Ambystoma mexicanum	30DPI	Stereo-seq cellbin	role_only	9252	17	5000	0	1000	role_only			exp	spatial_ccc_score	matched_random_lr	500	500	500	9.986118559154511e-05	9.986118559154511e-05	8.292645978640236e-05	6.648787871676904e-06	2.547039570518229	0.0169830169830169	2.547039570518229	0.0169830169830169
artista_axolotl	artista_axolotl	Ambystoma mexicanum	30DPI	Stereo-seq cellbin	role_only	9252	17	5000	0	1000	role_only			exp	spatial_ccc_score	score_permutation	500	500	500	9.986118559154511e-05	9.986118559154511e-05	9.986118559154511e-05	0.0	0.0	1.0	0.0	1.0
artista_axolotl	artista_axolotl	Ambystoma mexicanum	30DPI	Stereo-seq cellbin	role_only	9252	17	5000	0	1000	role_only			exp	spatial_ccc_score	pooled	1000	1000	1000	9.128979104573509e-05	9.128979104573509e-05	9.1336777499698e-05	1.4149329565597482e-05	-0.0033207547923096	0.432891777055736	-0.0033207547923096	0.432891777055736
artista_axolotl	artista_axolotl	Ambystoma mexicanum	30DPI	Stereo-seq cellbin	role_only	9252	17	5000	0	1000	role_only			exp	spatial_ccc_score	coordinate_permutation	1000	1000	1000	9.128979104573509e-05	9.128979104573509e-05	9.006353970177598e-05	7.486641337446395e-07	1.637919179894027	0.0669330669330669	1.637919179894027	0.0669330669330669
artista_axolotl	artista_axolotl	Ambystoma mexicanum	30DPI	Stereo-seq cellbin	role_only	9252	17	5000	0	1000	role_only			exp	spatial_ccc_score	celltype_permutation	1000	1000	1000	9.128979104573509e-05	9.128979104573509e-05	0.0001031834380202	2.291192857447317e-05	-0.5191028304703226	0.6493506493506493	-0.5191028304703226	0.6493506493506493
artista_axolotl	artista_axolotl	Ambystoma mexicanum	30DPI	Stereo-seq cellbin	role_only	9252	17	5000	0	1000	role_only			exp	spatial_ccc_score	matched_random_lr	1000	1000	1000	9.128979104573509e-05	9.128979104573509e-05	8.0810341231003e-05	4.782547188518996e-06	2.1911858684612846	0.0169830169830169	2.1911858684612846	0.0169830169830169
artista_axolotl	artista_axolotl	Ambystoma mexicanum	30DPI	Stereo-seq cellbin	role_only	9252	17	5000	0	1000	role_only			exp	spatial_ccc_score	score_permutation	1000	1000	1000	9.128979104573509e-05	9.128979104573509e-05	9.128979104573505e-05	2.7118617012166795e-20	0.999499874937461	1.0	0.999499874937461	1.0
artista_axolotl	artista_axolotl	Ambystoma mexicanum	30DPI	Stereo-seq cellbin	role_only	9252	17	5000	0	1000	role_only			exp	spatial_ccc_score	pooled	5000	5000	4022	7.827996725091691e-05	7.827996725091691e-05	7.955310530130652e-05	1.1461894830494053e-05	-0.1110757051270847	0.438140464883779	-0.1110757051270847	0.438140464883779
artista_axolotl	artista_axolotl	Ambystoma mexicanum	30DPI	Stereo-seq cellbin	role_only	9252	17	5000	0	1000	role_only			exp	spatial_ccc_score	coordinate_permutation	5000	5000	4022	7.827996725091691e-05	7.827996725091691e-05	7.726984132682727e-05	6.467333268402265e-07	1.561889394234343	0.0699300699300699	1.561889394234343	0.0699300699300699
artista_axolotl	artista_axolotl	Ambystoma mexicanum	30DPI	Stereo-seq cellbin	role_only	9252	17	5000	0	1000	role_only			exp	spatial_ccc_score	celltype_permutation	5000	5000	4022	7.827996725091691e-05	7.827996725091691e-05	8.903432183179132e-05	1.9711399860932385e-05	-0.5455906052714874	0.6653346653346653	-0.5455906052714874	0.6653346653346653
artista_axolotl	artista_axolotl	Ambystoma mexicanum	30DPI	Stereo-seq cellbin	role_only	9252	17	5000	0	1000	role_only			exp	spatial_ccc_score	matched_random_lr	5000	5000	4022	7.827996725091691e-05	7.827996725091691e-05	7.362829079569057e-05	2.230262728563825e-06	2.085707838655306	0.0189810189810189	2.085707838655306	0.0189810189810189
artista_axolotl	artista_axolotl	Ambystoma mexicanum	30DPI	Stereo-seq cellbin	role_only	9252	17	5000	0	1000	role_only			exp	spatial_ccc_score	score_permutation	5000	5000	4022	7.827996725091691e-05	7.827996725091691e-05	7.827996725091692e-05	1.3559308506083394e-20	-0.999499874937461	1.0	-0.999499874937461	1.0
artista_axolotl	artista_axolotl	Ambystoma mexicanum	30DPI	Stereo-seq cellbin	role_only	9252	17	5000	0	1000	role_only			exp	model_weighted_spatial_ccc_score	pooled	100	100	100	0.000105870888359	0.000105870888359	8.746659798650042e-05	3.301527919252884e-05	0.5574476673437645	0.1987003249187703	0.5574476673437645	0.1987003249187703
artista_axolotl	artista_axolotl	Ambystoma mexicanum	30DPI	Stereo-seq cellbin	role_only	9252	17	5000	0	1000	role_only			exp	model_weighted_spatial_ccc_score	coordinate_permutation	100	100	100	0.000105870888359	0.000105870888359	0.000104390875236	8.728710702717014e-07	1.695568994618323	0.0599400599400599	1.695568994618323	0.0599400599400599
artista_axolotl	artista_axolotl	Ambystoma mexicanum	30DPI	Stereo-seq cellbin	role_only	9252	17	5000	0	1000	role_only			exp	model_weighted_spatial_ccc_score	celltype_permutation	100	100	100	0.000105870888359	0.000105870888359	0.0001221566922198	2.72202299328891e-05	-0.5982978064823323	0.6903096903096904	-0.5982978064823323	0.6903096903096904
artista_axolotl	artista_axolotl	Ambystoma mexicanum	30DPI	Stereo-seq cellbin	role_only	9252	17	5000	0	1000	role_only			exp	model_weighted_spatial_ccc_score	matched_random_lr	100	100	100	0.000105870888359	0.000105870888359	7.793848032733861e-05	1.4109350596520076e-05	1.9797089767284808	0.0459540459540459	1.9797089767284808	0.0459540459540459
artista_axolotl	artista_axolotl	Ambystoma mexicanum	30DPI	Stereo-seq cellbin	role_only	9252	17	5000	0	1000	role_only			exp	model_weighted_spatial_ccc_score	score_permutation	100	100	100	0.000105870888359	0.000105870888359	4.538034416276535e-05	8.203933932463918e-06	7.373358280829799	0.0009990009990009	7.373358280829799	0.0009990009990009
artista_axolotl	artista_axolotl	Ambystoma mexicanum	30DPI	Stereo-seq cellbin	role_only	9252	17	5000	0	1000	role_only			exp	model_weighted_spatial_ccc_score	pooled	500	500	500	6.94756989036561e-05	6.94756989036561e-05	5.966899756320476e-05	1.904148762421325e-05	0.5150176044008814	0.1837040739815046	0.5150176044008814	0.1837040739815046
artista_axolotl	artista_axolotl	Ambystoma mexicanum	30DPI	Stereo-seq cellbin	role_only	9252	17	5000	0	1000	role_only			exp	model_weighted_spatial_ccc_score	coordinate_permutation	500	500	500	6.94756989036561e-05	6.94756989036561e-05	6.849575391977466e-05	5.667068405742707e-07	1.7291920861382402	0.0629370629370629	1.7291920861382402	0.0629370629370629
artista_axolotl	artista_axolotl	Ambystoma mexicanum	30DPI	Stereo-seq cellbin	role_only	9252	17	5000	0	1000	role_only			exp	model_weighted_spatial_ccc_score	celltype_permutation	500	500	500	6.94756989036561e-05	6.94756989036561e-05	7.891955781015255e-05	1.7533623443681825e-05	-0.5386142195211521	0.6593406593406593	-0.5386142195211521	0.6593406593406593
artista_axolotl	artista_axolotl	Ambystoma mexicanum	30DPI	Stereo-seq cellbin	role_only	9252	17	5000	0	1000	role_only			exp	model_weighted_spatial_ccc_score	matched_random_lr	500	500	500	6.94756989036561e-05	6.94756989036561e-05	5.729707246176636e-05	4.651801741780704e-06	2.6180450324238835	0.0139860139860139	2.6180450324238835	0.0139860139860139
artista_axolotl	artista_axolotl	Ambystoma mexicanum	30DPI	Stereo-seq cellbin	role_only	9252	17	5000	0	1000	role_only			exp	model_weighted_spatial_ccc_score	score_permutation	500	500	500	6.94756989036561e-05	6.94756989036561e-05	3.396360606112545e-05	2.4512398395081305e-06	14.48740032295516	0.0009990009990009	14.48740032295516	0.0009990009990009
artista_axolotl	artista_axolotl	Ambystoma mexicanum	30DPI	Stereo-seq cellbin	role_only	9252	17	5000	0	1000	role_only			exp	model_weighted_spatial_ccc_score	pooled	1000	1000	1000	5.631822732800666e-05	5.631822732800666e-05	4.988129574912571e-05	1.4055773717570276e-05	0.4579564034126793	0.182204448887778	0.4579564034126793	0.182204448887778
artista_axolotl	artista_axolotl	Ambystoma mexicanum	30DPI	Stereo-seq cellbin	role_only	9252	17	5000	0	1000	role_only			exp	model_weighted_spatial_ccc_score	coordinate_permutation	1000	1000	1000	5.631822732800666e-05	5.631822732800666e-05	5.555671517395264e-05	4.615551384270474e-07	1.6498833847873653	0.0669330669330669	1.6498833847873653	0.0669330669330669
artista_axolotl	artista_axolotl	Ambystoma mexicanum	30DPI	Stereo-seq cellbin	role_only	9252	17	5000	0	1000	role_only			exp	model_weighted_spatial_ccc_score	celltype_permutation	1000	1000	1000	5.631822732800666e-05	5.631822732800666e-05	6.372310169510847e-05	1.4150094283258931e-05	-0.5233091892442417	0.6503496503496503	-0.5233091892442417	0.6503496503496503
artista_axolotl	artista_axolotl	Ambystoma mexicanum	30DPI	Stereo-seq cellbin	role_only	9252	17	5000	0	1000	role_only			exp	model_weighted_spatial_ccc_score	matched_random_lr	1000	1000	1000	5.631822732800666e-05	5.631822732800666e-05	4.9192414749844704e-05	2.946343167722324e-06	2.418527704520779	0.0129870129870129	2.418527704520779	0.0129870129870129
artista_axolotl	artista_axolotl	Ambystoma mexicanum	30DPI	Stereo-seq cellbin	role_only	9252	17	5000	0	1000	role_only			exp	model_weighted_spatial_ccc_score	score_permutation	1000	1000	1000	5.631822732800666e-05	5.631822732800666e-05	3.105295137759704e-05	1.5384390226833352e-06	16.42266971773902	0.0009990009990009	16.42266971773902	0.0009990009990009
artista_axolotl	artista_axolotl	Ambystoma mexicanum	30DPI	Stereo-seq cellbin	role_only	9252	17	5000	0	1000	role_only			exp	model_weighted_spatial_ccc_score	pooled	5000	5000	4022	2.9118856827924592e-05	2.9118856827924592e-05	2.872487181582572e-05	4.591762495696819e-06	0.085802567634562	0.1824543864033991	0.085802567634562	0.1824543864033991
artista_axolotl	artista_axolotl	Ambystoma mexicanum	30DPI	Stereo-seq cellbin	role_only	9252	17	5000	0	1000	role_only			exp	model_weighted_spatial_ccc_score	coordinate_permutation	5000	5000	4022	2.9118856827924592e-05	2.9118856827924592e-05	2.8736959251500945e-05	2.398153455313616e-07	1.592465134278521	0.0669330669330669	1.592465134278521	0.0669330669330669
artista_axolotl	artista_axolotl	Ambystoma mexicanum	30DPI	Stereo-seq cellbin	role_only	9252	17	5000	0	1000	role_only			exp	model_weighted_spatial_ccc_score	celltype_permutation	5000	5000	4022	2.9118856827924592e-05	2.9118856827924592e-05	3.313014701677112e-05	7.341836789624272e-06	-0.5463605775758212	0.6613386613386614	-0.5463605775758212	0.6613386613386614
artista_axolotl	artista_axolotl	Ambystoma mexicanum	30DPI	Stereo-seq cellbin	role_only	9252	17	5000	0	1000	role_only			exp	model_weighted_spatial_ccc_score	matched_random_lr	5000	5000	4022	2.9118856827924592e-05	2.9118856827924592e-05	2.6432806699053417e-05	9.0974443826757e-07	2.9525326189256305	0.0029970029970029	2.9525326189256305	0.0029970029970029
artista_axolotl	artista_axolotl	Ambystoma mexicanum	30DPI	Stereo-seq cellbin	role_only	9252	17	5000	0	1000	role_only			exp	model_weighted_spatial_ccc_score	score_permutation	5000	5000	4022	2.9118856827924592e-05	2.9118856827924592e-05	2.6599574295977395e-05	6.375575583491015e-07	3.9514589686155617	0.0009990009990009	3.9514589686155617	0.0009990009990009
artista_axolotl	artista_axolotl	Ambystoma mexicanum	30DPI	Stereo-seq cellbin	embedding_cosine	9252	17	5000	0	1000	embedding_cosine			contact	spatial_ccc_score	pooled	100	100	100	5.664294549264696e-05	5.664294549264696e-05	5.7761022042097177e-05	1.1043342622521492e-05	-0.1012443956207643	0.5178705323669083	-0.1012443956207643	0.5178705323669083
artista_axolotl	artista_axolotl	Ambystoma mexicanum	30DPI	Stereo-seq cellbin	embedding_cosine	9252	17	5000	0	1000	embedding_cosine			contact	spatial_ccc_score	coordinate_permutation	100	100	100	5.664294549264696e-05	5.664294549264696e-05	5.597249511948014e-05	7.505432497922723e-07	0.8932867937355767	0.1188811188811188	0.8932867937355767	0.1188811188811188
artista_axolotl	artista_axolotl	Ambystoma mexicanum	30DPI	Stereo-seq cellbin	embedding_cosine	9252	17	5000	0	1000	embedding_cosine			contact	spatial_ccc_score	celltype_permutation	100	100	100	5.664294549264696e-05	5.664294549264696e-05	6.269139288517237e-05	1.47429845195483e-05	-0.4102593599352649	0.5944055944055944	-0.4102593599352649	0.5944055944055944
artista_axolotl	artista_axolotl	Ambystoma mexicanum	30DPI	Stereo-seq cellbin	embedding_cosine	9252	17	5000	0	1000	embedding_cosine			contact	spatial_ccc_score	matched_random_lr	100	100	100	5.664294549264696e-05	5.664294549264696e-05	5.5737254671089256e-05	1.540723820595896e-05	0.0587834632950257	0.3596403596403596	0.0587834632950257	0.3596403596403596
artista_axolotl	artista_axolotl	Ambystoma mexicanum	30DPI	Stereo-seq cellbin	embedding_cosine	9252	17	5000	0	1000	embedding_cosine			contact	spatial_ccc_score	score_permutation	100	100	100	5.664294549264696e-05	5.664294549264696e-05	5.6642945492646935e-05	2.7118617012166795e-20	0.999499874937461	1.0	0.999499874937461	1.0
artista_axolotl	artista_axolotl	Ambystoma mexicanum	30DPI	Stereo-seq cellbin	embedding_cosine	9252	17	5000	0	1000	embedding_cosine			contact	spatial_ccc_score	pooled	500	500	500	6.728384712769117e-05	6.728384712769117e-05	6.891612979066068e-05	1.1068914842912688e-05	-0.147465463971353	0.5201199700074981	-0.147465463971353	0.5201199700074981
artista_axolotl	artista_axolotl	Ambystoma mexicanum	30DPI	Stereo-seq cellbin	embedding_cosine	9252	17	5000	0	1000	embedding_cosine			contact	spatial_ccc_score	coordinate_permutation	500	500	500	6.728384712769117e-05	6.728384712769117e-05	6.661813008989727e-05	8.795334700408093e-07	0.756897901523868	0.1458541458541458	0.756897901523868	0.1458541458541458
artista_axolotl	artista_axolotl	Ambystoma mexicanum	30DPI	Stereo-seq cellbin	embedding_cosine	9252	17	5000	0	1000	embedding_cosine			contact	spatial_ccc_score	celltype_permutation	500	500	500	6.728384712769117e-05	6.728384712769117e-05	7.819692571071546e-05	1.8096654454903933e-05	-0.6030439830864431	0.6863136863136863	-0.6030439830864431	0.6863136863136863
artista_axolotl	artista_axolotl	Ambystoma mexicanum	30DPI	Stereo-seq cellbin	embedding_cosine	9252	17	5000	0	1000	embedding_cosine			contact	spatial_ccc_score	matched_random_lr	500	500	500	6.728384712769117e-05	6.728384712769117e-05	6.356561623433884e-05	6.273739354016356e-06	0.5926658223332097	0.2497502497502497	0.5926658223332097	0.2497502497502497
artista_axolotl	artista_axolotl	Ambystoma mexicanum	30DPI	Stereo-seq cellbin	embedding_cosine	9252	17	5000	0	1000	embedding_cosine			contact	spatial_ccc_score	score_permutation	500	500	500	6.728384712769117e-05	6.728384712769117e-05	6.728384712769115e-05	1.3559308506083394e-20	0.999499874937461	1.0	0.999499874937461	1.0
artista_axolotl	artista_axolotl	Ambystoma mexicanum	30DPI	Stereo-seq cellbin	embedding_cosine	9252	17	5000	0	1000	embedding_cosine			contact	spatial_ccc_score	pooled	1000	1000	1000	6.481991604748425e-05	6.481991604748425e-05	6.541853427430918e-05	1.0240278323843309e-05	-0.058457222342396	0.4678830292426893	-0.058457222342396	0.4678830292426893
artista_axolotl	artista_axolotl	Ambystoma mexicanum	30DPI	Stereo-seq cellbin	embedding_cosine	9252	17	5000	0	1000	embedding_cosine			contact	spatial_ccc_score	coordinate_permutation	1000	1000	1000	6.481991604748425e-05	6.481991604748425e-05	6.418680545581858e-05	8.37182417740426e-07	0.756239713412105	0.1428571428571428	0.756239713412105	0.1428571428571428
artista_axolotl	artista_axolotl	Ambystoma mexicanum	30DPI	Stereo-seq cellbin	embedding_cosine	9252	17	5000	0	1000	embedding_cosine			contact	spatial_ccc_score	celltype_permutation	1000	1000	1000	6.481991604748425e-05	6.481991604748425e-05	7.371974425819628e-05	1.707175657117604e-05	-0.5213188328691674	0.6523476523476524	-0.5213188328691674	0.6523476523476524
artista_axolotl	artista_axolotl	Ambystoma mexicanum	30DPI	Stereo-seq cellbin	embedding_cosine	9252	17	5000	0	1000	embedding_cosine			contact	spatial_ccc_score	matched_random_lr	1000	1000	1000	6.481991604748425e-05	6.481991604748425e-05	5.894767133573757e-05	3.853820717635996e-06	1.5237462098000307	0.0779220779220779	1.5237462098000307	0.0779220779220779
artista_axolotl	artista_axolotl	Ambystoma mexicanum	30DPI	Stereo-seq cellbin	embedding_cosine	9252	17	5000	0	1000	embedding_cosine			contact	spatial_ccc_score	score_permutation	1000	1000	1000	6.481991604748425e-05	6.481991604748425e-05	6.481991604748425e-05	0.0	0.0	1.0	0.0	1.0
artista_axolotl	artista_axolotl	Ambystoma mexicanum	30DPI	Stereo-seq cellbin	embedding_cosine	9252	17	5000	0	1000	embedding_cosine			contact	spatial_ccc_score	pooled	5000	5000	4022	7.414706155007716e-05	7.414706155007716e-05	7.560935683422151e-05	1.1492632690606626e-05	-0.1272376246166418	0.4548862784303924	-0.1272376246166418	0.4548862784303924
artista_axolotl	artista_axolotl	Ambystoma mexicanum	30DPI	Stereo-seq cellbin	embedding_cosine	9252	17	5000	0	1000	embedding_cosine			contact	spatial_ccc_score	coordinate_permutation	5000	5000	4022	7.414706155007716e-05	7.414706155007716e-05	7.334514943900327e-05	9.42430997687607e-07	0.850897427017471	0.1288711288711288	0.850897427017471	0.1288711288711288
artista_axolotl	artista_axolotl	Ambystoma mexicanum	30DPI	Stereo-seq cellbin	embedding_cosine	9252	17	5000	0	1000	embedding_cosine			contact	spatial_ccc_score	celltype_permutation	5000	5000	4022	7.414706155007716e-05	7.414706155007716e-05	8.523642347709574e-05	1.971273727973645e-05	-0.5625480505144151	0.6673326673326674	-0.5625480505144151	0.6673326673326674
artista_axolotl	artista_axolotl	Ambystoma mexicanum	30DPI	Stereo-seq cellbin	embedding_cosine	9252	17	5000	0	1000	embedding_cosine			contact	spatial_ccc_score	matched_random_lr	5000	5000	4022	7.414706155007716e-05	7.414706155007716e-05	6.970879287070993e-05	2.083739208546737e-06	2.1299540082382085	0.0249750249750249	2.1299540082382085	0.0249750249750249
artista_axolotl	artista_axolotl	Ambystoma mexicanum	30DPI	Stereo-seq cellbin	embedding_cosine	9252	17	5000	0	1000	embedding_cosine			contact	spatial_ccc_score	score_permutation	5000	5000	4022	7.414706155007716e-05	7.414706155007716e-05	7.414706155007716e-05	0.0	0.0	1.0	0.0	1.0
artista_axolotl	artista_axolotl	Ambystoma mexicanum	30DPI	Stereo-seq cellbin	embedding_cosine	9252	17	5000	0	1000	embedding_cosine			contact	model_weighted_spatial_ccc_score	pooled	100	100	100	3.4734186918124604e-05	3.4734186918124604e-05	3.3850305050452214e-05	7.445072392109561e-06	0.1187203859305849	0.2689327668082979	0.1187203859305849	0.2689327668082979
artista_axolotl	artista_axolotl	Ambystoma mexicanum	30DPI	Stereo-seq cellbin	embedding_cosine	9252	17	5000	0	1000	embedding_cosine			contact	model_weighted_spatial_ccc_score	coordinate_permutation	100	100	100	3.4734186918124604e-05	3.4734186918124604e-05	3.432015383076055e-05	4.6016615355516826e-07	0.8997469374166277	0.1168831168831168	0.8997469374166277	0.1168831168831168
artista_axolotl	artista_axolotl	Ambystoma mexicanum	30DPI	Stereo-seq cellbin	embedding_cosine	9252	17	5000	0	1000	embedding_cosine			contact	model_weighted_spatial_ccc_score	celltype_permutation	100	100	100	3.4734186918124604e-05	3.4734186918124604e-05	3.8459290210686766e-05	9.046008939438602e-06	-0.4117952256626161	0.5954045954045954	-0.4117952256626161	0.5954045954045954
artista_axolotl	artista_axolotl	Ambystoma mexicanum	30DPI	Stereo-seq cellbin	embedding_cosine	9252	17	5000	0	1000	embedding_cosine			contact	model_weighted_spatial_ccc_score	matched_random_lr	100	100	100	3.4734186918124604e-05	3.4734186918124604e-05	3.429260488470178e-05	9.33647645547441e-06	0.0472964330311041	0.3646353646353646	0.0472964330311041	0.3646353646353646
artista_axolotl	artista_axolotl	Ambystoma mexicanum	30DPI	Stereo-seq cellbin	embedding_cosine	9252	17	5000	0	1000	embedding_cosine			contact	model_weighted_spatial_ccc_score	score_permutation	100	100	100	3.4734186918124604e-05	3.4734186918124604e-05	2.8329171275659765e-05	6.905060483822494e-07	9.275828441287109	0.0009990009990009	9.275828441287109	0.0009990009990009
artista_axolotl	artista_axolotl	Ambystoma mexicanum	30DPI	Stereo-seq cellbin	embedding_cosine	9252	17	5000	0	1000	embedding_cosine			contact	model_weighted_spatial_ccc_score	pooled	500	500	500	3.883629859315438e-05	3.883629859315438e-05	3.850613722707784e-05	6.951331140933921e-06	0.0474961355433545	0.2726818295426143	0.0474961355433545	0.2726818295426143
artista_axolotl	artista_axolotl	Ambystoma mexicanum	30DPI	Stereo-seq cellbin	embedding_cosine	9252	17	5000	0	1000	embedding_cosine			contact	model_weighted_spatial_ccc_score	coordinate_permutation	500	500	500	3.883629859315438e-05	3.883629859315438e-05	3.845059804182797e-05	5.077909451706853e-07	0.7595656342331167	0.1448551448551448	0.7595656342331167	0.1448551448551448
artista_axolotl	artista_axolotl	Ambystoma mexicanum	30DPI	Stereo-seq cellbin	embedding_cosine	9252	17	5000	0	1000	embedding_cosine			contact	model_weighted_spatial_ccc_score	celltype_permutation	500	500	500	3.883629859315438e-05	3.883629859315438e-05	4.513441346917749e-05	1.0445714450535424e-05	-0.6029376837598965	0.6883116883116883	-0.6029376837598965	0.6883116883116883
artista_axolotl	artista_axolotl	Ambystoma mexicanum	30DPI	Stereo-seq cellbin	embedding_cosine	9252	17	5000	0	1000	embedding_cosine			contact	model_weighted_spatial_ccc_score	matched_random_lr	500	500	500	3.883629859315438e-05	3.883629859315438e-05	3.682044660793192e-05	3.631603710068048e-06	0.5550858921180836	0.2587412587412587	0.5550858921180836	0.2587412587412587
artista_axolotl	artista_axolotl	Ambystoma mexicanum	30DPI	Stereo-seq cellbin	embedding_cosine	9252	17	5000	0	1000	embedding_cosine			contact	model_weighted_spatial_ccc_score	score_permutation	500	500	500	3.883629859315438e-05	3.883629859315438e-05	3.361909078937396e-05	3.703244296865629e-07	14.08820856943244	0.0009990009990009	14.08820856943244	0.0009990009990009
artista_axolotl	artista_axolotl	Ambystoma mexicanum	30DPI	Stereo-seq cellbin	embedding_cosine	9252	17	5000	0	1000	embedding_cosine			contact	model_weighted_spatial_ccc_score	pooled	1000	1000	1000	3.627934046942132e-05	3.627934046942132e-05	3.5674697909912625e-05	6.02874411827673e-06	0.1002932862377848	0.2199450137465633	0.1002932862377848	0.2199450137465633
artista_axolotl	artista_axolotl	Ambystoma mexicanum	30DPI	Stereo-seq cellbin	embedding_cosine	9252	17	5000	0	1000	embedding_cosine			contact	model_weighted_spatial_ccc_score	coordinate_permutation	1000	1000	1000	3.627934046942132e-05	3.627934046942132e-05	3.592412445185822e-05	4.688502057137183e-07	0.7576322101050593	0.1428571428571428	0.7576322101050593	0.1428571428571428
artista_axolotl	artista_axolotl	Ambystoma mexicanum	30DPI	Stereo-seq cellbin	embedding_cosine	9252	17	5000	0	1000	embedding_cosine			contact	model_weighted_spatial_ccc_score	celltype_permutation	1000	1000	1000	3.627934046942132e-05	3.627934046942132e-05	4.12850314768322e-05	9.560409761440062e-06	-0.5235854040064583	0.6543456543456544	-0.5235854040064583	0.6543456543456544
artista_axolotl	artista_axolotl	Ambystoma mexicanum	30DPI	Stereo-seq cellbin	embedding_cosine	9252	17	5000	0	1000	embedding_cosine			contact	model_weighted_spatial_ccc_score	matched_random_lr	1000	1000	1000	3.627934046942132e-05	3.627934046942132e-05	3.3104639750574544e-05	2.186779566505116e-06	1.451769884570734	0.0839160839160839	1.451769884570734	0.0839160839160839
artista_axolotl	artista_axolotl	Ambystoma mexicanum	30DPI	Stereo-seq cellbin	embedding_cosine	9252	17	5000	0	1000	embedding_cosine			contact	model_weighted_spatial_ccc_score	score_permutation	1000	1000	1000	3.627934046942132e-05	3.627934046942132e-05	3.238499596038555e-05	2.729472363209692e-07	14.26775578140039	0.0009990009990009	14.26775578140039	0.0009990009990009
artista_axolotl	artista_axolotl	Ambystoma mexicanum	30DPI	Stereo-seq cellbin	embedding_cosine	9252	17	5000	0	1000	embedding_cosine			contact	model_weighted_spatial_ccc_score	pooled	5000	5000	4022	3.661316937313688e-05	3.661316937313688e-05	3.745615129551839e-05	5.650343396919423e-06	-0.1491912726651464	0.4561359660084979	-0.1491912726651464	0.4561359660084979
artista_axolotl	artista_axolotl	Ambystoma mexicanum	30DPI	Stereo-seq cellbin	embedding_cosine	9252	17	5000	0	1000	embedding_cosine			contact	model_weighted_spatial_ccc_score	coordinate_permutation	5000	5000	4022	3.661316937313688e-05	3.661316937313688e-05	3.621899327423199e-05	4.657174939855839e-07	0.8463845657408194	0.1298701298701298	0.8463845657408194	0.1298701298701298
artista_axolotl	artista_axolotl	Ambystoma mexicanum	30DPI	Stereo-seq cellbin	embedding_cosine	9252	17	5000	0	1000	embedding_cosine			contact	model_weighted_spatial_ccc_score	celltype_permutation	5000	5000	4022	3.661316937313688e-05	3.661316937313688e-05	4.20710406756718e-05	9.729459149898892e-06	-0.5609634840382304	0.6683316683316683	-0.5609634840382304	0.6683316683316683
artista_axolotl	artista_axolotl	Ambystoma mexicanum	30DPI	Stereo-seq cellbin	embedding_cosine	9252	17	5000	0	1000	embedding_cosine			contact	model_weighted_spatial_ccc_score	matched_random_lr	5000	5000	4022	3.661316937313688e-05	3.661316937313688e-05	3.4490376006617826e-05	1.0372592912022637e-06	2.0465407102389697	0.0299700299700299	2.0465407102389697	0.0299700299700299
artista_axolotl	artista_axolotl	Ambystoma mexicanum	30DPI	Stereo-seq cellbin	embedding_cosine	9252	17	5000	0	1000	embedding_cosine			contact	model_weighted_spatial_ccc_score	score_permutation	5000	5000	4022	3.661316937313688e-05	3.661316937313688e-05	3.704419522555195e-05	1.4526565168258317e-07	-2.967156016736147	0.998001998001998	-2.967156016736147	0.998001998001998
artista_axolotl	artista_axolotl	Ambystoma mexicanum	30DPI	Stereo-seq cellbin	embedding_cosine	9252	17	5000	0	1000	embedding_cosine			exp	spatial_ccc_score	pooled	100	100	100	5.97744992193831e-05	5.97744992193831e-05	6.0728975684660335e-05	1.1294747163096e-05	-0.0845062267879581	0.4991252186953261	-0.0845062267879581	0.4991252186953261
artista_axolotl	artista_axolotl	Ambystoma mexicanum	30DPI	Stereo-seq cellbin	embedding_cosine	9252	17	5000	0	1000	embedding_cosine			exp	spatial_ccc_score	coordinate_permutation	100	100	100	5.97744992193831e-05	5.97744992193831e-05	5.888847639460955e-05	5.063227680373423e-07	1.7499170108585829	0.0589410589410589	1.7499170108585829	0.0589410589410589
artista_axolotl	artista_axolotl	Ambystoma mexicanum	30DPI	Stereo-seq cellbin	embedding_cosine	9252	17	5000	0	1000	embedding_cosine			exp	spatial_ccc_score	celltype_permutation	100	100	100	5.97744992193831e-05	5.97744992193831e-05	6.548201988079281e-05	1.4754966349206528e-05	-0.3868203102826216	0.5814185814185814	-0.3868203102826216	0.5814185814185814
artista_axolotl	artista_axolotl	Ambystoma mexicanum	30DPI	Stereo-seq cellbin	embedding_cosine	9252	17	5000	0	1000	embedding_cosine			exp	spatial_ccc_score	matched_random_lr	100	100	100	5.97744992193831e-05	5.97744992193831e-05	5.877090724385586e-05	1.618481626251552e-05	0.0620082402697139	0.3576423576423576	0.0620082402697139	0.3576423576423576
artista_axolotl	artista_axolotl	Ambystoma mexicanum	30DPI	Stereo-seq cellbin	embedding_cosine	9252	17	5000	0	1000	embedding_cosine			exp	spatial_ccc_score	score_permutation	100	100	100	5.97744992193831e-05	5.97744992193831e-05	5.977449921938311e-05	1.3559308506083394e-20	-0.999499874937461	1.0	-0.999499874937461	1.0
artista_axolotl	artista_axolotl	Ambystoma mexicanum	30DPI	Stereo-seq cellbin	embedding_cosine	9252	17	5000	0	1000	embedding_cosine			exp	spatial_ccc_score	pooled	500	500	500	7.108826918923395e-05	7.108826918923395e-05	7.251816928637337e-05	1.109014679724382e-05	-0.1289342804276299	0.501374656335916	-0.1289342804276299	0.501374656335916
artista_axolotl	artista_axolotl	Ambystoma mexicanum	30DPI	Stereo-seq cellbin	embedding_cosine	9252	17	5000	0	1000	embedding_cosine			exp	spatial_ccc_score	coordinate_permutation	500	500	500	7.108826918923395e-05	7.108826918923395e-05	7.020984695303401e-05	6.027987557163981e-07	1.457239630755342	0.0809190809190809	1.457239630755342	0.0809190809190809
artista_axolotl	artista_axolotl	Ambystoma mexicanum	30DPI	Stereo-seq cellbin	embedding_cosine	9252	17	5000	0	1000	embedding_cosine			exp	spatial_ccc_score	celltype_permutation	500	500	500	7.108826918923395e-05	7.108826918923395e-05	8.168004703687169e-05	1.8098548029929812e-05	-0.5852280431624662	0.6783216783216783	-0.5852280431624662	0.6783216783216783
artista_axolotl	artista_axolotl	Ambystoma mexicanum	30DPI	Stereo-seq cellbin	embedding_cosine	9252	17	5000	0	1000	embedding_cosine			exp	spatial_ccc_score	matched_random_lr	500	500	500	7.108826918923395e-05	7.108826918923395e-05	6.709451396635387e-05	6.600310836054227e-06	0.6050859303571247	0.2477522477522477	0.6050859303571247	0.2477522477522477
artista_axolotl	artista_axolotl	Ambystoma mexicanum	30DPI	Stereo-seq cellbin	embedding_cosine	9252	17	5000	0	1000	embedding_cosine			exp	spatial_ccc_score	score_permutation	500	500	500	7.108826918923395e-05	7.108826918923395e-05	7.108826918923394e-05	1.3559308506083394e-20	0.999499874937461	1.0	0.999499874937461	1.0
artista_axolotl	artista_axolotl	Ambystoma mexicanum	30DPI	Stereo-seq cellbin	embedding_cosine	9252	17	5000	0	1000	embedding_cosine			exp	spatial_ccc_score	pooled	1000	1000	1000	6.845069471318643e-05	6.845069471318643e-05	6.88265679715083e-05	1.0244286143380983e-05	-0.0366910151728554	0.4478880279930017	-0.0366910151728554	0.4478880279930017
artista_axolotl	artista_axolotl	Ambystoma mexicanum	30DPI	Stereo-seq cellbin	embedding_cosine	9252	17	5000	0	1000	embedding_cosine			exp	spatial_ccc_score	coordinate_permutation	1000	1000	1000	6.845069471318643e-05	6.845069471318643e-05	6.75967538141872e-05	5.751000239104781e-07	1.4848563093298652	0.0769230769230769	1.4848563093298652	0.0769230769230769
artista_axolotl	artista_axolotl	Ambystoma mexicanum	30DPI	Stereo-seq cellbin	embedding_cosine	9252	17	5000	0	1000	embedding_cosine			exp	spatial_ccc_score	celltype_permutation	1000	1000	1000	6.845069471318643e-05	6.845069471318643e-05	7.700308315006132e-05	1.7074041340616534e-05	-0.5009000661448597	0.6403596403596403	-0.5009000661448597	0.6403596403596403
artista_axolotl	artista_axolotl	Ambystoma mexicanum	30DPI	Stereo-seq cellbin	embedding_cosine	9252	17	5000	0	1000	embedding_cosine			exp	spatial_ccc_score	matched_random_lr	1000	1000	1000	6.845069471318643e-05	6.845069471318643e-05	6.225574020859825e-05	4.05541856500263e-06	1.5275746276967	0.0759240759240759	1.5275746276967	0.0759240759240759
artista_axolotl	artista_axolotl	Ambystoma mexicanum	30DPI	Stereo-seq cellbin	embedding_cosine	9252	17	5000	0	1000	embedding_cosine			exp	spatial_ccc_score	score_permutation	1000	1000	1000	6.845069471318643e-05	6.845069471318643e-05	6.845069471318644e-05	1.3559308506083394e-20	-0.999499874937461	1.0	-0.999499874937461	1.0
artista_axolotl	artista_axolotl	Ambystoma mexicanum	30DPI	Stereo-seq cellbin	embedding_cosine	9252	17	5000	0	1000	embedding_cosine			exp	spatial_ccc_score	pooled	5000	5000	4022	7.827996725091691e-05	7.827996725091691e-05	7.95551780893554e-05	1.145903230224135e-05	-0.1112843392708709	0.4396400899775056	-0.1112843392708709	0.4396400899775056
artista_axolotl	artista_axolotl	Ambystoma mexicanum	30DPI	Stereo-seq cellbin	embedding_cosine	9252	17	5000	0	1000	embedding_cosine			exp	spatial_ccc_score	coordinate_permutation	5000	5000	4022	7.827996725091691e-05	7.827996725091691e-05	7.726984132682727e-05	6.467333268402264e-07	1.5618893942343433	0.0699300699300699	1.5618893942343433	0.0699300699300699
artista_axolotl	artista_axolotl	Ambystoma mexicanum	30DPI	Stereo-seq cellbin	embedding_cosine	9252	17	5000	0	1000	embedding_cosine			exp	spatial_ccc_score	celltype_permutation	5000	5000	4022	7.827996725091691e-05	7.827996725091691e-05	8.903432183179132e-05	1.9711399860932385e-05	-0.5455906052714874	0.6653346653346653	-0.5455906052714874	0.6653346653346653
artista_axolotl	artista_axolotl	Ambystoma mexicanum	30DPI	Stereo-seq cellbin	embedding_cosine	9252	17	5000	0	1000	embedding_cosine			exp	spatial_ccc_score	matched_random_lr	5000	5000	4022	7.827996725091691e-05	7.827996725091691e-05	7.363658194788613e-05	2.193107706886543e-06	2.11726277211564	0.0249750249750249	2.11726277211564	0.0249750249750249
artista_axolotl	artista_axolotl	Ambystoma mexicanum	30DPI	Stereo-seq cellbin	embedding_cosine	9252	17	5000	0	1000	embedding_cosine			exp	spatial_ccc_score	score_permutation	5000	5000	4022	7.827996725091691e-05	7.827996725091691e-05	7.827996725091692e-05	1.3559308506083394e-20	-0.999499874937461	1.0	-0.999499874937461	1.0
artista_axolotl	artista_axolotl	Ambystoma mexicanum	30DPI	Stereo-seq cellbin	embedding_cosine	9252	17	5000	0	1000	embedding_cosine			exp	model_weighted_spatial_ccc_score	pooled	100	100	100	3.6652745191182064e-05	3.6652745191182064e-05	3.558382784546757e-05	7.626919012191267e-06	0.140150609178605	0.250687328167958	0.140150609178605	0.250687328167958
artista_axolotl	artista_axolotl	Ambystoma mexicanum	30DPI	Stereo-seq cellbin	embedding_cosine	9252	17	5000	0	1000	embedding_cosine			exp	model_weighted_spatial_ccc_score	coordinate_permutation	100	100	100	3.6652745191182064e-05	3.6652745191182064e-05	3.610907763707832e-05	3.10465853560624e-07	1.7511347797788703	0.0589410589410589	1.7511347797788703	0.0589410589410589
artista_axolotl	artista_axolotl	Ambystoma mexicanum	30DPI	Stereo-seq cellbin	embedding_cosine	9252	17	5000	0	1000	embedding_cosine			exp	model_weighted_spatial_ccc_score	celltype_permutation	100	100	100	3.6652745191182064e-05	3.6652745191182064e-05	4.017124263501992e-05	9.053376866031042e-06	-0.3886392332831664	0.5814185814185814	-0.3886392332831664	0.5814185814185814
artista_axolotl	artista_axolotl	Ambystoma mexicanum	30DPI	Stereo-seq cellbin	embedding_cosine	9252	17	5000	0	1000	embedding_cosine			exp	model_weighted_spatial_ccc_score	matched_random_lr	100	100	100	3.6652745191182064e-05	3.6652745191182064e-05	3.615984769908847e-05	9.807971808211414e-06	0.050254782714703	0.3636363636363636	0.050254782714703	0.3636363636363636
artista_axolotl	artista_axolotl	Ambystoma mexicanum	30DPI	Stereo-seq cellbin	embedding_cosine	9252	17	5000	0	1000	embedding_cosine			exp	model_weighted_spatial_ccc_score	score_permutation	100	100	100	3.6652745191182064e-05	3.6652745191182064e-05	2.9895143410683605e-05	7.284693543333183e-07	9.27643934545866	0.0009990009990009	9.27643934545866	0.0009990009990009
artista_axolotl	artista_axolotl	Ambystoma mexicanum	30DPI	Stereo-seq cellbin	embedding_cosine	9252	17	5000	0	1000	embedding_cosine			exp	model_weighted_spatial_ccc_score	pooled	500	500	500	4.103101807130176e-05	4.103101807130176e-05	4.051312278076917e-05	6.992214014981771e-06	0.0740674254853948	0.25343664083979	0.0740674254853948	0.25343664083979
artista_axolotl	artista_axolotl	Ambystoma mexicanum	30DPI	Stereo-seq cellbin	embedding_cosine	9252	17	5000	0	1000	embedding_cosine			exp	model_weighted_spatial_ccc_score	coordinate_permutation	500	500	500	4.103101807130176e-05	4.103101807130176e-05	4.052372138121021e-05	3.479837177547378e-07	1.4578173179042142	0.0809190809190809	1.4578173179042142	0.0809190809190809
artista_axolotl	artista_axolotl	Ambystoma mexicanum	30DPI	Stereo-seq cellbin	embedding_cosine	9252	17	5000	0	1000	embedding_cosine			exp	model_weighted_spatial_ccc_score	celltype_permutation	500	500	500	4.103101807130176e-05	4.103101807130176e-05	4.7144807237105056e-05	1.044691033858625e-05	-0.5852246231329921	0.6783216783216783	-0.5852246231329921	0.6783216783216783
artista_axolotl	artista_axolotl	Ambystoma mexicanum	30DPI	Stereo-seq cellbin	embedding_cosine	9252	17	5000	0	1000	embedding_cosine			exp	model_weighted_spatial_ccc_score	matched_random_lr	500	500	500	4.103101807130176e-05	4.103101807130176e-05	3.886405921427348e-05	3.8205443704955786e-06	0.567185889467159	0.2557442557442557	0.567185889467159	0.2557442557442557
artista_axolotl	artista_axolotl	Ambystoma mexicanum	30DPI	Stereo-seq cellbin	embedding_cosine	9252	17	5000	0	1000	embedding_cosine			exp	model_weighted_spatial_ccc_score	score_permutation	500	500	500	4.103101807130176e-05	4.103101807130176e-05	3.551990329048792e-05	3.908381378672678e-07	14.100759999745646	0.0009990009990009	14.100759999745646	0.0009990009990009
artista_axolotl	artista_axolotl	Ambystoma mexicanum	30DPI	Stereo-seq cellbin	embedding_cosine	9252	17	5000	0	1000	embedding_cosine			exp	model_weighted_spatial_ccc_score	pooled	1000	1000	1000	3.83112806410908e-05	3.83112806410908e-05	3.752938916425288e-05	6.03994946539394e-06	0.1294533143559882	0.2001999500124968	0.1294533143559882	0.2001999500124968
artista_axolotl	artista_axolotl	Ambystoma mexicanum	30DPI	Stereo-seq cellbin	embedding_cosine	9252	17	5000	0	1000	embedding_cosine			exp	model_weighted_spatial_ccc_score	coordinate_permutation	1000	1000	1000	3.83112806410908e-05	3.83112806410908e-05	3.783342011466638e-05	3.220303714961944e-07	1.483898938489014	0.0769230769230769	1.483898938489014	0.0769230769230769
artista_axolotl	artista_axolotl	Ambystoma mexicanum	30DPI	Stereo-seq cellbin	embedding_cosine	9252	17	5000	0	1000	embedding_cosine			exp	model_weighted_spatial_ccc_score	celltype_permutation	1000	1000	1000	3.83112806410908e-05	3.83112806410908e-05	4.31237836427505e-05	9.561736408070644e-06	-0.5033084783217481	0.6413586413586414	-0.5033084783217481	0.6413586413586414
artista_axolotl	artista_axolotl	Ambystoma mexicanum	30DPI	Stereo-seq cellbin	embedding_cosine	9252	17	5000	0	1000	embedding_cosine			exp	model_weighted_spatial_ccc_score	matched_random_lr	1000	1000	1000	3.83112806410908e-05	3.83112806410908e-05	3.496140158885679e-05	2.301071357062665e-06	1.4557910348813157	0.0839160839160839	1.4557910348813157	0.0839160839160839
artista_axolotl	artista_axolotl	Ambystoma mexicanum	30DPI	Stereo-seq cellbin	embedding_cosine	9252	17	5000	0	1000	embedding_cosine			exp	model_weighted_spatial_ccc_score	score_permutation	1000	1000	1000	3.83112806410908e-05	3.83112806410908e-05	3.419895131073785e-05	2.8790370244755946e-07	14.283697275834797	0.0009990009990009	14.283697275834797	0.0009990009990009
artista_axolotl	artista_axolotl	Ambystoma mexicanum	30DPI	Stereo-seq cellbin	embedding_cosine	9252	17	5000	0	1000	embedding_cosine			exp	model_weighted_spatial_ccc_score	pooled	5000	5000	4022	3.865408475338818e-05	3.865408475338818e-05	3.941104231918358e-05	5.634713021338296e-06	-0.1343382640657738	0.4401399650087478	-0.1343382640657738	0.4401399650087478
artista_axolotl	artista_axolotl	Ambystoma mexicanum	30DPI	Stereo-seq cellbin	embedding_cosine	9252	17	5000	0	1000	embedding_cosine			exp	model_weighted_spatial_ccc_score	coordinate_permutation	5000	5000	4022	3.865408475338818e-05	3.865408475338818e-05	3.815671554113508e-05	3.196017729071657e-07	1.556215435630804	0.0699300699300699	1.556215435630804	0.0699300699300699
artista_axolotl	artista_axolotl	Ambystoma mexicanum	30DPI	Stereo-seq cellbin	embedding_cosine	9252	17	5000	0	1000	embedding_cosine			exp	model_weighted_spatial_ccc_score	celltype_permutation	5000	5000	4022	3.865408475338818e-05	3.865408475338818e-05	4.394554637796664e-05	9.728911258931598e-06	-0.543890419364309	0.6633366633366633	-0.543890419364309	0.6633366633366633
artista_axolotl	artista_axolotl	Ambystoma mexicanum	30DPI	Stereo-seq cellbin	embedding_cosine	9252	17	5000	0	1000	embedding_cosine			exp	model_weighted_spatial_ccc_score	matched_random_lr	5000	5000	4022	3.865408475338818e-05	3.865408475338818e-05	3.643296620749665e-05	1.0916194882354638e-06	2.034700341857981	0.0309690309690309	2.034700341857981	0.0309690309690309
artista_axolotl	artista_axolotl	Ambystoma mexicanum	30DPI	Stereo-seq cellbin	embedding_cosine	9252	17	5000	0	1000	embedding_cosine			exp	model_weighted_spatial_ccc_score	score_permutation	5000	5000	4022	3.865408475338818e-05	3.865408475338818e-05	3.9108941150135966e-05	1.530503332794602e-07	-2.971939929835032	0.998001998001998	-2.971939929835032	0.998001998001998
artista_axolotl	artista_axolotl	Ambystoma mexicanum	30DPI	Stereo-seq cellbin	expression_only	9252	17	5000	0	1000	expression_only			contact	spatial_ccc_score	pooled	100	100	100	0.0010896949510028	0.0010896949510028	0.0009663173484443	0.0003491740892831	0.3533412310511979	0.4483879030242439	0.3533412310511979	0.4483879030242439
artista_axolotl	artista_axolotl	Ambystoma mexicanum	30DPI	Stereo-seq cellbin	expression_only	9252	17	5000	0	1000	expression_only			contact	spatial_ccc_score	coordinate_permutation	100	100	100	0.0010896949510028	0.0010896949510028	0.0010751563332324	1.406319712692028e-05	1.033806014319077	0.1008991008991009	1.033806014319077	0.1008991008991009
artista_axolotl	artista_axolotl	Ambystoma mexicanum	30DPI	Stereo-seq cellbin	expression_only	9252	17	5000	0	1000	expression_only			contact	spatial_ccc_score	celltype_permutation	100	100	100	0.0010896949510028	0.0010896949510028	0.0012658350168659	0.0002940207653134	-0.599073557527071	0.6933066933066933	-0.599073557527071	0.6933066933066933
artista_axolotl	artista_axolotl	Ambystoma mexicanum	30DPI	Stereo-seq cellbin	expression_only	9252	17	5000	0	1000	expression_only			contact	spatial_ccc_score	matched_random_lr	100	100	100	0.0010896949510028	0.0010896949510028	0.0004345830926761	3.86043834132692e-05	16.96988270253021	0.0009990009990009	16.96988270253021	0.0009990009990009
artista_axolotl	artista_axolotl	Ambystoma mexicanum	30DPI	Stereo-seq cellbin	expression_only	9252	17	5000	0	1000	expression_only			contact	spatial_ccc_score	score_permutation	100	100	100	0.0010896949510028	0.0010896949510028	0.0010896949510028	2.169489360973344e-19	-0.999499874937461	1.0	-0.999499874937461	1.0
artista_axolotl	artista_axolotl	Ambystoma mexicanum	30DPI	Stereo-seq cellbin	expression_only	9252	17	5000	0	1000	expression_only			contact	spatial_ccc_score	pooled	500	500	500	0.0004113291653253	0.0004113291653253	0.0004049698310532	7.773603498245453e-05	0.0818067743433141	0.4518870282429392	0.0818067743433141	0.4518870282429392
artista_axolotl	artista_axolotl	Ambystoma mexicanum	30DPI	Stereo-seq cellbin	expression_only	9252	17	5000	0	1000	expression_only			contact	spatial_ccc_score	coordinate_permutation	500	500	500	0.0004113291653253	0.0004113291653253	0.0004063643459055	5.302048752929494e-06	0.9363964103702812	0.1168831168831168	0.9363964103702812	0.1168831168831168
artista_axolotl	artista_axolotl	Ambystoma mexicanum	30DPI	Stereo-seq cellbin	expression_only	9252	17	5000	0	1000	expression_only			contact	spatial_ccc_score	celltype_permutation	500	500	500	0.0004113291653253	0.0004113291653253	0.0004772332943536	0.0001105377583979	-0.5962137280821913	0.6913086913086913	-0.5962137280821913	0.6913086913086913
artista_axolotl	artista_axolotl	Ambystoma mexicanum	30DPI	Stereo-seq cellbin	expression_only	9252	17	5000	0	1000	expression_only			contact	spatial_ccc_score	matched_random_lr	500	500	500	0.0004113291653253	0.0004113291653253	0.0003249525186283	1.6253016452130594e-05	5.31449943162428	0.0009990009990009	5.31449943162428	0.0009990009990009
artista_axolotl	artista_axolotl	Ambystoma mexicanum	30DPI	Stereo-seq cellbin	expression_only	9252	17	5000	0	1000	expression_only			contact	spatial_ccc_score	score_permutation	500	500	500	0.0004113291653253	0.0004113291653253	0.0004113291653253	1.6271170207300078e-19	0.9994998749374608	1.0	0.9994998749374608	1.0
artista_axolotl	artista_axolotl	Ambystoma mexicanum	30DPI	Stereo-seq cellbin	expression_only	9252	17	5000	0	1000	expression_only			contact	spatial_ccc_score	pooled	1000	1000	1000	0.0002472437247244	0.0002472437247244	0.0002495562248697	4.174198288858409e-05	-0.0553998632841097	0.4553861534616346	-0.0553998632841097	0.4553861534616346
artista_axolotl	artista_axolotl	Ambystoma mexicanum	30DPI	Stereo-seq cellbin	expression_only	9252	17	5000	0	1000	expression_only			contact	spatial_ccc_score	coordinate_permutation	1000	1000	1000	0.0002472437247244	0.0002472437247244	0.0002443515445107	3.173502417814773e-06	0.911352768305623	0.1238761238761238	0.911352768305623	0.1238761238761238
artista_axolotl	artista_axolotl	Ambystoma mexicanum	30DPI	Stereo-seq cellbin	expression_only	9252	17	5000	0	1000	expression_only			contact	spatial_ccc_score	celltype_permutation	1000	1000	1000	0.0002472437247244	0.0002472437247244	0.0002878926432652	6.661876219294026e-05	-0.6101722278027507	0.6973026973026973	-0.6101722278027507	0.6973026973026973
artista_axolotl	artista_axolotl	Ambystoma mexicanum	30DPI	Stereo-seq cellbin	expression_only	9252	17	5000	0	1000	expression_only			contact	spatial_ccc_score	matched_random_lr	1000	1000	1000	0.0002472437247244	0.0002472437247244	0.0002187369869784	8.501600359833042e-06	3.353102538290428	0.0019980019980019	3.353102538290428	0.0019980019980019
artista_axolotl	artista_axolotl	Ambystoma mexicanum	30DPI	Stereo-seq cellbin	expression_only	9252	17	5000	0	1000	expression_only			contact	spatial_ccc_score	score_permutation	1000	1000	1000	0.0002472437247244	0.0002472437247244	0.0002472437247244	5.423723402433359e-20	0.999499874937461	1.0	0.999499874937461	1.0
artista_axolotl	artista_axolotl	Ambystoma mexicanum	30DPI	Stereo-seq cellbin	expression_only	9252	17	5000	0	1000	expression_only			contact	spatial_ccc_score	pooled	5000	5000	4022	7.414706155007718e-05	7.414706155007718e-05	7.563058109322404e-05	1.1483333914243244e-05	-0.129188923201719	0.4561359660084979	-0.129188923201719	0.4561359660084979
artista_axolotl	artista_axolotl	Ambystoma mexicanum	30DPI	Stereo-seq cellbin	expression_only	9252	17	5000	0	1000	expression_only			contact	spatial_ccc_score	coordinate_permutation	5000	5000	4022	7.414706155007718e-05	7.414706155007718e-05	7.334514943900328e-05	9.424309976876068e-07	0.8508974270174711	0.1288711288711288	0.8508974270174711	0.1288711288711288
artista_axolotl	artista_axolotl	Ambystoma mexicanum	30DPI	Stereo-seq cellbin	expression_only	9252	17	5000	0	1000	expression_only			contact	spatial_ccc_score	celltype_permutation	5000	5000	4022	7.414706155007718e-05	7.414706155007718e-05	8.523642347709574e-05	1.971273727973645e-05	-0.5625480505144145	0.6673326673326674	-0.5625480505144145	0.6673326673326674
artista_axolotl	artista_axolotl	Ambystoma mexicanum	30DPI	Stereo-seq cellbin	expression_only	9252	17	5000	0	1000	expression_only			contact	spatial_ccc_score	matched_random_lr	5000	5000	4022	7.414706155007718e-05	7.414706155007718e-05	6.979368990671992e-05	2.117594537894351e-06	2.0558098188551592	0.0299700299700299	2.0558098188551592	0.0299700299700299
artista_axolotl	artista_axolotl	Ambystoma mexicanum	30DPI	Stereo-seq cellbin	expression_only	9252	17	5000	0	1000	expression_only			contact	spatial_ccc_score	score_permutation	5000	5000	4022	7.414706155007718e-05	7.414706155007718e-05	7.414706155007719e-05	1.3559308506083394e-20	-0.999499874937461	1.0	-0.999499874937461	1.0
artista_axolotl	artista_axolotl	Ambystoma mexicanum	30DPI	Stereo-seq cellbin	expression_only	9252	17	5000	0	1000	expression_only			contact	model_weighted_spatial_ccc_score	pooled	100	100	100	0.000372298523912	0.000372298523912	0.0002327348235135	0.0001797491339354	0.7764360102484762	0.1989502624343914	0.7764360102484762	0.1989502624343914
artista_axolotl	artista_axolotl	Ambystoma mexicanum	30DPI	Stereo-seq cellbin	expression_only	9252	17	5000	0	1000	expression_only			contact	model_weighted_spatial_ccc_score	coordinate_permutation	100	100	100	0.000372298523912	0.000372298523912	0.0003673067460904	4.800529405350451e-06	1.0398390260843964	0.0999000999000999	1.0398390260843964	0.0999000999000999
artista_axolotl	artista_axolotl	Ambystoma mexicanum	30DPI	Stereo-seq cellbin	expression_only	9252	17	5000	0	1000	expression_only			contact	model_weighted_spatial_ccc_score	celltype_permutation	100	100	100	0.000372298523912	0.000372298523912	0.0004335885765912	0.0001006214546418	-0.6091151524036895	0.6963036963036963	-0.6091151524036895	0.6963036963036963
artista_axolotl	artista_axolotl	Ambystoma mexicanum	30DPI	Stereo-seq cellbin	expression_only	9252	17	5000	0	1000	expression_only			contact	model_weighted_spatial_ccc_score	matched_random_lr	100	100	100	0.000372298523912	0.000372298523912	0.0001109498872451	1.0230772191760826e-05	25.5453480703351	0.0009990009990009	25.5453480703351	0.0009990009990009
artista_axolotl	artista_axolotl	Ambystoma mexicanum	30DPI	Stereo-seq cellbin	expression_only	9252	17	5000	0	1000	expression_only			contact	model_weighted_spatial_ccc_score	score_permutation	100	100	100	0.000372298523912	0.000372298523912	1.909408412722355e-05	6.2310876322921344e-06	56.68423566286083	0.0009990009990009	56.68423566286083	0.0009990009990009
artista_axolotl	artista_axolotl	Ambystoma mexicanum	30DPI	Stereo-seq cellbin	expression_only	9252	17	5000	0	1000	expression_only			contact	model_weighted_spatial_ccc_score	pooled	500	500	500	8.740885710689255e-05	8.740885710689255e-05	5.793399785715323e-05	3.973819167166819e-05	0.7417262338777677	0.2004498875281179	0.7417262338777677	0.2004498875281179
artista_axolotl	artista_axolotl	Ambystoma mexicanum	30DPI	Stereo-seq cellbin	expression_only	9252	17	5000	0	1000	expression_only			contact	model_weighted_spatial_ccc_score	coordinate_permutation	500	500	500	8.740885710689255e-05	8.740885710689255e-05	8.627045882412709e-05	1.1254484050130068e-06	1.0115064161935616	0.1048951048951049	1.0115064161935616	0.1048951048951049
artista_axolotl	artista_axolotl	Ambystoma mexicanum	30DPI	Stereo-seq cellbin	expression_only	9252	17	5000	0	1000	expression_only			contact	model_weighted_spatial_ccc_score	celltype_permutation	500	500	500	8.740885710689255e-05	8.740885710689255e-05	0.0001017008523676	2.3570787636375324e-05	-0.6063435588690843	0.6973026973026973	-0.6063435588690843	0.6973026973026973
artista_axolotl	artista_axolotl	Ambystoma mexicanum	30DPI	Stereo-seq cellbin	expression_only	9252	17	5000	0	1000	expression_only			contact	model_weighted_spatial_ccc_score	matched_random_lr	500	500	500	8.740885710689255e-05	8.740885710689255e-05	3.661171678938077e-05	2.239658947075293e-06	22.68074805936249	0.0009990009990009	22.68074805936249	0.0009990009990009
artista_axolotl	artista_axolotl	Ambystoma mexicanum	30DPI	Stereo-seq cellbin	expression_only	9252	17	5000	0	1000	expression_only			contact	model_weighted_spatial_ccc_score	score_permutation	500	500	500	8.740885710689255e-05	8.740885710689255e-05	7.152963447425271e-06	1.330257169013414e-06	60.33111155415844	0.0009990009990009	60.33111155415844	0.0009990009990009
artista_axolotl	artista_axolotl	Ambystoma mexicanum	30DPI	Stereo-seq cellbin	expression_only	9252	17	5000	0	1000	expression_only			contact	model_weighted_spatial_ccc_score	pooled	1000	1000	1000	4.458047054494146e-05	4.458047054494146e-05	2.991583649419121e-05	1.996280502861068e-05	0.7345978698751456	0.2011997000749812	0.7345978698751456	0.2011997000749812
artista_axolotl	artista_axolotl	Ambystoma mexicanum	30DPI	Stereo-seq cellbin	expression_only	9252	17	5000	0	1000	expression_only			contact	model_weighted_spatial_ccc_score	coordinate_permutation	1000	1000	1000	4.458047054494146e-05	4.458047054494146e-05	4.400256361426847e-05	5.736018180605775e-07	1.0075054026623795	0.1058941058941058	1.0075054026623795	0.1058941058941058
artista_axolotl	artista_axolotl	Ambystoma mexicanum	30DPI	Stereo-seq cellbin	expression_only	9252	17	5000	0	1000	expression_only			contact	model_weighted_spatial_ccc_score	celltype_permutation	1000	1000	1000	4.458047054494146e-05	4.458047054494146e-05	5.189446722567835e-05	1.2024232450348333e-05	-0.6082713978574996	0.6993006993006993	-0.6082713978574996	0.6993006993006993
artista_axolotl	artista_axolotl	Ambystoma mexicanum	30DPI	Stereo-seq cellbin	expression_only	9252	17	5000	0	1000	expression_only			contact	model_weighted_spatial_ccc_score	matched_random_lr	1000	1000	1000	4.458047054494146e-05	4.458047054494146e-05	1.9477340417207017e-05	1.1229171740731357e-06	22.3552820344517	0.0009990009990009	22.3552820344517	0.0009990009990009
artista_axolotl	artista_axolotl	Ambystoma mexicanum	30DPI	Stereo-seq cellbin	expression_only	9252	17	5000	0	1000	expression_only			contact	model_weighted_spatial_ccc_score	score_permutation	1000	1000	1000	4.458047054494146e-05	4.458047054494146e-05	4.288974719611006e-06	6.602805163901543e-07	61.02178517338311	0.0009990009990009	61.02178517338311	0.0009990009990009
artista_axolotl	artista_axolotl	Ambystoma mexicanum	30DPI	Stereo-seq cellbin	expression_only	9252	17	5000	0	1000	expression_only			contact	model_weighted_spatial_ccc_score	pooled	5000	5000	4022	1.1167689160819322e-05	1.1167689160819322e-05	7.5612846594649e-06	4.922859927447686e-06	0.7325832045812858	0.200699825043739	0.7325832045812858	0.200699825043739
artista_axolotl	artista_axolotl	Ambystoma mexicanum	30DPI	Stereo-seq cellbin	expression_only	9252	17	5000	0	1000	expression_only			contact	model_weighted_spatial_ccc_score	coordinate_permutation	5000	5000	4022	1.1167689160819322e-05	1.1167689160819322e-05	1.1023449264216704e-05	1.4361824932271713e-07	1.004328469973932	0.1058941058941058	1.004328469973932	0.1058941058941058
artista_axolotl	artista_axolotl	Ambystoma mexicanum	30DPI	Stereo-seq cellbin	expression_only	9252	17	5000	0	1000	expression_only			contact	model_weighted_spatial_ccc_score	celltype_permutation	5000	5000	4022	1.1167689160819322e-05	1.1167689160819322e-05	1.2992607569757858e-05	3.0101620761943497e-06	-0.6062525414730231	0.6973026973026973	-0.6062525414730231	0.6973026973026973
artista_axolotl	artista_axolotl	Ambystoma mexicanum	30DPI	Stereo-seq cellbin	expression_only	9252	17	5000	0	1000	expression_only			contact	model_weighted_spatial_ccc_score	matched_random_lr	5000	5000	4022	1.1167689160819322e-05	1.1167689160819322e-05	4.945434306975581e-06	2.791508539590625e-07	22.289936661831728	0.0009990009990009	22.289936661831728	0.0009990009990009
artista_axolotl	artista_axolotl	Ambystoma mexicanum	30DPI	Stereo-seq cellbin	expression_only	9252	17	5000	0	1000	expression_only			contact	model_weighted_spatial_ccc_score	score_permutation	5000	5000	4022	1.1167689160819322e-05	1.1167689160819322e-05	1.2836474969094597e-06	1.6208011894778297e-07	60.98244330073688	0.0009990009990009	60.98244330073688	0.0009990009990009
artista_axolotl	artista_axolotl	Ambystoma mexicanum	30DPI	Stereo-seq cellbin	expression_only	9252	17	5000	0	1000	expression_only			exp	spatial_ccc_score	pooled	100	100	100	0.0011481906069181	0.0011481906069181	0.0010153275528815	0.0003619014242389	0.3671249824891084	0.4368907773056736	0.3671249824891084	0.4368907773056736
artista_axolotl	artista_axolotl	Ambystoma mexicanum	30DPI	Stereo-seq cellbin	expression_only	9252	17	5000	0	1000	expression_only			exp	spatial_ccc_score	coordinate_permutation	100	100	100	0.0011481906069181	0.0011481906069181	0.0011324042408306	9.539550510307883e-06	1.654833324739259	0.0649350649350649	1.654833324739259	0.0649350649350649
artista_axolotl	artista_axolotl	Ambystoma mexicanum	30DPI	Stereo-seq cellbin	expression_only	9252	17	5000	0	1000	expression_only			exp	spatial_ccc_score	celltype_permutation	100	100	100	0.0011481906069181	0.0011481906069181	0.0013222623089898	0.0002939906076514	-0.5920995349553733	0.6833166833166833	-0.5920995349553733	0.6833166833166833
artista_axolotl	artista_axolotl	Ambystoma mexicanum	30DPI	Stereo-seq cellbin	expression_only	9252	17	5000	0	1000	expression_only			exp	spatial_ccc_score	matched_random_lr	100	100	100	0.0011481906069181	0.0011481906069181	0.0004584530547878	4.060279986776845e-05	16.987438166248886	0.0009990009990009	16.987438166248886	0.0009990009990009
artista_axolotl	artista_axolotl	Ambystoma mexicanum	30DPI	Stereo-seq cellbin	expression_only	9252	17	5000	0	1000	expression_only			exp	spatial_ccc_score	score_permutation	100	100	100	0.0011481906069181	0.0011481906069181	0.0011481906069181	0.0	0.0	1.0	0.0	1.0
artista_axolotl	artista_axolotl	Ambystoma mexicanum	30DPI	Stereo-seq cellbin	expression_only	9252	17	5000	0	1000	expression_only			exp	spatial_ccc_score	pooled	500	500	500	0.0004339002994837	0.0004339002994837	0.000425884732723	7.863453821305165e-05	0.1019344291061151	0.4371407148212947	0.1019344291061151	0.4371407148212947
artista_axolotl	artista_axolotl	Ambystoma mexicanum	30DPI	Stereo-seq cellbin	expression_only	9252	17	5000	0	1000	expression_only			exp	spatial_ccc_score	coordinate_permutation	500	500	500	0.0004339002994837	0.0004339002994837	0.0004281734883871	3.610884415822976e-06	1.5859857135057869	0.0679320679320679	1.5859857135057869	0.0679320679320679
artista_axolotl	artista_axolotl	Ambystoma mexicanum	30DPI	Stereo-seq cellbin	expression_only	9252	17	5000	0	1000	expression_only			exp	spatial_ccc_score	celltype_permutation	500	500	500	0.0004339002994837	0.0004339002994837	0.0004984998478307	0.0001105266879399	-0.5844701361366286	0.6813186813186813	-0.5844701361366286	0.6813186813186813
artista_axolotl	artista_axolotl	Ambystoma mexicanum	30DPI	Stereo-seq cellbin	expression_only	9252	17	5000	0	1000	expression_only			exp	spatial_ccc_score	matched_random_lr	500	500	500	0.0004339002994837	0.0004339002994837	0.0003429652951903	1.7106660261070192e-05	5.315766076235208	0.0009990009990009	5.315766076235208	0.0009990009990009
artista_axolotl	artista_axolotl	Ambystoma mexicanum	30DPI	Stereo-seq cellbin	expression_only	9252	17	5000	0	1000	expression_only			exp	spatial_ccc_score	score_permutation	500	500	500	0.0004339002994837	0.0004339002994837	0.0004339002994837	1.0847446804866718e-19	0.999499874937461	1.0	0.999499874937461	1.0
artista_axolotl	artista_axolotl	Ambystoma mexicanum	30DPI	Stereo-seq cellbin	expression_only	9252	17	5000	0	1000	expression_only			exp	spatial_ccc_score	pooled	1000	1000	1000	0.0002609644797496	0.0002609644797496	0.0002625449158306	4.183679378117451e-05	-0.0377762237060763	0.438140464883779	-0.0377762237060763	0.438140464883779
artista_axolotl	artista_axolotl	Ambystoma mexicanum	30DPI	Stereo-seq cellbin	expression_only	9252	17	5000	0	1000	expression_only			exp	spatial_ccc_score	coordinate_permutation	1000	1000	1000	0.0002609644797496	0.0002609644797496	0.0002575237174406	2.166000248215567e-06	1.5885327399436169	0.0679320679320679	1.5885327399436169	0.0679320679320679
artista_axolotl	artista_axolotl	Ambystoma mexicanum	30DPI	Stereo-seq cellbin	expression_only	9252	17	5000	0	1000	expression_only			exp	spatial_ccc_score	celltype_permutation	1000	1000	1000	0.0002609644797496	0.0002609644797496	0.0003007210717622	6.661236049826891e-05	-0.5968350575659559	0.6843156843156843	-0.5968350575659559	0.6843156843156843
artista_axolotl	artista_axolotl	Ambystoma mexicanum	30DPI	Stereo-seq cellbin	expression_only	9252	17	5000	0	1000	expression_only			exp	spatial_ccc_score	matched_random_lr	1000	1000	1000	0.0002609644797496	0.0002609644797496	0.0002309703943701	8.947808266004923e-06	3.352115343534677	0.0019980019980019	3.352115343534677	0.0019980019980019
artista_axolotl	artista_axolotl	Ambystoma mexicanum	30DPI	Stereo-seq cellbin	expression_only	9252	17	5000	0	1000	expression_only			exp	spatial_ccc_score	score_permutation	1000	1000	1000	0.0002609644797496	0.0002609644797496	0.0002609644797496	0.0	0.0	1.0	0.0	1.0
artista_axolotl	artista_axolotl	Ambystoma mexicanum	30DPI	Stereo-seq cellbin	expression_only	9252	17	5000	0	1000	expression_only			exp	spatial_ccc_score	pooled	5000	5000	4022	7.827996725091691e-05	7.827996725091691e-05	7.957735815853304e-05	1.14493167051724e-05	-0.1133160118655827	0.4411397150712322	-0.1133160118655827	0.4411397150712322
artista_axolotl	artista_axolotl	Ambystoma mexicanum	30DPI	Stereo-seq cellbin	expression_only	9252	17	5000	0	1000	expression_only			exp	spatial_ccc_score	coordinate_permutation	5000	5000	4022	7.827996725091691e-05	7.827996725091691e-05	7.726984132682727e-05	6.467333268402266e-07	1.5618893942343426	0.0699300699300699	1.5618893942343426	0.0699300699300699
artista_axolotl	artista_axolotl	Ambystoma mexicanum	30DPI	Stereo-seq cellbin	expression_only	9252	17	5000	0	1000	expression_only			exp	spatial_ccc_score	celltype_permutation	5000	5000	4022	7.827996725091691e-05	7.827996725091691e-05	8.903432183179131e-05	1.971139986093238e-05	-0.5455906052714868	0.6653346653346653	-0.5455906052714868	0.6653346653346653
artista_axolotl	artista_axolotl	Ambystoma mexicanum	30DPI	Stereo-seq cellbin	expression_only	9252	17	5000	0	1000	expression_only			exp	spatial_ccc_score	matched_random_lr	5000	5000	4022	7.827996725091691e-05	7.827996725091691e-05	7.372530222459667e-05	2.228030685813455e-06	2.044255967981575	0.0309690309690309	2.044255967981575	0.0309690309690309
artista_axolotl	artista_axolotl	Ambystoma mexicanum	30DPI	Stereo-seq cellbin	expression_only	9252	17	5000	0	1000	expression_only			exp	spatial_ccc_score	score_permutation	5000	5000	4022	7.827996725091691e-05	7.827996725091691e-05	7.827996725091692e-05	1.3559308506083394e-20	-0.999499874937461	1.0	-0.999499874937461	1.0
artista_axolotl	artista_axolotl	Ambystoma mexicanum	30DPI	Stereo-seq cellbin	expression_only	9252	17	5000	0	1000	expression_only			exp	model_weighted_spatial_ccc_score	pooled	100	100	100	0.0003922720964751	0.0003922720964751	0.0002442317477151	0.0001875001098157	0.7895480642939149	0.1887028242939265	0.7895480642939149	0.1887028242939265
artista_axolotl	artista_axolotl	Ambystoma mexicanum	30DPI	Stereo-seq cellbin	expression_only	9252	17	5000	0	1000	expression_only			exp	model_weighted_spatial_ccc_score	coordinate_permutation	100	100	100	0.0003922720964751	0.0003922720964751	0.0003868743943727	3.2549518253565147e-06	1.6583047590204334	0.0639360639360639	1.6583047590204334	0.0639360639360639
artista_axolotl	artista_axolotl	Ambystoma mexicanum	30DPI	Stereo-seq cellbin	expression_only	9252	17	5000	0	1000	expression_only			exp	model_weighted_spatial_ccc_score	celltype_permutation	100	100	100	0.0003922720964751	0.0003922720964751	0.0004529195426098	0.0001006100786176	-0.602796926192283	0.6913086913086913	-0.602796926192283	0.6913086913086913
artista_axolotl	artista_axolotl	Ambystoma mexicanum	30DPI	Stereo-seq cellbin	expression_only	9252	17	5000	0	1000	expression_only			exp	model_weighted_spatial_ccc_score	matched_random_lr	100	100	100	0.0003922720964751	0.0003922720964751	0.0001170149923051	1.0756308915183085e-05	25.590293690943	0.0009990009990009	25.590293690943	0.0009990009990009
artista_axolotl	artista_axolotl	Ambystoma mexicanum	30DPI	Stereo-seq cellbin	expression_only	9252	17	5000	0	1000	expression_only			exp	model_weighted_spatial_ccc_score	score_permutation	100	100	100	0.0003922720964751	0.0003922720964751	2.011806157308353e-05	6.561386750129162e-06	56.71880794021693	0.0009990009990009	56.71880794021693	0.0009990009990009
artista_axolotl	artista_axolotl	Ambystoma mexicanum	30DPI	Stereo-seq cellbin	expression_only	9252	17	5000	0	1000	expression_only			exp	model_weighted_spatial_ccc_score	pooled	500	500	500	9.213682071976896e-05	9.213682071976896e-05	6.082065597862541e-05	4.141684022012605e-05	0.7561215335284268	0.1877030742314421	0.7561215335284268	0.1877030742314421
artista_axolotl	artista_axolotl	Ambystoma mexicanum	30DPI	Stereo-seq cellbin	expression_only	9252	17	5000	0	1000	expression_only			exp	model_weighted_spatial_ccc_score	coordinate_permutation	500	500	500	9.213682071976896e-05	9.213682071976896e-05	9.087734077855071e-05	7.637870572023378e-07	1.6489935635091104	0.0639360639360639	1.6489935635091104	0.0639360639360639
artista_axolotl	artista_axolotl	Ambystoma mexicanum	30DPI	Stereo-seq cellbin	expression_only	9252	17	5000	0	1000	expression_only			exp	model_weighted_spatial_ccc_score	celltype_permutation	500	500	500	9.213682071976896e-05	9.213682071976896e-05	0.0001062344657204	2.356798733922268e-05	-0.5981692368461863	0.6873126873126874	-0.5981692368461863	0.6873126873126874
artista_axolotl	artista_axolotl	Ambystoma mexicanum	30DPI	Stereo-seq cellbin	expression_only	9252	17	5000	0	1000	expression_only			exp	model_weighted_spatial_ccc_score	matched_random_lr	500	500	500	9.213682071976896e-05	9.213682071976896e-05	3.862580055023702e-05	2.355107107379717e-06	22.721268175810515	0.0009990009990009	22.721268175810515	0.0009990009990009
artista_axolotl	artista_axolotl	Ambystoma mexicanum	30DPI	Stereo-seq cellbin	expression_only	9252	17	5000	0	1000	expression_only			exp	model_weighted_spatial_ccc_score	score_permutation	500	500	500	9.213682071976896e-05	9.213682071976896e-05	7.545016865241523e-06	1.4011172134235767e-06	60.37453757907274	0.0009990009990009	60.37453757907274	0.0009990009990009
artista_axolotl	artista_axolotl	Ambystoma mexicanum	30DPI	Stereo-seq cellbin	expression_only	9252	17	5000	0	1000	expression_only			exp	model_weighted_spatial_ccc_score	pooled	1000	1000	1000	4.6996047978516825e-05	4.6996047978516825e-05	3.1409974692772914e-05	2.079988116915912e-05	0.7493347273951764	0.1879530117470632	0.7493347273951764	0.1879530117470632
artista_axolotl	artista_axolotl	Ambystoma mexicanum	30DPI	Stereo-seq cellbin	expression_only	9252	17	5000	0	1000	expression_only			exp	model_weighted_spatial_ccc_score	coordinate_permutation	1000	1000	1000	4.6996047978516825e-05	4.6996047978516825e-05	4.635391913475321e-05	3.893780191962209e-07	1.6491142594261885	0.0649350649350649	1.6491142594261885	0.0649350649350649
artista_axolotl	artista_axolotl	Ambystoma mexicanum	30DPI	Stereo-seq cellbin	expression_only	9252	17	5000	0	1000	expression_only			exp	model_weighted_spatial_ccc_score	celltype_permutation	1000	1000	1000	4.6996047978516825e-05	4.6996047978516825e-05	5.420777763317655e-05	1.2022780524460214e-05	-0.5998387511098232	0.6873126873126874	-0.5998387511098232	0.6873126873126874
artista_axolotl	artista_axolotl	Ambystoma mexicanum	30DPI	Stereo-seq cellbin	expression_only	9252	17	5000	0	1000	expression_only			exp	model_weighted_spatial_ccc_score	matched_random_lr	1000	1000	1000	4.6996047978516825e-05	4.6996047978516825e-05	2.0551482245756847e-05	1.180749386337745e-06	22.39642555714672	0.0009990009990009	22.39642555714672	0.0009990009990009
artista_axolotl	artista_axolotl	Ambystoma mexicanum	30DPI	Stereo-seq cellbin	expression_only	9252	17	5000	0	1000	expression_only			exp	model_weighted_spatial_ccc_score	score_permutation	1000	1000	1000	4.6996047978516825e-05	4.6996047978516825e-05	4.526719757405048e-06	6.954018526536264e-07	61.07163514024369	0.0009990009990009	61.07163514024369	0.0009990009990009
artista_axolotl	artista_axolotl	Ambystoma mexicanum	30DPI	Stereo-seq cellbin	expression_only	9252	17	5000	0	1000	expression_only			exp	model_weighted_spatial_ccc_score	pooled	5000	5000	4022	1.1773003650383578e-05	1.1773003650383578e-05	7.93942526269757e-06	5.127654937061467e-06	0.747627996567752	0.1879530117470632	0.747627996567752	0.1879530117470632
artista_axolotl	artista_axolotl	Ambystoma mexicanum	30DPI	Stereo-seq cellbin	expression_only	9252	17	5000	0	1000	expression_only			exp	model_weighted_spatial_ccc_score	coordinate_permutation	5000	5000	4022	1.1773003650383578e-05	1.1773003650383578e-05	1.1612349991900982e-05	9.75119898726715e-08	1.6475272291373972	0.0649350649350649	1.6475272291373972	0.0649350649350649
artista_axolotl	artista_axolotl	Ambystoma mexicanum	30DPI	Stereo-seq cellbin	expression_only	9252	17	5000	0	1000	expression_only			exp	model_weighted_spatial_ccc_score	celltype_permutation	5000	5000	4022	1.1773003650383578e-05	1.1773003650383578e-05	1.3571779063897008e-05	3.009799543393296e-06	-0.5976396060866771	0.6873126873126874	-0.5976396060866771	0.6873126873126874
artista_axolotl	artista_axolotl	Ambystoma mexicanum	30DPI	Stereo-seq cellbin	expression_only	9252	17	5000	0	1000	expression_only			exp	model_weighted_spatial_ccc_score	matched_random_lr	5000	5000	4022	1.1773003650383578e-05	1.1773003650383578e-05	5.218456607688129e-06	2.935257085442562e-07	22.33040190994783	0.0009990009990009	22.33040190994783	0.0009990009990009
artista_axolotl	artista_axolotl	Ambystoma mexicanum	30DPI	Stereo-seq cellbin	expression_only	9252	17	5000	0	1000	expression_only			exp	model_weighted_spatial_ccc_score	score_permutation	5000	5000	4022	1.1773003650383578e-05	1.1773003650383578e-05	1.3551153873041595e-06	1.706454278038239e-07	61.04991148696906	0.0009990009990009	61.04991148696906	0.0009990009990009
sota_soybean	sota_soybean	Glycine max	SAM	Stereo-seq cellbin + snRNA-seq	dbfree	2239	5	5000	0	1000	model			contact	spatial_ccc_score	pooled	100	100	100	0.0004033875927889	0.0004033875927889	0.0003180023843605	5.894715518320165e-05	1.4485043114135605	0.250687328167958	1.4485043114135605	0.250687328167958
sota_soybean	sota_soybean	Glycine max	SAM	Stereo-seq cellbin + snRNA-seq	dbfree	2239	5	5000	0	1000	model			contact	spatial_ccc_score	coordinate_permutation	100	100	100	0.0004033875927889	0.0004033875927889	0.0003290898839002	1.1572423020598128e-05	6.420237901474419	0.0009990009990009	6.420237901474419	0.0009990009990009
sota_soybean	sota_soybean	Glycine max	SAM	Stereo-seq cellbin + snRNA-seq	dbfree	2239	5	5000	0	1000	model			contact	spatial_ccc_score	celltype_permutation	100	100	100	0.0004033875927889	0.0004033875927889	0.0002755630221063	3.1897729867199234e-05	4.007325010737003	0.0029970029970029	4.007325010737003	0.0029970029970029
sota_soybean	sota_soybean	Glycine max	SAM	Stereo-seq cellbin + snRNA-seq	dbfree	2239	5	5000	0	1000	model			contact	spatial_ccc_score	matched_random_lr	100	100	100	0.0004033875927889	0.0004033875927889	0.0002639690386465	2.473261431346091e-05	5.637032639390176	0.0009990009990009	5.637032639390176	0.0009990009990009
sota_soybean	sota_soybean	Glycine max	SAM	Stereo-seq cellbin + snRNA-seq	dbfree	2239	5	5000	0	1000	model			contact	spatial_ccc_score	score_permutation	100	100	100	0.0004033875927889	0.0004033875927889	0.0004033875927889	5.423723402433359e-20	0.999499874937461	1.0	0.999499874937461	1.0
sota_soybean	sota_soybean	Glycine max	SAM	Stereo-seq cellbin + snRNA-seq	dbfree	2239	5	5000	0	1000	model			contact	spatial_ccc_score	pooled	500	500	500	0.0003004636444516	0.0003004636444516	0.0002440890753584	3.778156552891656e-05	1.4921183996500218	0.2509372656835791	1.4921183996500218	0.2509372656835791
sota_soybean	sota_soybean	Glycine max	SAM	Stereo-seq cellbin + snRNA-seq	dbfree	2239	5	5000	0	1000	model			contact	spatial_ccc_score	coordinate_permutation	500	500	500	0.0003004636444516	0.0003004636444516	0.0002473649464716	8.403239678796503e-06	6.318836545155435	0.0009990009990009	6.318836545155435	0.0009990009990009
sota_soybean	sota_soybean	Glycine max	SAM	Stereo-seq cellbin + snRNA-seq	dbfree	2239	5	5000	0	1000	model			contact	spatial_ccc_score	celltype_permutation	500	500	500	0.0003004636444516	0.0003004636444516	0.0002202688876035	2.1319549347523173e-05	3.761559662493516	0.0039960039960039	3.761559662493516	0.0039960039960039
sota_soybean	sota_soybean	Glycine max	SAM	Stereo-seq cellbin + snRNA-seq	dbfree	2239	5	5000	0	1000	model			contact	spatial_ccc_score	matched_random_lr	500	500	500	0.0003004636444516	0.0003004636444516	0.0002082588229068	1.1994123406097262e-05	7.687499821619506	0.0009990009990009	7.687499821619506	0.0009990009990009
sota_soybean	sota_soybean	Glycine max	SAM	Stereo-seq cellbin + snRNA-seq	dbfree	2239	5	5000	0	1000	model			contact	spatial_ccc_score	score_permutation	500	500	500	0.0003004636444516	0.0003004636444516	0.0003004636444516	0.0	0.0	1.0	0.0	1.0
sota_soybean	sota_soybean	Glycine max	SAM	Stereo-seq cellbin + snRNA-seq	dbfree	2239	5	5000	0	1000	model			contact	spatial_ccc_score	pooled	1000	1000	1000	0.0002402090588321	0.0002402090588321	0.000198839751546	2.7236386696079564e-05	1.518898514245365	0.2509372656835791	1.518898514245365	0.2509372656835791
sota_soybean	sota_soybean	Glycine max	SAM	Stereo-seq cellbin + snRNA-seq	dbfree	2239	5	5000	0	1000	model			contact	spatial_ccc_score	coordinate_permutation	1000	1000	1000	0.0002402090588321	0.0002402090588321	0.0001988682873612	6.557922907503555e-06	6.3039428877091845	0.0009990009990009	6.3039428877091845	0.0009990009990009
sota_soybean	sota_soybean	Glycine max	SAM	Stereo-seq cellbin + snRNA-seq	dbfree	2239	5	5000	0	1000	model			contact	spatial_ccc_score	celltype_permutation	1000	1000	1000	0.0002402090588321	0.0002402090588321	0.0001848436802261	1.44183148958562e-05	3.839934070371113	0.0039960039960039	3.839934070371113	0.0039960039960039
sota_soybean	sota_soybean	Glycine max	SAM	Stereo-seq cellbin + snRNA-seq	dbfree	2239	5	5000	0	1000	model			contact	spatial_ccc_score	matched_random_lr	1000	1000	1000	0.0002402090588321	0.0002402090588321	0.0001714379797645	7.601857443766338e-06	9.046615195856331	0.0009990009990009	9.046615195856331	0.0009990009990009
sota_soybean	sota_soybean	Glycine max	SAM	Stereo-seq cellbin + snRNA-seq	dbfree	2239	5	5000	0	1000	model			contact	spatial_ccc_score	score_permutation	1000	1000	1000	0.0002402090588321	0.0002402090588321	0.0002402090588321	2.7118617012166795e-20	0.999499874937461	1.0	0.999499874937461	1.0
sota_soybean	sota_soybean	Glycine max	SAM	Stereo-seq cellbin + snRNA-seq	dbfree	2239	5	5000	0	1000	model			contact	spatial_ccc_score	pooled	5000	5000	2030	0.0001730104107883	0.0001730104107883	0.0001482103820402	1.5675841442169276e-05	1.582054069603671	0.2511872031992002	1.582054069603671	0.2511872031992002
sota_soybean	sota_soybean	Glycine max	SAM	Stereo-seq cellbin + snRNA-seq	dbfree	2239	5	5000	0	1000	model			contact	spatial_ccc_score	coordinate_permutation	5000	5000	2030	0.0001730104107883	0.0001730104107883	0.000144032434883	4.639739243129654e-06	6.245604415836987	0.0009990009990009	6.245604415836987	0.0009990009990009
sota_soybean	sota_soybean	Glycine max	SAM	Stereo-seq cellbin + snRNA-seq	dbfree	2239	5	5000	0	1000	model			contact	spatial_ccc_score	celltype_permutation	5000	5000	2030	0.0001730104107883	0.0001730104107883	0.0001373325807209	9.63035643738937e-06	3.704725811479976	0.0049950049950049	3.704725811479976	0.0049950049950049
sota_soybean	sota_soybean	Glycine max	SAM	Stereo-seq cellbin + snRNA-seq	dbfree	2239	5	5000	0	1000	model			contact	spatial_ccc_score	matched_random_lr	5000	5000	2030	0.0001730104107883	0.0001730104107883	0.0001384661017686	4.7722279408635255e-06	7.238612540657681	0.0009990009990009	7.238612540657681	0.0009990009990009
sota_soybean	sota_soybean	Glycine max	SAM	Stereo-seq cellbin + snRNA-seq	dbfree	2239	5	5000	0	1000	model			contact	spatial_ccc_score	score_permutation	5000	5000	2030	0.0001730104107883	0.0001730104107883	0.0001730104107883	0.0	0.0	1.0	0.0	1.0
sota_soybean	sota_soybean	Glycine max	SAM	Stereo-seq cellbin + snRNA-seq	dbfree	2239	5	5000	0	1000	model			contact	model_weighted_spatial_ccc_score	pooled	100	100	100	0.000355570321494	0.000355570321494	0.000267782390236	3.5610838401929926e-05	2.4652025955462924	0.0007498125468632	2.4652025955462924	0.0007498125468632
sota_soybean	sota_soybean	Glycine max	SAM	Stereo-seq cellbin + snRNA-seq	dbfree	2239	5	5000	0	1000	model			contact	model_weighted_spatial_ccc_score	coordinate_permutation	100	100	100	0.000355570321494	0.000355570321494	0.0002901331260649	1.0196044639224151e-05	6.41790005286354	0.0009990009990009	6.41790005286354	0.0009990009990009
sota_soybean	sota_soybean	Glycine max	SAM	Stereo-seq cellbin + snRNA-seq	dbfree	2239	5	5000	0	1000	model			contact	model_weighted_spatial_ccc_score	celltype_permutation	100	100	100	0.000355570321494	0.000355570321494	0.000243243732043	2.805947766312984e-05	4.003160386645105	0.0029970029970029	4.003160386645105	0.0029970029970029
sota_soybean	sota_soybean	Glycine max	SAM	Stereo-seq cellbin + snRNA-seq	dbfree	2239	5	5000	0	1000	model			contact	model_weighted_spatial_ccc_score	matched_random_lr	100	100	100	0.000355570321494	0.000355570321494	0.0002329729697249	2.2166660588899748e-05	5.530709115042252	0.0009990009990009	5.530709115042252	0.0009990009990009
sota_soybean	sota_soybean	Glycine max	SAM	Stereo-seq cellbin + snRNA-seq	dbfree	2239	5	5000	0	1000	model			contact	model_weighted_spatial_ccc_score	score_permutation	100	100	100	0.000355570321494	0.000355570321494	0.0003047797331111	2.791923246755917e-06	18.19197158873881	0.0009990009990009	18.19197158873881	0.0009990009990009
sota_soybean	sota_soybean	Glycine max	SAM	Stereo-seq cellbin + snRNA-seq	dbfree	2239	5	5000	0	1000	model			contact	model_weighted_spatial_ccc_score	pooled	500	500	500	0.0002511491920601	0.0002511491920601	0.0001977938904219	2.3362535173976577e-05	2.2837975947760984	0.0009997500624843	2.2837975947760984	0.0009997500624843
sota_soybean	sota_soybean	Glycine max	SAM	Stereo-seq cellbin + snRNA-seq	dbfree	2239	5	5000	0	1000	model			contact	model_weighted_spatial_ccc_score	coordinate_permutation	500	500	500	0.0002511491920601	0.0002511491920601	0.0002067346912516	7.0278615514823404e-06	6.319774583369469	0.0009990009990009	6.319774583369469	0.0009990009990009
sota_soybean	sota_soybean	Glycine max	SAM	Stereo-seq cellbin + snRNA-seq	dbfree	2239	5	5000	0	1000	model			contact	model_weighted_spatial_ccc_score	celltype_permutation	500	500	500	0.0002511491920601	0.0002511491920601	0.0001839149680663	1.786329173345558e-05	3.763820520707879	0.0039960039960039	3.763820520707879	0.0039960039960039
sota_soybean	sota_soybean	Glycine max	SAM	Stereo-seq cellbin + snRNA-seq	dbfree	2239	5	5000	0	1000	model			contact	model_weighted_spatial_ccc_score	matched_random_lr	500	500	500	0.0002511491920601	0.0002511491920601	0.0001735260074019	9.95367356046804e-06	7.798445889009698	0.0009990009990009	7.798445889009698	0.0009990009990009
sota_soybean	sota_soybean	Glycine max	SAM	Stereo-seq cellbin + snRNA-seq	dbfree	2239	5	5000	0	1000	model			contact	model_weighted_spatial_ccc_score	score_permutation	500	500	500	0.0002511491920601	0.0002511491920601	0.0002269998949677	1.0526931460710434e-06	22.940490476722005	0.0009990009990009	22.940490476722005	0.0009990009990009
sota_soybean	sota_soybean	Glycine max	SAM	Stereo-seq cellbin + snRNA-seq	dbfree	2239	5	5000	0	1000	model			contact	model_weighted_spatial_ccc_score	pooled	1000	1000	1000	0.0001942098813588	0.0001942098813588	0.0001572642797475	1.7645337679902742e-05	2.0937883015586207	0.0009997500624843	2.0937883015586207	0.0009997500624843
sota_soybean	sota_soybean	Glycine max	SAM	Stereo-seq cellbin + snRNA-seq	dbfree	2239	5	5000	0	1000	model			contact	model_weighted_spatial_ccc_score	coordinate_permutation	1000	1000	1000	0.0001942098813588	0.0001942098813588	0.0001607214402172	5.31131916912926e-06	6.30510802968796	0.0009990009990009	6.30510802968796	0.0009990009990009
sota_soybean	sota_soybean	Glycine max	SAM	Stereo-seq cellbin + snRNA-seq	dbfree	2239	5	5000	0	1000	model			contact	model_weighted_spatial_ccc_score	celltype_permutation	1000	1000	1000	0.0001942098813588	0.0001942098813588	0.0001489484433486	1.1768108537624822e-05	3.846109837058664	0.0039960039960039	3.846109837058664	0.0039960039960039
sota_soybean	sota_soybean	Glycine max	SAM	Stereo-seq cellbin + snRNA-seq	dbfree	2239	5	5000	0	1000	model			contact	model_weighted_spatial_ccc_score	matched_random_lr	1000	1000	1000	0.0001942098813588	0.0001942098813588	0.0001379243669083	6.111919651659275e-06	9.209138479947548	0.0009990009990009	9.209138479947548	0.0009990009990009
sota_soybean	sota_soybean	Glycine max	SAM	Stereo-seq cellbin + snRNA-seq	dbfree	2239	5	5000	0	1000	model			contact	model_weighted_spatial_ccc_score	score_permutation	1000	1000	1000	0.0001942098813588	0.0001942098813588	0.0001814628685159	7.496353643317282e-07	17.004284281868884	0.0009990009990009	17.004284281868884	0.0009990009990009
sota_soybean	sota_soybean	Glycine max	SAM	Stereo-seq cellbin + snRNA-seq	dbfree	2239	5	5000	0	1000	model			contact	model_weighted_spatial_ccc_score	pooled	5000	5000	2030	0.0001351850020259	0.0001351850020259	0.0001142298121182	1.0797924418651765e-05	1.94066832617034	0.0012496875781054	1.94066832617034	0.0012496875781054
sota_soybean	sota_soybean	Glycine max	SAM	Stereo-seq cellbin + snRNA-seq	dbfree	2239	5	5000	0	1000	model			contact	model_weighted_spatial_ccc_score	coordinate_permutation	5000	5000	2030	0.0001351850020259	0.0001351850020259	0.0001124647537773	3.6347816491613354e-06	6.250787651536186	0.0009990009990009	6.250787651536186	0.0009990009990009
sota_soybean	sota_soybean	Glycine max	SAM	Stereo-seq cellbin + snRNA-seq	dbfree	2239	5	5000	0	1000	model			contact	model_weighted_spatial_ccc_score	celltype_permutation	5000	5000	2030	0.0001351850020259	0.0001351850020259	0.0001068150613809	7.59691070133562e-06	3.734404912781081	0.0049950049950049	3.734404912781081	0.0049950049950049
sota_soybean	sota_soybean	Glycine max	SAM	Stereo-seq cellbin + snRNA-seq	dbfree	2239	5	5000	0	1000	model			contact	model_weighted_spatial_ccc_score	matched_random_lr	5000	5000	2030	0.0001351850020259	0.0001351850020259	0.0001069582367704	3.696652250306159e-06	7.635764292729364	0.0009990009990009	7.635764292729364	0.0009990009990009
sota_soybean	sota_soybean	Glycine max	SAM	Stereo-seq cellbin + snRNA-seq	dbfree	2239	5	5000	0	1000	model			contact	model_weighted_spatial_ccc_score	score_permutation	5000	5000	2030	0.0001351850020259	0.0001351850020259	0.0001306811965444	3.756036672324768e-07	11.990845336148258	0.0009990009990009	11.990845336148258	0.0009990009990009
sota_soybean	sota_soybean	Glycine max	SAM	Stereo-seq cellbin + snRNA-seq	dbfree	2239	5	5000	0	1000	model			exp	spatial_ccc_score	pooled	100	100	100	0.0004211448696928	0.0004211448696928	0.0003431354185452	5.779256977401667e-05	1.3498180034661105	0.250687328167958	1.3498180034661105	0.250687328167958
sota_soybean	sota_soybean	Glycine max	SAM	Stereo-seq cellbin + snRNA-seq	dbfree	2239	5	5000	0	1000	model			exp	spatial_ccc_score	coordinate_permutation	100	100	100	0.0004211448696928	0.0004211448696928	0.0003627176887147	6.205393665559453e-06	9.415547848694125	0.0009990009990009	9.415547848694125	0.0009990009990009
sota_soybean	sota_soybean	Glycine max	SAM	Stereo-seq cellbin + snRNA-seq	dbfree	2239	5	5000	0	1000	model			exp	spatial_ccc_score	celltype_permutation	100	100	100	0.0004211448696928	0.0004211448696928	0.0003078645964124	3.2241263811644e-05	3.513518388800683	0.0029970029970029	3.513518388800683	0.0029970029970029
sota_soybean	sota_soybean	Glycine max	SAM	Stereo-seq cellbin + snRNA-seq	dbfree	2239	5	5000	0	1000	model			exp	spatial_ccc_score	matched_random_lr	100	100	100	0.0004211448696928	0.0004211448696928	0.000280814519361	2.614335171627245e-05	5.367726061091344	0.0009990009990009	5.367726061091344	0.0009990009990009
sota_soybean	sota_soybean	Glycine max	SAM	Stereo-seq cellbin + snRNA-seq	dbfree	2239	5	5000	0	1000	model			exp	spatial_ccc_score	score_permutation	100	100	100	0.0004211448696928	0.0004211448696928	0.0004211448696928	5.423723402433359e-20	-0.999499874937461	1.0	-0.999499874937461	1.0
sota_soybean	sota_soybean	Glycine max	SAM	Stereo-seq cellbin + snRNA-seq	dbfree	2239	5	5000	0	1000	model			exp	spatial_ccc_score	pooled	500	500	500	0.0003152276435316	0.0003152276435316	0.0002639484304749	3.71016868624234e-05	1.3821261886774363	0.2514371407148213	1.3821261886774363	0.2514371407148213
sota_soybean	sota_soybean	Glycine max	SAM	Stereo-seq cellbin + snRNA-seq	dbfree	2239	5	5000	0	1000	model			exp	spatial_ccc_score	coordinate_permutation	500	500	500	0.0003152276435316	0.0003152276435316	0.0002733741515828	4.521176301497805e-06	9.257212981244848	0.0009990009990009	9.257212981244848	0.0009990009990009
sota_soybean	sota_soybean	Glycine max	SAM	Stereo-seq cellbin + snRNA-seq	dbfree	2239	5	5000	0	1000	model			exp	spatial_ccc_score	celltype_permutation	500	500	500	0.0003152276435316	0.0003152276435316	0.000246109594602	2.1227626654396524e-05	3.256042234717687	0.0059940059940059	3.256042234717687	0.0059940059940059
sota_soybean	sota_soybean	Glycine max	SAM	Stereo-seq cellbin + snRNA-seq	dbfree	2239	5	5000	0	1000	model			exp	spatial_ccc_score	matched_random_lr	500	500	500	0.0003152276435316	0.0003152276435316	0.0002210823321832	1.2657562060985317e-05	7.43787080756965	0.0009990009990009	7.43787080756965	0.0009990009990009
sota_soybean	sota_soybean	Glycine max	SAM	Stereo-seq cellbin + snRNA-seq	dbfree	2239	5	5000	0	1000	model			exp	spatial_ccc_score	score_permutation	500	500	500	0.0003152276435316	0.0003152276435316	0.0003152276435316	5.423723402433359e-20	0.999499874937461	1.0	0.999499874937461	1.0
sota_soybean	sota_soybean	Glycine max	SAM	Stereo-seq cellbin + snRNA-seq	dbfree	2239	5	5000	0	1000	model			exp	spatial_ccc_score	pooled	1000	1000	1000	0.000252822345272	0.000252822345272	0.0002152787654103	2.69970782173418e-05	1.3906534462520443	0.2516870782304424	1.3906534462520443	0.2516870782304424
sota_soybean	sota_soybean	Glycine max	SAM	Stereo-seq cellbin + snRNA-seq	dbfree	2239	5	5000	0	1000	model			exp	spatial_ccc_score	coordinate_permutation	1000	1000	1000	0.000252822345272	0.000252822345272	0.0002201328782066	3.5321892636962195e-06	9.254732582231084	0.0009990009990009	9.254732582231084	0.0009990009990009
sota_soybean	sota_soybean	Glycine max	SAM	Stereo-seq cellbin + snRNA-seq	dbfree	2239	5	5000	0	1000	model			exp	spatial_ccc_score	celltype_permutation	1000	1000	1000	0.000252822345272	0.000252822345272	0.0002065508353588	1.3972539207176296e-05	3.311603512226033	0.0069930069930069	3.311603512226033	0.0069930069930069
sota_soybean	sota_soybean	Glycine max	SAM	Stereo-seq cellbin + snRNA-seq	dbfree	2239	5	5000	0	1000	model			exp	spatial_ccc_score	matched_random_lr	1000	1000	1000	0.000252822345272	0.000252822345272	0.0001816090028038	8.018191613244248e-06	8.881471771086602	0.0009990009990009	8.881471771086602	0.0009990009990009
sota_soybean	sota_soybean	Glycine max	SAM	Stereo-seq cellbin + snRNA-seq	dbfree	2239	5	5000	0	1000	model			exp	spatial_ccc_score	score_permutation	1000	1000	1000	0.000252822345272	0.000252822345272	0.000252822345272	1.0847446804866718e-19	0.999499874937461	1.0	0.999499874937461	1.0
sota_soybean	sota_soybean	Glycine max	SAM	Stereo-seq cellbin + snRNA-seq	dbfree	2239	5	5000	0	1000	model			exp	spatial_ccc_score	pooled	5000	5000	2030	0.0001825396768226	0.0001825396768226	0.00016057159394	1.452908933650236e-05	1.5120068693783568	0.2526868282929267	1.5120068693783568	0.2526868282929267
sota_soybean	sota_soybean	Glycine max	SAM	Stereo-seq cellbin + snRNA-seq	dbfree	2239	5	5000	0	1000	model			exp	spatial_ccc_score	coordinate_permutation	5000	5000	2030	0.0001825396768226	0.0001825396768226	0.0001596513898129	2.5043311113151485e-06	9.139481159774402	0.0009990009990009	9.139481159774402	0.0009990009990009
sota_soybean	sota_soybean	Glycine max	SAM	Stereo-seq cellbin + snRNA-seq	dbfree	2239	5	5000	0	1000	model			exp	spatial_ccc_score	celltype_permutation	5000	5000	2030	0.0001825396768226	0.0001825396768226	0.0001534692589179	9.17077108390923e-06	3.1698989800017845	0.0109890109890109	3.1698989800017845	0.0109890109890109
sota_soybean	sota_soybean	Glycine max	SAM	Stereo-seq cellbin + snRNA-seq	dbfree	2239	5	5000	0	1000	model			exp	spatial_ccc_score	matched_random_lr	5000	5000	2030	0.0001825396768226	0.0001825396768226	0.0001466260502066	5.054014304010206e-06	7.105960619759596	0.0009990009990009	7.105960619759596	0.0009990009990009
sota_soybean	sota_soybean	Glycine max	SAM	Stereo-seq cellbin + snRNA-seq	dbfree	2239	5	5000	0	1000	model			exp	spatial_ccc_score	score_permutation	5000	5000	2030	0.0001825396768226	0.0001825396768226	0.0001825396768226	5.423723402433359e-20	-1.4992498124061913	1.0	-1.4992498124061913	1.0
sota_soybean	sota_soybean	Glycine max	SAM	Stereo-seq cellbin + snRNA-seq	dbfree	2239	5	5000	0	1000	model			exp	model_weighted_spatial_ccc_score	pooled	100	100	100	0.0003712596123959	0.0003712596123959	0.0002893960335006	3.599875578936379e-05	2.274066897598114	0.0007498125468632	2.274066897598114	0.0007498125468632
sota_soybean	sota_soybean	Glycine max	SAM	Stereo-seq cellbin + snRNA-seq	dbfree	2239	5	5000	0	1000	model			exp	model_weighted_spatial_ccc_score	coordinate_permutation	100	100	100	0.0003712596123959	0.0003712596123959	0.0003197978234619	5.467518705345276e-06	9.4122748741102	0.0009990009990009	9.4122748741102	0.0009990009990009
sota_soybean	sota_soybean	Glycine max	SAM	Stereo-seq cellbin + snRNA-seq	dbfree	2239	5	5000	0	1000	model			exp	model_weighted_spatial_ccc_score	celltype_permutation	100	100	100	0.0003712596123959	0.0003712596123959	0.0002717571981302	2.835369960484999e-05	3.509327377112651	0.0029970029970029	3.509327377112651	0.0029970029970029
sota_soybean	sota_soybean	Glycine max	SAM	Stereo-seq cellbin + snRNA-seq	dbfree	2239	5	5000	0	1000	model			exp	model_weighted_spatial_ccc_score	matched_random_lr	100	100	100	0.0003712596123959	0.0003712596123959	0.0002478326173791	2.343257821903099e-05	5.2673245710809065	0.0009990009990009	5.2673245710809065	0.0009990009990009
sota_soybean	sota_soybean	Glycine max	SAM	Stereo-seq cellbin + snRNA-seq	dbfree	2239	5	5000	0	1000	model			exp	model_weighted_spatial_ccc_score	score_permutation	100	100	100	0.0003712596123959	0.0003712596123959	0.0003181964950313	2.90583284487331e-06	18.260898061705827	0.0009990009990009	18.260898061705827	0.0009990009990009
sota_soybean	sota_soybean	Glycine max	SAM	Stereo-seq cellbin + snRNA-seq	dbfree	2239	5	5000	0	1000	model			exp	model_weighted_spatial_ccc_score	pooled	500	500	500	0.0002634685595603	0.0002634685595603	0.0002140818398978	2.342153526102448e-05	2.1086030062539085	0.0014996250937265	2.1086030062539085	0.0014996250937265
sota_soybean	sota_soybean	Glycine max	SAM	Stereo-seq cellbin + snRNA-seq	dbfree	2239	5	5000	0	1000	model			exp	model_weighted_spatial_ccc_score	coordinate_permutation	500	500	500	0.0002634685595603	0.0002634685595603	0.0002284623090188	3.780902407388424e-06	9.258702492047783	0.0009990009990009	9.258702492047783	0.0009990009990009
sota_soybean	sota_soybean	Glycine max	SAM	Stereo-seq cellbin + snRNA-seq	dbfree	2239	5	5000	0	1000	model			exp	model_weighted_spatial_ccc_score	celltype_permutation	500	500	500	0.0002634685595603	0.0002634685595603	0.0002054904348122	1.7791883055231124e-05	3.25868400596401	0.0059940059940059	3.25868400596401	0.0059940059940059
sota_soybean	sota_soybean	Glycine max	SAM	Stereo-seq cellbin + snRNA-seq	dbfree	2239	5	5000	0	1000	model			exp	model_weighted_spatial_ccc_score	matched_random_lr	500	500	500	0.0002634685595603	0.0002634685595603	0.0001842207009175	1.0504229560275745e-05	7.54437611897817	0.0009990009990009	7.54437611897817	0.0009990009990009
sota_soybean	sota_soybean	Glycine max	SAM	Stereo-seq cellbin + snRNA-seq	dbfree	2239	5	5000	0	1000	model			exp	model_weighted_spatial_ccc_score	score_permutation	500	500	500	0.0002634685595603	0.0002634685595603	0.0002381539148427	1.1042558597874914e-06	22.924618867256857	0.0009990009990009	22.924618867256857	0.0009990009990009
sota_soybean	sota_soybean	Glycine max	SAM	Stereo-seq cellbin + snRNA-seq	dbfree	2239	5	5000	0	1000	model			exp	model_weighted_spatial_ccc_score	pooled	1000	1000	1000	0.0002043607566027	0.0002043607566027	0.00017036143096	1.7789621176846606e-05	1.9111888502111187	0.0017495626093476	1.9111888502111187	0.0017495626093476
sota_soybean	sota_soybean	Glycine max	SAM	Stereo-seq cellbin + snRNA-seq	dbfree	2239	5	5000	0	1000	model			exp	model_weighted_spatial_ccc_score	coordinate_permutation	1000	1000	1000	0.0002043607566027	0.0002043607566027	0.0001778866739805	2.860430680960213e-06	9.255278513958675	0.0009990009990009	9.255278513958675	0.0009990009990009
sota_soybean	sota_soybean	Glycine max	SAM	Stereo-seq cellbin + snRNA-seq	dbfree	2239	5	5000	0	1000	model			exp	model_weighted_spatial_ccc_score	celltype_permutation	1000	1000	1000	0.0002043607566027	0.0002043607566027	0.000166439069921	1.142581712715562e-05	3.3189474555423044	0.0069930069930069	3.3189474555423044	0.0069930069930069
sota_soybean	sota_soybean	Glycine max	SAM	Stereo-seq cellbin + snRNA-seq	dbfree	2239	5	5000	0	1000	model			exp	model_weighted_spatial_ccc_score	matched_random_lr	1000	1000	1000	0.0002043607566027	0.0002043607566027	0.0001461287175958	6.446841845413001e-06	9.032645813750015	0.0009990009990009	9.032645813750015	0.0009990009990009
sota_soybean	sota_soybean	Glycine max	SAM	Stereo-seq cellbin + snRNA-seq	dbfree	2239	5	5000	0	1000	model			exp	model_weighted_spatial_ccc_score	score_permutation	1000	1000	1000	0.0002043607566027	0.0002043607566027	0.0001909912623427	7.907371529453217e-07	16.907633858071097	0.0009990009990009	16.907633858071097	0.0009990009990009
sota_soybean	sota_soybean	Glycine max	SAM	Stereo-seq cellbin + snRNA-seq	dbfree	2239	5	5000	0	1000	model			exp	model_weighted_spatial_ccc_score	pooled	5000	5000	2030	0.0001425819755575	0.0001425819755575	0.0001237889093709	1.0016356537371125e-05	1.8762377433923925	0.002749312671832	1.8762377433923925	0.002749312671832
sota_soybean	sota_soybean	Glycine max	SAM	Stereo-seq cellbin + snRNA-seq	dbfree	2239	5	5000	0	1000	model			exp	model_weighted_spatial_ccc_score	coordinate_permutation	5000	5000	2030	0.0001425819755575	0.0001425819755575	0.0001246379650496	1.9614167602385645e-06	9.148494532981507	0.0009990009990009	9.148494532981507	0.0009990009990009
sota_soybean	sota_soybean	Glycine max	SAM	Stereo-seq cellbin + snRNA-seq	dbfree	2239	5	5000	0	1000	model			exp	model_weighted_spatial_ccc_score	celltype_permutation	5000	5000	2030	0.0001425819755575	0.0001425819755575	0.0001193648521619	7.252226093272052e-06	3.201378872781574	0.0109890109890109	3.201378872781574	0.0109890109890109
sota_soybean	sota_soybean	Glycine max	SAM	Stereo-seq cellbin + snRNA-seq	dbfree	2239	5	5000	0	1000	model			exp	model_weighted_spatial_ccc_score	matched_random_lr	5000	5000	2030	0.0001425819755575	0.0001425819755575	0.0001132742387636	3.913000638185612e-06	7.4898369573416606	0.0009990009990009	7.4898369573416606	0.0009990009990009
sota_soybean	sota_soybean	Glycine max	SAM	Stereo-seq cellbin + snRNA-seq	dbfree	2239	5	5000	0	1000	model			exp	model_weighted_spatial_ccc_score	score_permutation	5000	5000	2030	0.0001425819755575	0.0001425819755575	0.0001378785815083	3.9664456559665813e-07	11.857956611927456	0.0009990009990009	11.857956611927456	0.0009990009990009
sota_soybean	sota_soybean	Glycine max	SAM	Stereo-seq cellbin + snRNA-seq	role_only	2239	5	5000	0	1000	role_only			contact	spatial_ccc_score	pooled	100	100	100	0.000327365060051	0.000327365060051	0.0002823907723573	3.704105751206123e-05	1.214173965715326	0.2716820794801299	1.214173965715326	0.2716820794801299
sota_soybean	sota_soybean	Glycine max	SAM	Stereo-seq cellbin + snRNA-seq	role_only	2239	5	5000	0	1000	role_only			contact	spatial_ccc_score	coordinate_permutation	100	100	100	0.000327365060051	0.000327365060051	0.0002727730811139	8.60834230179775e-06	6.341752804801161	0.0009990009990009	6.341752804801161	0.0009990009990009
sota_soybean	sota_soybean	Glycine max	SAM	Stereo-seq cellbin + snRNA-seq	role_only	2239	5	5000	0	1000	role_only			contact	spatial_ccc_score	celltype_permutation	100	100	100	0.000327365060051	0.000327365060051	0.0002732792279796	1.936567312285236e-05	2.792871269087791	0.0119880119880119	2.792871269087791	0.0119880119880119
sota_soybean	sota_soybean	Glycine max	SAM	Stereo-seq cellbin + snRNA-seq	role_only	2239	5	5000	0	1000	role_only			contact	spatial_ccc_score	matched_random_lr	100	100	100	0.000327365060051	0.000327365060051	0.0002561457202846	4.640310029229644e-05	1.5347970139440152	0.0759240759240759	1.5347970139440152	0.0759240759240759
sota_soybean	sota_soybean	Glycine max	SAM	Stereo-seq cellbin + snRNA-seq	role_only	2239	5	5000	0	1000	role_only			contact	spatial_ccc_score	score_permutation	100	100	100	0.000327365060051	0.000327365060051	0.000327365060051	1.0847446804866718e-19	-0.999499874937461	1.0	-0.999499874937461	1.0
sota_soybean	sota_soybean	Glycine max	SAM	Stereo-seq cellbin + snRNA-seq	role_only	2239	5	5000	0	1000	role_only			contact	spatial_ccc_score	pooled	500	500	500	0.0002660852557725	0.0002660852557725	0.0002218746514962	3.201019127466023e-05	1.381141521366248	0.2521869532616845	1.381141521366248	0.2521869532616845
sota_soybean	sota_soybean	Glycine max	SAM	Stereo-seq cellbin + snRNA-seq	role_only	2239	5	5000	0	1000	role_only			contact	spatial_ccc_score	coordinate_permutation	500	500	500	0.0002660852557725	0.0002660852557725	0.0002212955879329	7.049031021531047e-06	6.354017694454939	0.0009990009990009	6.354017694454939	0.0009990009990009
sota_soybean	sota_soybean	Glycine max	SAM	Stereo-seq cellbin + snRNA-seq	role_only	2239	5	5000	0	1000	role_only			contact	spatial_ccc_score	celltype_permutation	500	500	500	0.0002660852557725	0.0002660852557725	0.0002189364736098	1.5384950601883512e-05	3.0646040655432367	0.0089910089910089	3.0646040655432367	0.0089910089910089
sota_soybean	sota_soybean	Glycine max	SAM	Stereo-seq cellbin + snRNA-seq	role_only	2239	5	5000	0	1000	role_only			contact	spatial_ccc_score	matched_random_lr	500	500	500	0.0002660852557725	0.0002660852557725	0.0001811812886695	1.3862980967889624e-05	6.124510110748301	0.0009990009990009	6.124510110748301	0.0009990009990009
sota_soybean	sota_soybean	Glycine max	SAM	Stereo-seq cellbin + snRNA-seq	role_only	2239	5	5000	0	1000	role_only			contact	spatial_ccc_score	score_permutation	500	500	500	0.0002660852557725	0.0002660852557725	0.0002660852557725	5.423723402433359e-20	-1.998999749874922	1.0	-1.998999749874922	1.0
sota_soybean	sota_soybean	Glycine max	SAM	Stereo-seq cellbin + snRNA-seq	role_only	2239	5	5000	0	1000	role_only			contact	spatial_ccc_score	pooled	1000	1000	1000	0.0002459529578428	0.0002459529578428	0.000204275384471	2.762344792206025e-05	1.5087752075474317	0.2514371407148213	1.5087752075474317	0.2514371407148213
sota_soybean	sota_soybean	Glycine max	SAM	Stereo-seq cellbin + snRNA-seq	role_only	2239	5	5000	0	1000	role_only			contact	spatial_ccc_score	coordinate_permutation	1000	1000	1000	0.0002459529578428	0.0002459529578428	0.0002039293170465	6.723809242771754e-06	6.249975167196479	0.0009990009990009	6.249975167196479	0.0009990009990009
sota_soybean	sota_soybean	Glycine max	SAM	Stereo-seq cellbin + snRNA-seq	role_only	2239	5	5000	0	1000	role_only			contact	spatial_ccc_score	celltype_permutation	1000	1000	1000	0.0002459529578428	0.0002459529578428	0.0001914212050163	1.4973237668509036e-05	3.64194798972396	0.0059940059940059	3.64194798972396	0.0059940059940059
sota_soybean	sota_soybean	Glycine max	SAM	Stereo-seq cellbin + snRNA-seq	role_only	2239	5	5000	0	1000	role_only			contact	spatial_ccc_score	matched_random_lr	1000	1000	1000	0.0002459529578428	0.0002459529578428	0.0001757980579784	8.310205596639058e-06	8.44201735426697	0.0009990009990009	8.44201735426697	0.0009990009990009
sota_soybean	sota_soybean	Glycine max	SAM	Stereo-seq cellbin + snRNA-seq	role_only	2239	5	5000	0	1000	role_only			contact	spatial_ccc_score	score_permutation	1000	1000	1000	0.0002459529578428	0.0002459529578428	0.0002459529578428	0.0	0.0	1.0	0.0	1.0
sota_soybean	sota_soybean	Glycine max	SAM	Stereo-seq cellbin + snRNA-seq	role_only	2239	5	5000	0	1000	role_only			contact	spatial_ccc_score	pooled	5000	5000	2030	0.0001730104107883	0.0001730104107883	0.0001481819332955	1.569089300639572e-05	1.582349550320706	0.2511872031992002	1.582349550320706	0.2511872031992002
sota_soybean	sota_soybean	Glycine max	SAM	Stereo-seq cellbin + snRNA-seq	role_only	2239	5	5000	0	1000	role_only			contact	spatial_ccc_score	coordinate_permutation	5000	5000	2030	0.0001730104107883	0.0001730104107883	0.000144032434883	4.639739243129654e-06	6.245604415836993	0.0009990009990009	6.245604415836993	0.0009990009990009
sota_soybean	sota_soybean	Glycine max	SAM	Stereo-seq cellbin + snRNA-seq	role_only	2239	5	5000	0	1000	role_only			contact	spatial_ccc_score	celltype_permutation	5000	5000	2030	0.0001730104107883	0.0001730104107883	0.0001373325807209	9.630356437389369e-06	3.70472581147998	0.0049950049950049	3.70472581147998	0.0049950049950049
sota_soybean	sota_soybean	Glycine max	SAM	Stereo-seq cellbin + snRNA-seq	role_only	2239	5	5000	0	1000	role_only			contact	spatial_ccc_score	matched_random_lr	5000	5000	2030	0.0001730104107883	0.0001730104107883	0.0001383523067896	4.736497546931156e-06	7.317243101094008	0.0009990009990009	7.317243101094008	0.0009990009990009
sota_soybean	sota_soybean	Glycine max	SAM	Stereo-seq cellbin + snRNA-seq	role_only	2239	5	5000	0	1000	role_only			contact	spatial_ccc_score	score_permutation	5000	5000	2030	0.0001730104107883	0.0001730104107883	0.0001730104107883	0.0	0.0	1.0	0.0	1.0
sota_soybean	sota_soybean	Glycine max	SAM	Stereo-seq cellbin + snRNA-seq	role_only	2239	5	5000	0	1000	role_only			contact	model_weighted_spatial_ccc_score	pooled	100	100	100	0.0002463957563665	0.0002463957563665	0.0001783398965841	4.593592955583122e-05	1.4815387527889508	0.0244938765308672	1.4815387527889508	0.0244938765308672
sota_soybean	sota_soybean	Glycine max	SAM	Stereo-seq cellbin + snRNA-seq	role_only	2239	5	5000	0	1000	role_only			contact	model_weighted_spatial_ccc_score	coordinate_permutation	100	100	100	0.0002463957563665	0.0002463957563665	0.0002053827671185	6.4749685014911095e-06	6.334083206509695	0.0009990009990009	6.334083206509695	0.0009990009990009
sota_soybean	sota_soybean	Glycine max	SAM	Stereo-seq cellbin + snRNA-seq	role_only	2239	5	5000	0	1000	role_only			contact	model_weighted_spatial_ccc_score	celltype_permutation	100	100	100	0.0002463957563665	0.0002463957563665	0.0002060877370688	1.4599392743436916e-05	2.760938075029628	0.0119880119880119	2.760938075029628	0.0119880119880119
sota_soybean	sota_soybean	Glycine max	SAM	Stereo-seq cellbin + snRNA-seq	role_only	2239	5	5000	0	1000	role_only			contact	model_weighted_spatial_ccc_score	matched_random_lr	100	100	100	0.0002463957563665	0.0002463957563665	0.0001942513007865	3.555369841054515e-05	1.466639418993556	0.0869130869130869	1.466639418993556	0.0869130869130869
sota_soybean	sota_soybean	Glycine max	SAM	Stereo-seq cellbin + snRNA-seq	role_only	2239	5	5000	0	1000	role_only			contact	model_weighted_spatial_ccc_score	score_permutation	100	100	100	0.0002463957563665	0.0002463957563665	0.0001076377813626	1.2948391629183724e-05	10.716232484897604	0.0009990009990009	10.716232484897604	0.0009990009990009
sota_soybean	sota_soybean	Glycine max	SAM	Stereo-seq cellbin + snRNA-seq	role_only	2239	5	5000	0	1000	role_only			contact	model_weighted_spatial_ccc_score	pooled	500	500	500	0.000171098764173	0.000171098764173	0.0001218796443816	2.371458226961891e-05	2.075479096863308	0.0024993751562109	2.075479096863308	0.0024993751562109
sota_soybean	sota_soybean	Glycine max	SAM	Stereo-seq cellbin + snRNA-seq	role_only	2239	5	5000	0	1000	role_only			contact	model_weighted_spatial_ccc_score	coordinate_permutation	500	500	500	0.000171098764173	0.000171098764173	0.0001423307516774	4.5305097303101365e-06	6.349840130163653	0.0009990009990009	6.349840130163653	0.0009990009990009
sota_soybean	sota_soybean	Glycine max	SAM	Stereo-seq cellbin + snRNA-seq	role_only	2239	5	5000	0	1000	role_only			contact	model_weighted_spatial_ccc_score	celltype_permutation	500	500	500	0.000171098764173	0.000171098764173	0.00014102044368	9.921183143547217e-06	3.031727169822221	0.0099900099900099	3.031727169822221	0.0099900099900099
sota_soybean	sota_soybean	Glycine max	SAM	Stereo-seq cellbin + snRNA-seq	role_only	2239	5	5000	0	1000	role_only			contact	model_weighted_spatial_ccc_score	matched_random_lr	500	500	500	0.000171098764173	0.000171098764173	0.0001169950465338	9.500429209753804e-06	5.694870878435478	0.0009990009990009	5.694870878435478	0.0009990009990009
sota_soybean	sota_soybean	Glycine max	SAM	Stereo-seq cellbin + snRNA-seq	role_only	2239	5	5000	0	1000	role_only			contact	model_weighted_spatial_ccc_score	score_permutation	500	500	500	0.000171098764173	0.000171098764173	8.717233563528401e-05	5.187608292557671e-06	16.17825090190438	0.0009990009990009	16.17825090190438	0.0009990009990009
sota_soybean	sota_soybean	Glycine max	SAM	Stereo-seq cellbin + snRNA-seq	role_only	2239	5	5000	0	1000	role_only			contact	model_weighted_spatial_ccc_score	pooled	1000	1000	1000	0.0001232944317881	0.0001232944317881	9.187043856590846e-05	9.9349194142909e-06	3.162984208714693	0.0019995001249687	3.162984208714693	0.0019995001249687
sota_soybean	sota_soybean	Glycine max	SAM	Stereo-seq cellbin + snRNA-seq	role_only	2239	5	5000	0	1000	role_only			contact	model_weighted_spatial_ccc_score	coordinate_permutation	1000	1000	1000	0.0001232944317881	0.0001232944317881	0.0001023432853228	3.336811809319235e-06	6.278791751692819	0.0009990009990009	6.278791751692819	0.0009990009990009
sota_soybean	sota_soybean	Glycine max	SAM	Stereo-seq cellbin + snRNA-seq	role_only	2239	5	5000	0	1000	role_only			contact	model_weighted_spatial_ccc_score	celltype_permutation	1000	1000	1000	0.0001232944317881	0.0001232944317881	9.780776106515964e-05	7.1377471952801245e-06	3.570688345456836	0.0079920079920079	3.570688345456836	0.0079920079920079
sota_soybean	sota_soybean	Glycine max	SAM	Stereo-seq cellbin + snRNA-seq	role_only	2239	5	5000	0	1000	role_only			contact	model_weighted_spatial_ccc_score	matched_random_lr	1000	1000	1000	0.0001232944317881	0.0001232944317881	8.673607622093285e-05	5.00740475892072e-06	7.300858893442124	0.0009990009990009	7.300858893442124	0.0009990009990009
sota_soybean	sota_soybean	Glycine max	SAM	Stereo-seq cellbin + snRNA-seq	role_only	2239	5	5000	0	1000	role_only			contact	model_weighted_spatial_ccc_score	score_permutation	1000	1000	1000	0.0001232944317881	0.0001232944317881	8.059463165468252e-05	3.035538907568967e-06	14.06662916657442	0.0009990009990009	14.06662916657442	0.0009990009990009
sota_soybean	sota_soybean	Glycine max	SAM	Stereo-seq cellbin + snRNA-seq	role_only	2239	5	5000	0	1000	role_only			contact	model_weighted_spatial_ccc_score	pooled	5000	5000	2030	7.021185910370858e-05	7.021185910370858e-05	5.581568779388076e-05	3.463619467010901e-06	4.1563951949524345	0.0019995001249687	4.1563951949524345	0.0019995001249687
sota_soybean	sota_soybean	Glycine max	SAM	Stereo-seq cellbin + snRNA-seq	role_only	2239	5	5000	0	1000	role_only			contact	model_weighted_spatial_ccc_score	coordinate_permutation	5000	5000	2030	7.021185910370858e-05	7.021185910370858e-05	5.837087065350889e-05	1.886656734470016e-06	6.276175328484417	0.0009990009990009	6.276175328484417	0.0009990009990009
sota_soybean	sota_soybean	Glycine max	SAM	Stereo-seq cellbin + snRNA-seq	role_only	2239	5	5000	0	1000	role_only			contact	model_weighted_spatial_ccc_score	celltype_permutation	5000	5000	2030	7.021185910370858e-05	7.021185910370858e-05	5.601788256480887e-05	3.928797362763812e-06	3.61280443563386	0.0079920079920079	3.61280443563386	0.0079920079920079
sota_soybean	sota_soybean	Glycine max	SAM	Stereo-seq cellbin + snRNA-seq	role_only	2239	5	5000	0	1000	role_only			contact	model_weighted_spatial_ccc_score	matched_random_lr	5000	5000	2030	7.021185910370858e-05	7.021185910370858e-05	5.21932189254205e-05	2.49172584897408e-06	7.231389514904659	0.0009990009990009	7.231389514904659	0.0009990009990009
sota_soybean	sota_soybean	Glycine max	SAM	Stereo-seq cellbin + snRNA-seq	role_only	2239	5	5000	0	1000	role_only			contact	model_weighted_spatial_ccc_score	score_permutation	5000	5000	2030	7.021185910370858e-05	7.021185910370858e-05	5.668077903178477e-05	1.5356036290534354e-06	8.811570782926925	0.0009990009990009	8.811570782926925	0.0009990009990009
sota_soybean	sota_soybean	Glycine max	SAM	Stereo-seq cellbin + snRNA-seq	role_only	2239	5	5000	0	1000	role_only			exp	spatial_ccc_score	pooled	100	100	100	0.0003463739307966	0.0003463739307966	0.0003063623601529	3.747084793968659e-05	1.067805316499014	0.2756810797300675	1.067805316499014	0.2756810797300675
sota_soybean	sota_soybean	Glycine max	SAM	Stereo-seq cellbin + snRNA-seq	role_only	2239	5	5000	0	1000	role_only			exp	spatial_ccc_score	coordinate_permutation	100	100	100	0.0003463739307966	0.0003463739307966	0.0003026094511385	4.638077812835339e-06	9.43590888816659	0.0009990009990009	9.43590888816659	0.0009990009990009
sota_soybean	sota_soybean	Glycine max	SAM	Stereo-seq cellbin + snRNA-seq	role_only	2239	5	5000	0	1000	role_only			exp	spatial_ccc_score	celltype_permutation	100	100	100	0.0003463739307966	0.0003463739307966	0.0003053880151117	1.854498762385581e-05	2.2100805088823083	0.0299700299700299	2.2100805088823083	0.0299700299700299
sota_soybean	sota_soybean	Glycine max	SAM	Stereo-seq cellbin + snRNA-seq	role_only	2239	5	5000	0	1000	role_only			exp	spatial_ccc_score	matched_random_lr	100	100	100	0.0003463739307966	0.0003463739307966	0.0002710780435648	4.89003026186617e-05	1.5397836659413755	0.0739260739260739	1.5397836659413755	0.0739260739260739
sota_soybean	sota_soybean	Glycine max	SAM	Stereo-seq cellbin + snRNA-seq	role_only	2239	5	5000	0	1000	role_only			exp	spatial_ccc_score	score_permutation	100	100	100	0.0003463739307966	0.0003463739307966	0.0003463739307966	1.0847446804866718e-19	-0.999499874937461	1.0	-0.999499874937461	1.0
sota_soybean	sota_soybean	Glycine max	SAM	Stereo-seq cellbin + snRNA-seq	role_only	2239	5	5000	0	1000	role_only			exp	spatial_ccc_score	pooled	500	500	500	0.0002812288634234	0.0002812288634234	0.000240605463921	3.384524021958266e-05	1.2002692029627036	0.2546863284178955	1.2002692029627036	0.2546863284178955
sota_soybean	sota_soybean	Glycine max	SAM	Stereo-seq cellbin + snRNA-seq	role_only	2239	5	5000	0	1000	role_only			exp	spatial_ccc_score	coordinate_permutation	500	500	500	0.0002812288634234	0.0002812288634234	0.0002453889525304	3.794183319934608e-06	9.44601456252897	0.0009990009990009	9.44601456252897	0.0009990009990009
sota_soybean	sota_soybean	Glycine max	SAM	Stereo-seq cellbin + snRNA-seq	role_only	2239	5	5000	0	1000	role_only			exp	spatial_ccc_score	celltype_permutation	500	500	500	0.0002812288634234	0.0002812288634234	0.0002446800874597	1.470762465076486e-05	2.4850223493988963	0.0189810189810189	2.4850223493988963	0.0189810189810189
sota_soybean	sota_soybean	Glycine max	SAM	Stereo-seq cellbin + snRNA-seq	role_only	2239	5	5000	0	1000	role_only			exp	spatial_ccc_score	matched_random_lr	500	500	500	0.0002812288634234	0.0002812288634234	0.0001911239522704	1.4574766657418584e-05	6.182254115688886	0.0009990009990009	6.182254115688886	0.0009990009990009
sota_soybean	sota_soybean	Glycine max	SAM	Stereo-seq cellbin + snRNA-seq	role_only	2239	5	5000	0	1000	role_only			exp	spatial_ccc_score	score_permutation	500	500	500	0.0002812288634234	0.0002812288634234	0.0002812288634234	0.0	0.0	1.0	0.0	1.0
sota_soybean	sota_soybean	Glycine max	SAM	Stereo-seq cellbin + snRNA-seq	role_only	2239	5	5000	0	1000	role_only			exp	spatial_ccc_score	pooled	1000	1000	1000	0.0002590849354882	0.0002590849354882	0.0002212472243145	2.7568141468871625e-05	1.3725158519112046	0.2524368907773057	1.3725158519112046	0.2524368907773057
sota_soybean	sota_soybean	Glycine max	SAM	Stereo-seq cellbin + snRNA-seq	role_only	2239	5	5000	0	1000	role_only			exp	spatial_ccc_score	coordinate_permutation	1000	1000	1000	0.0002590849354882	0.0002590849354882	0.0002258542907192	3.622048140068664e-06	9.1745453080488	0.0009990009990009	9.1745453080488	0.0009990009990009
sota_soybean	sota_soybean	Glycine max	SAM	Stereo-seq cellbin + snRNA-seq	role_only	2239	5	5000	0	1000	role_only			exp	spatial_ccc_score	celltype_permutation	1000	1000	1000	0.0002590849354882	0.0002590849354882	0.0002139042097029	1.4506856595101526e-05	3.1144394024399507	0.0099900099900099	3.1144394024399507	0.0099900099900099
sota_soybean	sota_soybean	Glycine max	SAM	Stereo-seq cellbin + snRNA-seq	role_only	2239	5	5000	0	1000	role_only			exp	spatial_ccc_score	matched_random_lr	1000	1000	1000	0.0002590849354882	0.0002590849354882	0.0001861454613475	8.775595550458131e-06	8.311626683490006	0.0009990009990009	8.311626683490006	0.0009990009990009
sota_soybean	sota_soybean	Glycine max	SAM	Stereo-seq cellbin + snRNA-seq	role_only	2239	5	5000	0	1000	role_only			exp	spatial_ccc_score	score_permutation	1000	1000	1000	0.0002590849354882	0.0002590849354882	0.0002590849354882	1.0847446804866718e-19	-0.999499874937461	1.0	-0.999499874937461	1.0
sota_soybean	sota_soybean	Glycine max	SAM	Stereo-seq cellbin + snRNA-seq	role_only	2239	5	5000	0	1000	role_only			exp	spatial_ccc_score	pooled	5000	5000	2030	0.0001825396768226	0.0001825396768226	0.0001605402477462	1.4555732838190026e-05	1.5113927495739947	0.2526868282929267	1.5113927495739947	0.2526868282929267
sota_soybean	sota_soybean	Glycine max	SAM	Stereo-seq cellbin + snRNA-seq	role_only	2239	5	5000	0	1000	role_only			exp	spatial_ccc_score	coordinate_permutation	5000	5000	2030	0.0001825396768226	0.0001825396768226	0.0001596513898129	2.504331111315149e-06	9.139481159774402	0.0009990009990009	9.139481159774402	0.0009990009990009
sota_soybean	sota_soybean	Glycine max	SAM	Stereo-seq cellbin + snRNA-seq	role_only	2239	5	5000	0	1000	role_only			exp	spatial_ccc_score	celltype_permutation	5000	5000	2030	0.0001825396768226	0.0001825396768226	0.0001534692589179	9.17077108390923e-06	3.1698989800017845	0.0109890109890109	3.1698989800017845	0.0109890109890109
sota_soybean	sota_soybean	Glycine max	SAM	Stereo-seq cellbin + snRNA-seq	role_only	2239	5	5000	0	1000	role_only			exp	spatial_ccc_score	matched_random_lr	5000	5000	2030	0.0001825396768226	0.0001825396768226	0.0001465006654315	5.0132477053218914e-06	7.188755375648574	0.0009990009990009	7.188755375648574	0.0009990009990009
sota_soybean	sota_soybean	Glycine max	SAM	Stereo-seq cellbin + snRNA-seq	role_only	2239	5	5000	0	1000	role_only			exp	spatial_ccc_score	score_permutation	5000	5000	2030	0.0001825396768226	0.0001825396768226	0.0001825396768226	2.7118617012166795e-20	-0.999499874937461	1.0	-0.999499874937461	1.0
sota_soybean	sota_soybean	Glycine max	SAM	Stereo-seq cellbin + snRNA-seq	role_only	2239	5	5000	0	1000	role_only			exp	model_weighted_spatial_ccc_score	pooled	100	100	100	0.0002607466455819	0.0002607466455819	0.0001944100333466	5.20014219838677e-05	1.2756691971966705	0.0299925018745313	1.2756691971966705	0.0299925018745313
sota_soybean	sota_soybean	Glycine max	SAM	Stereo-seq cellbin + snRNA-seq	role_only	2239	5	5000	0	1000	role_only			exp	model_weighted_spatial_ccc_score	coordinate_permutation	100	100	100	0.0002607466455819	0.0002607466455819	0.0002278707339503	3.48912461542695e-06	9.4223953728049	0.0009990009990009	9.4223953728049	0.0009990009990009
sota_soybean	sota_soybean	Glycine max	SAM	Stereo-seq cellbin + snRNA-seq	role_only	2239	5	5000	0	1000	role_only			exp	model_weighted_spatial_ccc_score	celltype_permutation	100	100	100	0.0002607466455819	0.0002607466455819	0.0002303020622142	1.3980688900292e-05	2.1776168245220227	0.0319680319680319	2.1776168245220227	0.0319680319680319
sota_soybean	sota_soybean	Glycine max	SAM	Stereo-seq cellbin + snRNA-seq	role_only	2239	5	5000	0	1000	role_only			exp	model_weighted_spatial_ccc_score	matched_random_lr	100	100	100	0.0002607466455819	0.0002607466455819	0.0002055779936073	3.747260167040176e-05	1.4722397035532626	0.0889110889110889	1.4722397035532626	0.0889110889110889
sota_soybean	sota_soybean	Glycine max	SAM	Stereo-seq cellbin + snRNA-seq	role_only	2239	5	5000	0	1000	role_only			exp	model_weighted_spatial_ccc_score	score_permutation	100	100	100	0.0002607466455819	0.0002607466455819	0.0001138893436147	1.3700232491578909e-05	10.71932918345927	0.0009990009990009	10.71932918345927	0.0009990009990009
sota_soybean	sota_soybean	Glycine max	SAM	Stereo-seq cellbin + snRNA-seq	role_only	2239	5	5000	0	1000	role_only			exp	model_weighted_spatial_ccc_score	pooled	500	500	500	0.0001808587303897	0.0001808587303897	0.0001327512894067	2.832879053496113e-05	1.6981819581612096	0.0052486878280429	1.6981819581612096	0.0052486878280429
sota_soybean	sota_soybean	Glycine max	SAM	Stereo-seq cellbin + snRNA-seq	role_only	2239	5	5000	0	1000	role_only			exp	model_weighted_spatial_ccc_score	coordinate_permutation	500	500	500	0.0001808587303897	0.0001808587303897	0.0001578372793476	2.438801166331068e-06	9.439658861873186	0.0009990009990009	9.439658861873186	0.0009990009990009
sota_soybean	sota_soybean	Glycine max	SAM	Stereo-seq cellbin + snRNA-seq	role_only	2239	5	5000	0	1000	role_only			exp	model_weighted_spatial_ccc_score	celltype_permutation	500	500	500	0.0001808587303897	0.0001808587303897	0.0001576013696164	9.485277735249e-06	2.4519430450534743	0.0209790209790209	2.4519430450534743	0.0209790209790209
sota_soybean	sota_soybean	Glycine max	SAM	Stereo-seq cellbin + snRNA-seq	role_only	2239	5	5000	0	1000	role_only			exp	model_weighted_spatial_ccc_score	matched_random_lr	500	500	500	0.0001808587303897	0.0001808587303897	0.0001234341450055	9.993074739121548e-06	5.746438096715562	0.0009990009990009	5.746438096715562	0.0009990009990009
sota_soybean	sota_soybean	Glycine max	SAM	Stereo-seq cellbin + snRNA-seq	role_only	2239	5	5000	0	1000	role_only			exp	model_weighted_spatial_ccc_score	score_permutation	500	500	500	0.0001808587303897	0.0001808587303897	9.213236365746352e-05	5.49412990592873e-06	16.149302665120672	0.0009990009990009	16.149302665120672	0.0009990009990009
sota_soybean	sota_soybean	Glycine max	SAM	Stereo-seq cellbin + snRNA-seq	role_only	2239	5	5000	0	1000	role_only			exp	model_weighted_spatial_ccc_score	pooled	1000	1000	1000	0.0001300251198953	0.0001300251198953	9.983312030304322e-05	1.2750651273358627e-05	2.367879016137028	0.0024993751562109	2.367879016137028	0.0024993751562109
sota_soybean	sota_soybean	Glycine max	SAM	Stereo-seq cellbin + snRNA-seq	role_only	2239	5	5000	0	1000	role_only			exp	model_weighted_spatial_ccc_score	coordinate_permutation	1000	1000	1000	0.0001300251198953	0.0001300251198953	0.0001133962310492	1.797153323842024e-06	9.252904927701204	0.0009990009990009	9.252904927701204	0.0009990009990009
sota_soybean	sota_soybean	Glycine max	SAM	Stereo-seq cellbin + snRNA-seq	role_only	2239	5	5000	0	1000	role_only			exp	model_weighted_spatial_ccc_score	celltype_permutation	1000	1000	1000	0.0001300251198953	0.0001300251198953	0.000109299184623	6.837873409620656e-06	3.0310498645781982	0.0099900099900099	3.0310498645781982	0.0099900099900099
sota_soybean	sota_soybean	Glycine max	SAM	Stereo-seq cellbin + snRNA-seq	role_only	2239	5	5000	0	1000	role_only			exp	model_weighted_spatial_ccc_score	matched_random_lr	1000	1000	1000	0.0001300251198953	0.0001300251198953	9.17404365848439e-05	5.275657388077195e-06	7.256855495769713	0.0009990009990009	7.256855495769713	0.0009990009990009
sota_soybean	sota_soybean	Glycine max	SAM	Stereo-seq cellbin + snRNA-seq	role_only	2239	5	5000	0	1000	role_only			exp	model_weighted_spatial_ccc_score	score_permutation	1000	1000	1000	0.0001300251198953	0.0001300251198953	8.489662895495503e-05	3.204443113622079e-06	14.08309941546906	0.0009990009990009	14.08309941546906	0.0009990009990009
sota_soybean	sota_soybean	Glycine max	SAM	Stereo-seq cellbin + snRNA-seq	role_only	2239	5	5000	0	1000	role_only			exp	model_weighted_spatial_ccc_score	pooled	5000	5000	2030	7.408351704298936e-05	7.408351704298936e-05	6.057808468934814e-05	4.326960903611276e-06	3.121228190984948	0.0024993751562109	3.121228190984948	0.0024993751562109
sota_soybean	sota_soybean	Glycine max	SAM	Stereo-seq cellbin + snRNA-seq	role_only	2239	5	5000	0	1000	role_only			exp	model_weighted_spatial_ccc_score	coordinate_permutation	5000	5000	2030	7.408351704298936e-05	7.408351704298936e-05	6.46931985970306e-05	1.0170443730120877e-06	9.232948625582884	0.0009990009990009	9.232948625582884	0.0009990009990009
sota_soybean	sota_soybean	Glycine max	SAM	Stereo-seq cellbin + snRNA-seq	role_only	2239	5	5000	0	1000	role_only			exp	model_weighted_spatial_ccc_score	celltype_permutation	5000	5000	2030	7.408351704298936e-05	7.408351704298936e-05	6.260034151541976e-05	3.7385458749437095e-06	3.07156202215721	0.0099900099900099	3.07156202215721	0.0099900099900099
sota_soybean	sota_soybean	Glycine max	SAM	Stereo-seq cellbin + snRNA-seq	role_only	2239	5	5000	0	1000	role_only			exp	model_weighted_spatial_ccc_score	matched_random_lr	5000	5000	2030	7.408351704298936e-05	7.408351704298936e-05	5.521738741977438e-05	2.625774672141461e-06	7.1849766179017305	0.0009990009990009	7.1849766179017305	0.0009990009990009
sota_soybean	sota_soybean	Glycine max	SAM	Stereo-seq cellbin + snRNA-seq	role_only	2239	5	5000	0	1000	role_only			exp	model_weighted_spatial_ccc_score	score_permutation	5000	5000	2030	7.408351704298936e-05	7.408351704298936e-05	5.980141122516781e-05	1.6206150285338794e-06	8.812768958919337	0.0009990009990009	8.812768958919337	0.0009990009990009
sota_soybean	sota_soybean	Glycine max	SAM	Stereo-seq cellbin + snRNA-seq	embedding_cosine	2239	5	5000	0	1000	embedding_cosine			contact	spatial_ccc_score	pooled	100	100	100	0.0001162831528648	0.0001162831528648	9.472088566973196e-05	1.4879935956783191e-05	1.449083333273138	0.2524368907773057	1.449083333273138	0.2524368907773057
sota_soybean	sota_soybean	Glycine max	SAM	Stereo-seq cellbin + snRNA-seq	embedding_cosine	2239	5	5000	0	1000	embedding_cosine			contact	spatial_ccc_score	coordinate_permutation	100	100	100	0.0001162831528648	0.0001162831528648	9.351631528538868e-05	3.213070463206807e-06	7.085695082070193	0.0009990009990009	7.085695082070193	0.0009990009990009
sota_soybean	sota_soybean	Glycine max	SAM	Stereo-seq cellbin + snRNA-seq	embedding_cosine	2239	5	5000	0	1000	embedding_cosine			contact	spatial_ccc_score	celltype_permutation	100	100	100	0.0001162831528648	0.0001162831528648	7.854137879901743e-05	6.248402064332212e-06	6.040228153899108	0.0009990009990009	6.040228153899108	0.0009990009990009
sota_soybean	sota_soybean	Glycine max	SAM	Stereo-seq cellbin + snRNA-seq	embedding_cosine	2239	5	5000	0	1000	embedding_cosine			contact	spatial_ccc_score	matched_random_lr	100	100	100	0.0001162831528648	0.0001162831528648	9.054269572964356e-05	9.517672821869352e-06	2.704490647765192	0.0099900099900099	2.704490647765192	0.0099900099900099
sota_soybean	sota_soybean	Glycine max	SAM	Stereo-seq cellbin + snRNA-seq	embedding_cosine	2239	5	5000	0	1000	embedding_cosine			contact	spatial_ccc_score	score_permutation	100	100	100	0.0001162831528648	0.0001162831528648	0.0001162831528648	4.06779255182502e-20	0.9994998749374608	1.0	0.9994998749374608	1.0
sota_soybean	sota_soybean	Glycine max	SAM	Stereo-seq cellbin + snRNA-seq	embedding_cosine	2239	5	5000	0	1000	embedding_cosine			contact	spatial_ccc_score	pooled	500	500	500	9.685247634834864e-05	9.685247634834864e-05	8.318082674035972e-05	9.38439896013259e-06	1.4568487194619189	0.255936015996001	1.4568487194619189	0.255936015996001
sota_soybean	sota_soybean	Glycine max	SAM	Stereo-seq cellbin + snRNA-seq	embedding_cosine	2239	5	5000	0	1000	embedding_cosine			contact	spatial_ccc_score	coordinate_permutation	500	500	500	9.685247634834864e-05	9.685247634834864e-05	7.998463693782998e-05	2.5984225067937483e-06	6.491569160294981	0.0009990009990009	6.491569160294981	0.0009990009990009
sota_soybean	sota_soybean	Glycine max	SAM	Stereo-seq cellbin + snRNA-seq	embedding_cosine	2239	5	5000	0	1000	embedding_cosine			contact	spatial_ccc_score	celltype_permutation	500	500	500	9.685247634834864e-05	9.685247634834864e-05	7.382185963210112e-05	5.309093284391603e-06	4.337956687247535	0.0019980019980019	4.337956687247535	0.0019980019980019
sota_soybean	sota_soybean	Glycine max	SAM	Stereo-seq cellbin + snRNA-seq	embedding_cosine	2239	5	5000	0	1000	embedding_cosine			contact	spatial_ccc_score	matched_random_lr	500	500	500	9.685247634834864e-05	9.685247634834864e-05	8.206433404315916e-05	5.598326839544507e-06	2.6415289298101587	0.0229770229770229	2.6415289298101587	0.0229770229770229
sota_soybean	sota_soybean	Glycine max	SAM	Stereo-seq cellbin + snRNA-seq	embedding_cosine	2239	5	5000	0	1000	embedding_cosine			contact	spatial_ccc_score	score_permutation	500	500	500	9.685247634834864e-05	9.685247634834864e-05	9.685247634834868e-05	2.7118617012166795e-20	-0.999499874937461	1.0	-0.999499874937461	1.0
sota_soybean	sota_soybean	Glycine max	SAM	Stereo-seq cellbin + snRNA-seq	embedding_cosine	2239	5	5000	0	1000	embedding_cosine			contact	spatial_ccc_score	pooled	1000	1000	1000	0.0001211158829028	0.0001211158829028	0.0001048928588052	1.0830505421921935e-05	1.4979009257360765	0.2511872031992002	1.4979009257360765	0.2511872031992002
sota_soybean	sota_soybean	Glycine max	SAM	Stereo-seq cellbin + snRNA-seq	embedding_cosine	2239	5	5000	0	1000	embedding_cosine			contact	spatial_ccc_score	coordinate_permutation	1000	1000	1000	0.0001211158829028	0.0001211158829028	0.0001009436364053	3.2486632838688604e-06	6.209398985021427	0.0009990009990009	6.209398985021427	0.0009990009990009
sota_soybean	sota_soybean	Glycine max	SAM	Stereo-seq cellbin + snRNA-seq	embedding_cosine	2239	5	5000	0	1000	embedding_cosine			contact	spatial_ccc_score	celltype_permutation	1000	1000	1000	0.0001211158829028	0.0001211158829028	9.465239216031964e-05	7.210783645092296e-06	3.669988179520731	0.0049950049950049	3.669988179520731	0.0049950049950049
sota_soybean	sota_soybean	Glycine max	SAM	Stereo-seq cellbin + snRNA-seq	embedding_cosine	2239	5	5000	0	1000	embedding_cosine			contact	spatial_ccc_score	matched_random_lr	1000	1000	1000	0.0001211158829028	0.0001211158829028	0.0001028595237522	4.339329329973173e-06	4.207184512256631	0.0009990009990009	4.207184512256631	0.0009990009990009
sota_soybean	sota_soybean	Glycine max	SAM	Stereo-seq cellbin + snRNA-seq	embedding_cosine	2239	5	5000	0	1000	embedding_cosine			contact	spatial_ccc_score	score_permutation	1000	1000	1000	0.0001211158829028	0.0001211158829028	0.0001211158829028	4.06779255182502e-20	-0.9994998749374608	1.0	-0.9994998749374608	1.0
sota_soybean	sota_soybean	Glycine max	SAM	Stereo-seq cellbin + snRNA-seq	embedding_cosine	2239	5	5000	0	1000	embedding_cosine			contact	spatial_ccc_score	pooled	5000	5000	2030	0.0001730104107883	0.0001730104107883	0.0001481466941611	1.5722302128119235e-05	1.581429769290426	0.2511872031992002	1.581429769290426	0.2511872031992002
sota_soybean	sota_soybean	Glycine max	SAM	Stereo-seq cellbin + snRNA-seq	embedding_cosine	2239	5	5000	0	1000	embedding_cosine			contact	spatial_ccc_score	coordinate_permutation	5000	5000	2030	0.0001730104107883	0.0001730104107883	0.000144032434883	4.639739243129653e-06	6.245604415836994	0.0009990009990009	6.245604415836994	0.0009990009990009
sota_soybean	sota_soybean	Glycine max	SAM	Stereo-seq cellbin + snRNA-seq	embedding_cosine	2239	5	5000	0	1000	embedding_cosine			contact	spatial_ccc_score	celltype_permutation	5000	5000	2030	0.0001730104107883	0.0001730104107883	0.0001373325807209	9.63035643738937e-06	3.704725811479979	0.0049950049950049	3.704725811479979	0.0049950049950049
sota_soybean	sota_soybean	Glycine max	SAM	Stereo-seq cellbin + snRNA-seq	embedding_cosine	2239	5	5000	0	1000	embedding_cosine			contact	spatial_ccc_score	matched_random_lr	5000	5000	2030	0.0001730104107883	0.0001730104107883	0.0001382113502521	4.85749162136047e-06	7.16399805676369	0.0009990009990009	7.16399805676369	0.0009990009990009
sota_soybean	sota_soybean	Glycine max	SAM	Stereo-seq cellbin + snRNA-seq	embedding_cosine	2239	5	5000	0	1000	embedding_cosine			contact	spatial_ccc_score	score_permutation	5000	5000	2030	0.0001730104107883	0.0001730104107883	0.0001730104107883	0.0	0.0	1.0	0.0	1.0
sota_soybean	sota_soybean	Glycine max	SAM	Stereo-seq cellbin + snRNA-seq	embedding_cosine	2239	5	5000	0	1000	embedding_cosine			contact	model_weighted_spatial_ccc_score	pooled	100	100	100	6.360996024252229e-05	6.360996024252229e-05	5.032589294282384e-05	6.236749513333183e-06	2.129966462706129	0.0024993751562109	2.129966462706129	0.0024993751562109
sota_soybean	sota_soybean	Glycine max	SAM	Stereo-seq cellbin + snRNA-seq	embedding_cosine	2239	5	5000	0	1000	embedding_cosine			contact	model_weighted_spatial_ccc_score	coordinate_permutation	100	100	100	6.360996024252229e-05	6.360996024252229e-05	5.114016987581424e-05	1.7583549684173794e-06	7.091736646287965	0.0009990009990009	7.091736646287965	0.0009990009990009
sota_soybean	sota_soybean	Glycine max	SAM	Stereo-seq cellbin + snRNA-seq	embedding_cosine	2239	5	5000	0	1000	embedding_cosine			contact	model_weighted_spatial_ccc_score	celltype_permutation	100	100	100	6.360996024252229e-05	6.360996024252229e-05	4.2893263564363216e-05	3.411769327182249e-06	6.0721270084425125	0.0009990009990009	6.0721270084425125	0.0009990009990009
sota_soybean	sota_soybean	Glycine max	SAM	Stereo-seq cellbin + snRNA-seq	embedding_cosine	2239	5	5000	0	1000	embedding_cosine			contact	model_weighted_spatial_ccc_score	matched_random_lr	100	100	100	6.360996024252229e-05	6.360996024252229e-05	4.942554145986062e-05	5.2006493521784e-06	2.7274322535743027	0.0099900099900099	2.7274322535743027	0.0099900099900099
sota_soybean	sota_soybean	Glycine max	SAM	Stereo-seq cellbin + snRNA-seq	embedding_cosine	2239	5	5000	0	1000	embedding_cosine			contact	model_weighted_spatial_ccc_score	score_permutation	100	100	100	6.360996024252229e-05	6.360996024252229e-05	5.784459687125727e-05	7.512124873383944e-07	7.674743788794247	0.0009990009990009	7.674743788794247	0.0009990009990009
sota_soybean	sota_soybean	Glycine max	SAM	Stereo-seq cellbin + snRNA-seq	embedding_cosine	2239	5	5000	0	1000	embedding_cosine			contact	model_weighted_spatial_ccc_score	pooled	500	500	500	5.15947973064508e-05	5.15947973064508e-05	4.341573949268955e-05	3.842760665079646e-06	2.1284327926240287	0.0057485628592851	2.1284327926240287	0.0057485628592851
sota_soybean	sota_soybean	Glycine max	SAM	Stereo-seq cellbin + snRNA-seq	embedding_cosine	2239	5	5000	0	1000	embedding_cosine			contact	model_weighted_spatial_ccc_score	coordinate_permutation	500	500	500	5.15947973064508e-05	5.15947973064508e-05	4.259293758710911e-05	1.384677043666792e-06	6.501053628724628	0.0009990009990009	6.501053628724628	0.0009990009990009
sota_soybean	sota_soybean	Glycine max	SAM	Stereo-seq cellbin + snRNA-seq	embedding_cosine	2239	5	5000	0	1000	embedding_cosine			contact	model_weighted_spatial_ccc_score	celltype_permutation	500	500	500	5.15947973064508e-05	5.15947973064508e-05	3.926035690637492e-05	2.8224985587067077e-06	4.370043117303707	0.0019980019980019	4.370043117303707	0.0019980019980019
sota_soybean	sota_soybean	Glycine max	SAM	Stereo-seq cellbin + snRNA-seq	embedding_cosine	2239	5	5000	0	1000	embedding_cosine			contact	model_weighted_spatial_ccc_score	matched_random_lr	500	500	500	5.15947973064508e-05	5.15947973064508e-05	4.366361620448757e-05	2.952564548221878e-06	2.6862007493585924	0.0219780219780219	2.6862007493585924	0.0219780219780219
sota_soybean	sota_soybean	Glycine max	SAM	Stereo-seq cellbin + snRNA-seq	embedding_cosine	2239	5	5000	0	1000	embedding_cosine			contact	model_weighted_spatial_ccc_score	score_permutation	500	500	500	5.15947973064508e-05	5.15947973064508e-05	4.814604727278661e-05	2.9704038797583605e-07	11.61037412173302	0.0009990009990009	11.61037412173302	0.0009990009990009
sota_soybean	sota_soybean	Glycine max	SAM	Stereo-seq cellbin + snRNA-seq	embedding_cosine	2239	5	5000	0	1000	embedding_cosine			contact	model_weighted_spatial_ccc_score	pooled	1000	1000	1000	6.296201722021389e-05	6.296201722021389e-05	5.382024838478446e-05	4.650791363879916e-06	1.965637269052405	0.0012496875781054	1.965637269052405	0.0012496875781054
sota_soybean	sota_soybean	Glycine max	SAM	Stereo-seq cellbin + snRNA-seq	embedding_cosine	2239	5	5000	0	1000	embedding_cosine			contact	model_weighted_spatial_ccc_score	coordinate_permutation	1000	1000	1000	6.296201722021389e-05	6.296201722021389e-05	5.246027392199659e-05	1.6888266312339077e-06	6.218366707389263	0.0009990009990009	6.218366707389263	0.0009990009990009
sota_soybean	sota_soybean	Glycine max	SAM	Stereo-seq cellbin + snRNA-seq	embedding_cosine	2239	5	5000	0	1000	embedding_cosine			contact	model_weighted_spatial_ccc_score	celltype_permutation	1000	1000	1000	6.296201722021389e-05	6.296201722021389e-05	4.915706638632214e-05	3.736255116093243e-06	3.6948630125468185	0.0049950049950049	3.6948630125468185	0.0049950049950049
sota_soybean	sota_soybean	Glycine max	SAM	Stereo-seq cellbin + snRNA-seq	embedding_cosine	2239	5	5000	0	1000	embedding_cosine			contact	model_weighted_spatial_ccc_score	matched_random_lr	1000	1000	1000	6.296201722021389e-05	6.296201722021389e-05	5.3450655223917954e-05	2.247717021430692e-06	4.23156558659767	0.0009990009990009	4.23156558659767	0.0009990009990009
sota_soybean	sota_soybean	Glycine max	SAM	Stereo-seq cellbin + snRNA-seq	embedding_cosine	2239	5	5000	0	1000	embedding_cosine			contact	model_weighted_spatial_ccc_score	score_permutation	1000	1000	1000	6.296201722021389e-05	6.296201722021389e-05	6.021299800690113e-05	2.389963443573981e-07	11.502348375679912	0.0009990009990009	11.502348375679912	0.0009990009990009
sota_soybean	sota_soybean	Glycine max	SAM	Stereo-seq cellbin + snRNA-seq	embedding_cosine	2239	5	5000	0	1000	embedding_cosine			contact	model_weighted_spatial_ccc_score	pooled	5000	5000	2030	8.379586497823131e-05	8.379586497823131e-05	7.236696976687881e-05	8.46424056760032e-06	1.3502564252604514	0.2511872031992002	1.3502564252604514	0.2511872031992002
sota_soybean	sota_soybean	Glycine max	SAM	Stereo-seq cellbin + snRNA-seq	embedding_cosine	2239	5	5000	0	1000	embedding_cosine			contact	model_weighted_spatial_ccc_score	coordinate_permutation	5000	5000	2030	8.379586497823131e-05	8.379586497823131e-05	6.975842411670593e-05	2.2483532843281044e-06	6.243432008382224	0.0009990009990009	6.243432008382224	0.0009990009990009
sota_soybean	sota_soybean	Glycine max	SAM	Stereo-seq cellbin + snRNA-seq	embedding_cosine	2239	5	5000	0	1000	embedding_cosine			contact	model_weighted_spatial_ccc_score	celltype_permutation	5000	5000	2030	8.379586497823131e-05	8.379586497823131e-05	6.637791328312238e-05	4.681875014191428e-06	3.72029403653721	0.0049950049950049	3.72029403653721	0.0049950049950049
sota_soybean	sota_soybean	Glycine max	SAM	Stereo-seq cellbin + snRNA-seq	embedding_cosine	2239	5	5000	0	1000	embedding_cosine			contact	model_weighted_spatial_ccc_score	matched_random_lr	5000	5000	2030	8.379586497823131e-05	8.379586497823131e-05	6.732115365995858e-05	2.283243855054832e-06	7.215484794495198	0.0009990009990009	7.215484794495198	0.0009990009990009
sota_soybean	sota_soybean	Glycine max	SAM	Stereo-seq cellbin + snRNA-seq	embedding_cosine	2239	5	5000	0	1000	embedding_cosine			contact	model_weighted_spatial_ccc_score	score_permutation	5000	5000	2030	8.379586497823131e-05	8.379586497823131e-05	8.601038800772835e-05	2.634572816823545e-07	-8.405624681754077	1.0	-8.405624681754077	1.0
sota_soybean	sota_soybean	Glycine max	SAM	Stereo-seq cellbin + snRNA-seq	embedding_cosine	2239	5	5000	0	1000	embedding_cosine			exp	spatial_ccc_score	pooled	100	100	100	0.0001209878078963	0.0001209878078963	0.0001018457120198	1.3624787027676303e-05	1.404946428709596	0.2529367658085478	1.404946428709596	0.2529367658085478
sota_soybean	sota_soybean	Glycine max	SAM	Stereo-seq cellbin + snRNA-seq	embedding_cosine	2239	5	5000	0	1000	embedding_cosine			exp	spatial_ccc_score	coordinate_permutation	100	100	100	0.0001209878078963	0.0001209878078963	0.0001026915652105	1.7119847542530372e-06	10.68715281506395	0.0009990009990009	10.68715281506395	0.0009990009990009
sota_soybean	sota_soybean	Glycine max	SAM	Stereo-seq cellbin + snRNA-seq	embedding_cosine	2239	5	5000	0	1000	embedding_cosine			exp	spatial_ccc_score	celltype_permutation	100	100	100	0.0001209878078963	0.0001209878078963	8.777246124607822e-05	6.147584332186714e-06	5.40299162328208	0.0009990009990009	5.40299162328208	0.0009990009990009
sota_soybean	sota_soybean	Glycine max	SAM	Stereo-seq cellbin + snRNA-seq	embedding_cosine	2239	5	5000	0	1000	embedding_cosine			exp	spatial_ccc_score	matched_random_lr	100	100	100	0.0001209878078963	0.0001209878078963	9.593101372643951e-05	1.0079530826183364e-05	2.48590877908466	0.0119880119880119	2.48590877908466	0.0119880119880119
sota_soybean	sota_soybean	Glycine max	SAM	Stereo-seq cellbin + snRNA-seq	embedding_cosine	2239	5	5000	0	1000	embedding_cosine			exp	spatial_ccc_score	score_permutation	100	100	100	0.0001209878078963	0.0001209878078963	0.0001209878078963	2.7118617012166795e-20	0.999499874937461	1.0	0.999499874937461	1.0
sota_soybean	sota_soybean	Glycine max	SAM	Stereo-seq cellbin + snRNA-seq	embedding_cosine	2239	5	5000	0	1000	embedding_cosine			exp	spatial_ccc_score	pooled	500	500	500	0.0001018182041362	0.0001018182041362	8.9904502611502e-05	8.24285317285807e-06	1.445337102926613	0.2566858285428642	1.445337102926613	0.2566858285428642
sota_soybean	sota_soybean	Glycine max	SAM	Stereo-seq cellbin + snRNA-seq	embedding_cosine	2239	5	5000	0	1000	embedding_cosine			exp	spatial_ccc_score	coordinate_permutation	500	500	500	0.0001018182041362	0.0001018182041362	8.845428991989582e-05	1.3987383575899957e-06	9.5542630569881	0.0009990009990009	9.5542630569881	0.0009990009990009
sota_soybean	sota_soybean	Glycine max	SAM	Stereo-seq cellbin + snRNA-seq	embedding_cosine	2239	5	5000	0	1000	embedding_cosine			exp	spatial_ccc_score	celltype_permutation	500	500	500	0.0001018182041362	0.0001018182041362	8.249448207616425e-05	5.114397960403444e-06	3.7782984839375975	0.0029970029970029	3.7782984839375975	0.0029970029970029
sota_soybean	sota_soybean	Glycine max	SAM	Stereo-seq cellbin + snRNA-seq	embedding_cosine	2239	5	5000	0	1000	embedding_cosine			exp	spatial_ccc_score	matched_random_lr	500	500	500	0.0001018182041362	0.0001018182041362	8.685103431373778e-05	5.9488706781971e-06	2.5159682622329904	0.0249750249750249	2.5159682622329904	0.0249750249750249
sota_soybean	sota_soybean	Glycine max	SAM	Stereo-seq cellbin + snRNA-seq	embedding_cosine	2239	5	5000	0	1000	embedding_cosine			exp	spatial_ccc_score	score_permutation	500	500	500	0.0001018182041362	0.0001018182041362	0.0001018182041362	1.3559308506083394e-20	-0.999499874937461	1.0	-0.999499874937461	1.0
sota_soybean	sota_soybean	Glycine max	SAM	Stereo-seq cellbin + snRNA-seq	embedding_cosine	2239	5	5000	0	1000	embedding_cosine			exp	spatial_ccc_score	pooled	1000	1000	1000	0.0001277093369568	0.0001277093369568	0.0001135886978957	9.456085012990697e-06	1.493285967884538	0.2529367658085478	1.493285967884538	0.2529367658085478
sota_soybean	sota_soybean	Glycine max	SAM	Stereo-seq cellbin + snRNA-seq	embedding_cosine	2239	5	5000	0	1000	embedding_cosine			exp	spatial_ccc_score	coordinate_permutation	1000	1000	1000	0.0001277093369568	0.0001277093369568	0.0001118782007869	1.7563423504502725e-06	9.013696085961652	0.0009990009990009	9.013696085961652	0.0009990009990009
sota_soybean	sota_soybean	Glycine max	SAM	Stereo-seq cellbin + snRNA-seq	embedding_cosine	2239	5	5000	0	1000	embedding_cosine			exp	spatial_ccc_score	celltype_permutation	1000	1000	1000	0.0001277093369568	0.0001277093369568	0.0001057720524656	6.983541658916398e-06	3.14128354388699	0.0109890109890109	3.14128354388699	0.0109890109890109
sota_soybean	sota_soybean	Glycine max	SAM	Stereo-seq cellbin + snRNA-seq	embedding_cosine	2239	5	5000	0	1000	embedding_cosine			exp	spatial_ccc_score	matched_random_lr	1000	1000	1000	0.0001277093369568	0.0001277093369568	0.0001089952013737	4.613122213136351e-06	4.056717927336279	0.0019980019980019	4.056717927336279	0.0019980019980019
sota_soybean	sota_soybean	Glycine max	SAM	Stereo-seq cellbin + snRNA-seq	embedding_cosine	2239	5	5000	0	1000	embedding_cosine			exp	spatial_ccc_score	score_permutation	1000	1000	1000	0.0001277093369568	0.0001277093369568	0.0001277093369568	2.7118617012166795e-20	0.999499874937461	1.0	0.999499874937461	1.0
sota_soybean	sota_soybean	Glycine max	SAM	Stereo-seq cellbin + snRNA-seq	embedding_cosine	2239	5	5000	0	1000	embedding_cosine			exp	spatial_ccc_score	pooled	5000	5000	2030	0.0001825396768226	0.0001825396768226	0.0001605042149397	1.4600842054747049e-05	1.5091911685791843	0.2526868282929267	1.5091911685791843	0.2526868282929267
sota_soybean	sota_soybean	Glycine max	SAM	Stereo-seq cellbin + snRNA-seq	embedding_cosine	2239	5	5000	0	1000	embedding_cosine			exp	spatial_ccc_score	coordinate_permutation	5000	5000	2030	0.0001825396768226	0.0001825396768226	0.0001596513898129	2.504331111315149e-06	9.139481159774402	0.0009990009990009	9.139481159774402	0.0009990009990009
sota_soybean	sota_soybean	Glycine max	SAM	Stereo-seq cellbin + snRNA-seq	embedding_cosine	2239	5	5000	0	1000	embedding_cosine			exp	spatial_ccc_score	celltype_permutation	5000	5000	2030	0.0001825396768226	0.0001825396768226	0.0001534692589179	9.17077108390923e-06	3.169898980001788	0.0109890109890109	3.169898980001788	0.0109890109890109
sota_soybean	sota_soybean	Glycine max	SAM	Stereo-seq cellbin + snRNA-seq	embedding_cosine	2239	5	5000	0	1000	embedding_cosine			exp	spatial_ccc_score	matched_random_lr	5000	5000	2030	0.0001825396768226	0.0001825396768226	0.0001463565342056	5.131353787286588e-06	7.051383341878894	0.0009990009990009	7.051383341878894	0.0009990009990009
sota_soybean	sota_soybean	Glycine max	SAM	Stereo-seq cellbin + snRNA-seq	embedding_cosine	2239	5	5000	0	1000	embedding_cosine			exp	spatial_ccc_score	score_permutation	5000	5000	2030	0.0001825396768226	0.0001825396768226	0.0001825396768226	2.7118617012166795e-20	-0.999499874937461	1.0	-0.999499874937461	1.0
sota_soybean	sota_soybean	Glycine max	SAM	Stereo-seq cellbin + snRNA-seq	embedding_cosine	2239	5	5000	0	1000	embedding_cosine			exp	model_weighted_spatial_ccc_score	pooled	100	100	100	6.61752466508266e-05	6.61752466508266e-05	5.4159598929122905e-05	5.596709797239211e-06	2.146912767860658	0.0029992501874531	2.146912767860658	0.0029992501874531
sota_soybean	sota_soybean	Glycine max	SAM	Stereo-seq cellbin + snRNA-seq	embedding_cosine	2239	5	5000	0	1000	embedding_cosine			exp	model_weighted_spatial_ccc_score	coordinate_permutation	100	100	100	6.61752466508266e-05	6.61752466508266e-05	5.615288725684203e-05	9.367906474444876e-07	10.69861171364702	0.0009990009990009	10.69861171364702	0.0009990009990009
sota_soybean	sota_soybean	Glycine max	SAM	Stereo-seq cellbin + snRNA-seq	embedding_cosine	2239	5	5000	0	1000	embedding_cosine			exp	model_weighted_spatial_ccc_score	celltype_permutation	100	100	100	6.61752466508266e-05	6.61752466508266e-05	4.7934562360201306e-05	3.356624978163008e-06	5.434233615400176	0.0009990009990009	5.434233615400176	0.0009990009990009
sota_soybean	sota_soybean	Glycine max	SAM	Stereo-seq cellbin + snRNA-seq	embedding_cosine	2239	5	5000	0	1000	embedding_cosine			exp	model_weighted_spatial_ccc_score	matched_random_lr	100	100	100	6.61752466508266e-05	6.61752466508266e-05	5.236726382630293e-05	5.50842817893311e-06	2.506701072609437	0.0119880119880119	2.506701072609437	0.0119880119880119
sota_soybean	sota_soybean	Glycine max	SAM	Stereo-seq cellbin + snRNA-seq	embedding_cosine	2239	5	5000	0	1000	embedding_cosine			exp	model_weighted_spatial_ccc_score	score_permutation	100	100	100	6.61752466508266e-05	6.61752466508266e-05	6.018368227314537e-05	7.686249207107582e-07	7.795173193370763	0.0009990009990009	7.795173193370763	0.0009990009990009
sota_soybean	sota_soybean	Glycine max	SAM	Stereo-seq cellbin + snRNA-seq	embedding_cosine	2239	5	5000	0	1000	embedding_cosine			exp	model_weighted_spatial_ccc_score	pooled	500	500	500	5.423206996091859e-05	5.423206996091859e-05	4.694899988046739e-05	3.215000235470485e-06	2.265340450087211	0.0064983754061484	2.265340450087211	0.0064983754061484
sota_soybean	sota_soybean	Glycine max	SAM	Stereo-seq cellbin + snRNA-seq	embedding_cosine	2239	5	5000	0	1000	embedding_cosine			exp	model_weighted_spatial_ccc_score	coordinate_permutation	500	500	500	5.423206996091859e-05	5.423206996091859e-05	4.709843802278631e-05	7.452662961667667e-07	9.571923451823452	0.0009990009990009	9.571923451823452	0.0009990009990009
sota_soybean	sota_soybean	Glycine max	SAM	Stereo-seq cellbin + snRNA-seq	embedding_cosine	2239	5	5000	0	1000	embedding_cosine			exp	model_weighted_spatial_ccc_score	celltype_permutation	500	500	500	5.423206996091859e-05	5.423206996091859e-05	4.3872703553176055e-05	2.719016374774993e-06	3.809968378215377	0.0029970029970029	3.809968378215377	0.0029970029970029
sota_soybean	sota_soybean	Glycine max	SAM	Stereo-seq cellbin + snRNA-seq	embedding_cosine	2239	5	5000	0	1000	embedding_cosine			exp	model_weighted_spatial_ccc_score	matched_random_lr	500	500	500	5.423206996091859e-05	5.423206996091859e-05	4.621059382393758e-05	3.1372209577618747e-06	2.556873183297746	0.0239760239760239	2.556873183297746	0.0239760239760239
sota_soybean	sota_soybean	Glycine max	SAM	Stereo-seq cellbin + snRNA-seq	embedding_cosine	2239	5	5000	0	1000	embedding_cosine			exp	model_weighted_spatial_ccc_score	score_permutation	500	500	500	5.423206996091859e-05	5.423206996091859e-05	5.061426412196962e-05	3.1063386496594574e-07	11.64652746198673	0.0009990009990009	11.64652746198673	0.0009990009990009
sota_soybean	sota_soybean	Glycine max	SAM	Stereo-seq cellbin + snRNA-seq	embedding_cosine	2239	5	5000	0	1000	embedding_cosine			exp	model_weighted_spatial_ccc_score	pooled	1000	1000	1000	6.638281690424133e-05	6.638281690424133e-05	5.829980839791132e-05	3.897636458164845e-06	2.073823095891246	0.0029992501874531	2.073823095891246	0.0029992501874531
sota_soybean	sota_soybean	Glycine max	SAM	Stereo-seq cellbin + snRNA-seq	embedding_cosine	2239	5	5000	0	1000	embedding_cosine			exp	model_weighted_spatial_ccc_score	coordinate_permutation	1000	1000	1000	6.638281690424133e-05	6.638281690424133e-05	5.813870291413073e-05	9.129305984939028e-07	9.030384131840073	0.0009990009990009	9.030384131840073	0.0009990009990009
sota_soybean	sota_soybean	Glycine max	SAM	Stereo-seq cellbin + snRNA-seq	embedding_cosine	2239	5	5000	0	1000	embedding_cosine			exp	model_weighted_spatial_ccc_score	celltype_permutation	1000	1000	1000	6.638281690424133e-05	6.638281690424133e-05	5.493201146039321e-05	3.617418905252976e-06	3.16546292916754	0.0109890109890109	3.16546292916754	0.0109890109890109
sota_soybean	sota_soybean	Glycine max	SAM	Stereo-seq cellbin + snRNA-seq	embedding_cosine	2239	5	5000	0	1000	embedding_cosine			exp	model_weighted_spatial_ccc_score	matched_random_lr	1000	1000	1000	6.638281690424133e-05	6.638281690424133e-05	5.6637571493835565e-05	2.389470187786191e-06	4.078412637336393	0.0019980019980019	4.078412637336393	0.0019980019980019
sota_soybean	sota_soybean	Glycine max	SAM	Stereo-seq cellbin + snRNA-seq	embedding_cosine	2239	5	5000	0	1000	embedding_cosine			exp	model_weighted_spatial_ccc_score	score_permutation	1000	1000	1000	6.638281690424133e-05	6.638281690424133e-05	6.34909477232858e-05	2.511578745029744e-07	11.514148965778434	0.0009990009990009	11.514148965778434	0.0009990009990009
sota_soybean	sota_soybean	Glycine max	SAM	Stereo-seq cellbin + snRNA-seq	embedding_cosine	2239	5	5000	0	1000	embedding_cosine			exp	model_weighted_spatial_ccc_score	pooled	5000	5000	2030	8.840104026093606e-05	8.840104026093606e-05	7.838527192024406e-05	7.894049396601746e-06	1.2687744701728905	0.2526868282929267	1.2687744701728905	0.2526868282929267
sota_soybean	sota_soybean	Glycine max	SAM	Stereo-seq cellbin + snRNA-seq	embedding_cosine	2239	5	5000	0	1000	embedding_cosine			exp	model_weighted_spatial_ccc_score	coordinate_permutation	5000	5000	2030	8.840104026093606e-05	8.840104026093606e-05	7.731986229366053e-05	1.2136863191444498e-06	9.13018280958037	0.0009990009990009	9.13018280958037	0.0009990009990009
sota_soybean	sota_soybean	Glycine max	SAM	Stereo-seq cellbin + snRNA-seq	embedding_cosine	2239	5	5000	0	1000	embedding_cosine			exp	model_weighted_spatial_ccc_score	celltype_permutation	5000	5000	2030	8.840104026093606e-05	8.840104026093606e-05	7.417710022563326e-05	4.463717976688045e-06	3.186567814003467	0.0109890109890109	3.186567814003467	0.0109890109890109
sota_soybean	sota_soybean	Glycine max	SAM	Stereo-seq cellbin + snRNA-seq	embedding_cosine	2239	5	5000	0	1000	embedding_cosine			exp	model_weighted_spatial_ccc_score	matched_random_lr	5000	5000	2030	8.840104026093606e-05	8.840104026093606e-05	7.129634220913184e-05	2.413589866846884e-06	7.086828746985839	0.0009990009990009	7.086828746985839	0.0009990009990009
sota_soybean	sota_soybean	Glycine max	SAM	Stereo-seq cellbin + snRNA-seq	embedding_cosine	2239	5	5000	0	1000	embedding_cosine			exp	model_weighted_spatial_ccc_score	score_permutation	5000	5000	2030	8.840104026093606e-05	8.840104026093606e-05	9.07477829525506e-05	2.7822520964860384e-07	-8.434687477020667	1.0	-8.434687477020667	1.0
sota_soybean	sota_soybean	Glycine max	SAM	Stereo-seq cellbin + snRNA-seq	expression_only	2239	5	5000	0	1000	expression_only			contact	spatial_ccc_score	pooled	100	100	100	0.0014239495265321	0.0014239495265321	0.0011004386061848	0.0002874148439038	1.1255887690179724	0.2519370157460635	1.1255887690179724	0.2519370157460635
sota_soybean	sota_soybean	Glycine max	SAM	Stereo-seq cellbin + snRNA-seq	expression_only	2239	5	5000	0	1000	expression_only			contact	spatial_ccc_score	coordinate_permutation	100	100	100	0.0014239495265321	0.0014239495265321	0.0011889929471764	3.839190833241356e-05	6.119950519815189	0.0009990009990009	6.119950519815189	0.0009990009990009
sota_soybean	sota_soybean	Glycine max	SAM	Stereo-seq cellbin + snRNA-seq	expression_only	2239	5	5000	0	1000	expression_only			contact	spatial_ccc_score	celltype_permutation	100	100	100	0.0014239495265321	0.0014239495265321	0.0011397427643093	8.668904699761376e-05	3.2784621825470404	0.0079920079920079	3.2784621825470404	0.0079920079920079
sota_soybean	sota_soybean	Glycine max	SAM	Stereo-seq cellbin + snRNA-seq	expression_only	2239	5	5000	0	1000	expression_only			contact	spatial_ccc_score	matched_random_lr	100	100	100	0.0014239495265321	0.0014239495265321	0.0006490691867213	5.991540217494478e-05	12.932907260610724	0.0009990009990009	12.932907260610724	0.0009990009990009
sota_soybean	sota_soybean	Glycine max	SAM	Stereo-seq cellbin + snRNA-seq	expression_only	2239	5	5000	0	1000	expression_only			contact	spatial_ccc_score	score_permutation	100	100	100	0.0014239495265321	0.0014239495265321	0.0014239495265321	0.0	0.0	1.0	0.0	1.0
sota_soybean	sota_soybean	Glycine max	SAM	Stereo-seq cellbin + snRNA-seq	expression_only	2239	5	5000	0	1000	expression_only			contact	spatial_ccc_score	pooled	500	500	500	0.0005565868794531	0.0005565868794531	0.0004638236805624	6.313749410230332e-05	1.4692252236123005	0.2519370157460635	1.4692252236123005	0.2519370157460635
sota_soybean	sota_soybean	Glycine max	SAM	Stereo-seq cellbin + snRNA-seq	expression_only	2239	5	5000	0	1000	expression_only			contact	spatial_ccc_score	coordinate_permutation	500	500	500	0.0005565868794531	0.0005565868794531	0.000464298491303	1.495317616382414e-05	6.171825111873009	0.0009990009990009	6.171825111873009	0.0009990009990009
sota_soybean	sota_soybean	Glycine max	SAM	Stereo-seq cellbin + snRNA-seq	expression_only	2239	5	5000	0	1000	expression_only			contact	spatial_ccc_score	celltype_permutation	500	500	500	0.0005565868794531	0.0005565868794531	0.0004434611695438	3.231764692010216e-05	3.5004315193196227	0.0079920079920079	3.5004315193196227	0.0079920079920079
sota_soybean	sota_soybean	Glycine max	SAM	Stereo-seq cellbin + snRNA-seq	expression_only	2239	5	5000	0	1000	expression_only			contact	spatial_ccc_score	matched_random_lr	500	500	500	0.0005565868794531	0.0005565868794531	0.0003909481819495	1.8554356584477924e-05	8.927213226146439	0.0009990009990009	8.927213226146439	0.0009990009990009
sota_soybean	sota_soybean	Glycine max	SAM	Stereo-seq cellbin + snRNA-seq	expression_only	2239	5	5000	0	1000	expression_only			contact	spatial_ccc_score	score_permutation	500	500	500	0.0005565868794531	0.0005565868794531	0.0005565868794531	0.0	0.0	1.0	0.0	1.0
sota_soybean	sota_soybean	Glycine max	SAM	Stereo-seq cellbin + snRNA-seq	expression_only	2239	5	5000	0	1000	expression_only			contact	spatial_ccc_score	pooled	1000	1000	1000	0.0003245589281823	0.0003245589281823	0.0002768309013096	3.042557909612338e-05	1.5686809681400669	0.2516870782304424	1.5686809681400669	0.2516870782304424
sota_soybean	sota_soybean	Glycine max	SAM	Stereo-seq cellbin + snRNA-seq	expression_only	2239	5	5000	0	1000	expression_only			contact	spatial_ccc_score	coordinate_permutation	1000	1000	1000	0.0003245589281823	0.0003245589281823	0.0002706279886774	8.700474630794826e-06	6.198620396406858	0.0009990009990009	6.198620396406858	0.0009990009990009
sota_soybean	sota_soybean	Glycine max	SAM	Stereo-seq cellbin + snRNA-seq	expression_only	2239	5	5000	0	1000	expression_only			contact	spatial_ccc_score	celltype_permutation	1000	1000	1000	0.0003245589281823	0.0003245589281823	0.0002590425545207	1.8395760984012075e-05	3.5614929830062274	0.0069930069930069	3.5614929830062274	0.0069930069930069
sota_soybean	sota_soybean	Glycine max	SAM	Stereo-seq cellbin + snRNA-seq	expression_only	2239	5	5000	0	1000	expression_only			contact	spatial_ccc_score	matched_random_lr	1000	1000	1000	0.0003245589281823	0.0003245589281823	0.0002530941338579	9.5938269457532e-06	7.449039338370234	0.0009990009990009	7.449039338370234	0.0009990009990009
sota_soybean	sota_soybean	Glycine max	SAM	Stereo-seq cellbin + snRNA-seq	expression_only	2239	5	5000	0	1000	expression_only			contact	spatial_ccc_score	score_permutation	1000	1000	1000	0.0003245589281823	0.0003245589281823	0.0003245589281823	5.423723402433359e-20	-0.999499874937461	1.0	-0.999499874937461	1.0
sota_soybean	sota_soybean	Glycine max	SAM	Stereo-seq cellbin + snRNA-seq	expression_only	2239	5	5000	0	1000	expression_only			contact	spatial_ccc_score	pooled	5000	5000	2030	0.0001730104107883	0.0001730104107883	0.0001481229122898	1.572804111700229e-05	1.5823647912232934	0.2511872031992002	1.5823647912232934	0.2511872031992002
sota_soybean	sota_soybean	Glycine max	SAM	Stereo-seq cellbin + snRNA-seq	expression_only	2239	5	5000	0	1000	expression_only			contact	spatial_ccc_score	coordinate_permutation	5000	5000	2030	0.0001730104107883	0.0001730104107883	0.000144032434883	4.639739243129654e-06	6.245604415836993	0.0009990009990009	6.245604415836993	0.0009990009990009
sota_soybean	sota_soybean	Glycine max	SAM	Stereo-seq cellbin + snRNA-seq	expression_only	2239	5	5000	0	1000	expression_only			contact	spatial_ccc_score	celltype_permutation	5000	5000	2030	0.0001730104107883	0.0001730104107883	0.0001373325807209	9.630356437389369e-06	3.70472581147998	0.0049950049950049	3.70472581147998	0.0049950049950049
sota_soybean	sota_soybean	Glycine max	SAM	Stereo-seq cellbin + snRNA-seq	expression_only	2239	5	5000	0	1000	expression_only			contact	spatial_ccc_score	matched_random_lr	5000	5000	2030	0.0001730104107883	0.0001730104107883	0.000138116222767	4.734850064352667e-06	7.369650051638084	0.0009990009990009	7.369650051638084	0.0009990009990009
sota_soybean	sota_soybean	Glycine max	SAM	Stereo-seq cellbin + snRNA-seq	expression_only	2239	5	5000	0	1000	expression_only			contact	spatial_ccc_score	score_permutation	5000	5000	2030	0.0001730104107883	0.0001730104107883	0.0001730104107883	0.0	0.0	1.0	0.0	1.0
sota_soybean	sota_soybean	Glycine max	SAM	Stereo-seq cellbin + snRNA-seq	expression_only	2239	5	5000	0	1000	expression_only			contact	model_weighted_spatial_ccc_score	pooled	100	100	100	0.0004734617763228	0.0004734617763228	0.0002515849099773	0.000151144971539	1.4679738537517828	0.0024993751562109	1.4679738537517828	0.0024993751562109
sota_soybean	sota_soybean	Glycine max	SAM	Stereo-seq cellbin + snRNA-seq	expression_only	2239	5	5000	0	1000	expression_only			contact	model_weighted_spatial_ccc_score	coordinate_permutation	100	100	100	0.0004734617763228	0.0004734617763228	0.0003969957847519	1.2549140167682595e-05	6.093325164041335	0.0009990009990009	6.093325164041335	0.0009990009990009
sota_soybean	sota_soybean	Glycine max	SAM	Stereo-seq cellbin + snRNA-seq	expression_only	2239	5	5000	0	1000	expression_only			contact	model_weighted_spatial_ccc_score	celltype_permutation	100	100	100	0.0004734617763228	0.0004734617763228	0.0003911438302568	2.775207860476866e-05	2.9661902893207515	0.0099900099900099	2.9661902893207515	0.0099900099900099
sota_soybean	sota_soybean	Glycine max	SAM	Stereo-seq cellbin + snRNA-seq	expression_only	2239	5	5000	0	1000	expression_only			contact	model_weighted_spatial_ccc_score	matched_random_lr	100	100	100	0.0004734617763228	0.0004734617763228	0.0001749366815815	2.0247538351144945e-05	14.743772283032488	0.0009990009990009	14.743772283032488	0.0009990009990009
sota_soybean	sota_soybean	Glycine max	SAM	Stereo-seq cellbin + snRNA-seq	expression_only	2239	5	5000	0	1000	expression_only			contact	model_weighted_spatial_ccc_score	score_permutation	100	100	100	0.0004734617763228	0.0004734617763228	4.326334331914188e-05	1.1241285215042144e-05	38.26950609063899	0.0009990009990009	38.26950609063899	0.0009990009990009
sota_soybean	sota_soybean	Glycine max	SAM	Stereo-seq cellbin + snRNA-seq	expression_only	2239	5	5000	0	1000	expression_only			contact	model_weighted_spatial_ccc_score	pooled	500	500	500	0.0001146236660354	0.0001146236660354	6.47820298596241e-05	3.301816878417273e-05	1.509521515308555	0.0022494376405898	1.509521515308555	0.0022494376405898
sota_soybean	sota_soybean	Glycine max	SAM	Stereo-seq cellbin + snRNA-seq	expression_only	2239	5	5000	0	1000	expression_only			contact	model_weighted_spatial_ccc_score	coordinate_permutation	500	500	500	0.0001146236660354	0.0001146236660354	9.59995069080006e-05	3.0469892162279256e-06	6.112315405722916	0.0009990009990009	6.112315405722916	0.0009990009990009
sota_soybean	sota_soybean	Glycine max	SAM	Stereo-seq cellbin + snRNA-seq	expression_only	2239	5	5000	0	1000	expression_only			contact	model_weighted_spatial_ccc_score	celltype_permutation	500	500	500	0.0001146236660354	0.0001146236660354	9.39004960327566e-05	6.619308502093394e-06	3.1307152395316997	0.0089910089910089	3.1307152395316997	0.0089910089910089
sota_soybean	sota_soybean	Glycine max	SAM	Stereo-seq cellbin + snRNA-seq	expression_only	2239	5	5000	0	1000	expression_only			contact	model_weighted_spatial_ccc_score	matched_random_lr	500	500	500	0.0001146236660354	0.0001146236660354	5.250689555189127e-05	4.27083608108556e-06	14.54440519471823	0.0009990009990009	14.54440519471823	0.0009990009990009
sota_soybean	sota_soybean	Glycine max	SAM	Stereo-seq cellbin + snRNA-seq	expression_only	2239	5	5000	0	1000	expression_only			contact	model_weighted_spatial_ccc_score	score_permutation	500	500	500	0.0001146236660354	0.0001146236660354	1.6721220945847916e-05	2.3470998818263677e-06	41.7120915252199	0.0009990009990009	41.7120915252199	0.0009990009990009
sota_soybean	sota_soybean	Glycine max	SAM	Stereo-seq cellbin + snRNA-seq	expression_only	2239	5	5000	0	1000	expression_only			contact	model_weighted_spatial_ccc_score	pooled	1000	1000	1000	5.813196893031994e-05	5.813196893031994e-05	3.333548395659731e-05	1.6214974575114733e-05	1.5292336635407384	0.0022494376405898	1.5292336635407384	0.0022494376405898
sota_soybean	sota_soybean	Glycine max	SAM	Stereo-seq cellbin + snRNA-seq	expression_only	2239	5	5000	0	1000	expression_only			contact	model_weighted_spatial_ccc_score	coordinate_permutation	1000	1000	1000	5.813196893031994e-05	5.813196893031994e-05	4.8683206173383936e-05	1.5450856398852802e-06	6.115365072992042	0.0009990009990009	6.115365072992042	0.0009990009990009
sota_soybean	sota_soybean	Glycine max	SAM	Stereo-seq cellbin + snRNA-seq	expression_only	2239	5	5000	0	1000	expression_only			contact	model_weighted_spatial_ccc_score	celltype_permutation	1000	1000	1000	5.813196893031994e-05	5.813196893031994e-05	4.761714985104767e-05	3.34750522334943e-06	3.1410911642286865	0.0089910089910089	3.1410911642286865	0.0089910089910089
sota_soybean	sota_soybean	Glycine max	SAM	Stereo-seq cellbin + snRNA-seq	expression_only	2239	5	5000	0	1000	expression_only			contact	model_weighted_spatial_ccc_score	matched_random_lr	1000	1000	1000	5.813196893031994e-05	5.813196893031994e-05	2.7281559878208504e-05	2.135347813856929e-06	14.4474866585732	0.0009990009990009	14.4474866585732	0.0009990009990009
sota_soybean	sota_soybean	Glycine max	SAM	Stereo-seq cellbin + snRNA-seq	expression_only	2239	5	5000	0	1000	expression_only			contact	model_weighted_spatial_ccc_score	score_permutation	1000	1000	1000	5.813196893031994e-05	5.813196893031994e-05	9.760019923749131e-06	1.155124830514467e-06	41.875949446110525	0.0009990009990009	41.875949446110525	0.0009990009990009
sota_soybean	sota_soybean	Glycine max	SAM	Stereo-seq cellbin + snRNA-seq	expression_only	2239	5	5000	0	1000	expression_only			contact	model_weighted_spatial_ccc_score	pooled	5000	5000	2030	2.8708203257407657e-05	2.8708203257407657e-05	1.656636076512083e-05	7.864259077700695e-06	1.543927072127535	0.0022494376405898	1.543927072127535	0.0022494376405898
sota_soybean	sota_soybean	Glycine max	SAM	Stereo-seq cellbin + snRNA-seq	expression_only	2239	5	5000	0	1000	expression_only			contact	model_weighted_spatial_ccc_score	coordinate_permutation	5000	5000	2030	2.8708203257407657e-05	2.8708203257407657e-05	2.404065336785971e-05	7.6304808824146e-07	6.11697999310227	0.0009990009990009	6.11697999310227	0.0009990009990009
sota_soybean	sota_soybean	Glycine max	SAM	Stereo-seq cellbin + snRNA-seq	expression_only	2239	5	5000	0	1000	expression_only			contact	model_weighted_spatial_ccc_score	celltype_permutation	5000	5000	2030	2.8708203257407657e-05	2.8708203257407657e-05	2.3510654869945523e-05	1.6519255714554855e-06	3.146357485635781	0.0089910089910089	3.146357485635781	0.0089910089910089
sota_soybean	sota_soybean	Glycine max	SAM	Stereo-seq cellbin + snRNA-seq	expression_only	2239	5	5000	0	1000	expression_only			contact	model_weighted_spatial_ccc_score	matched_random_lr	5000	5000	2030	2.8708203257407657e-05	2.8708203257407657e-05	1.351397106142074e-05	1.051878683349095e-06	14.444852278600925	0.0009990009990009	14.444852278600925	0.0009990009990009
sota_soybean	sota_soybean	Glycine max	SAM	Stereo-seq cellbin + snRNA-seq	expression_only	2239	5	5000	0	1000	expression_only			contact	model_weighted_spatial_ccc_score	score_permutation	5000	5000	2030	2.8708203257407657e-05	2.8708203257407657e-05	5.200163761257349e-06	5.619903680094793e-07	41.82996868685441	0.0009990009990009	41.82996868685441	0.0009990009990009
sota_soybean	sota_soybean	Glycine max	SAM	Stereo-seq cellbin + snRNA-seq	expression_only	2239	5	5000	0	1000	expression_only			exp	spatial_ccc_score	pooled	100	100	100	0.0015041323478272	0.0015041323478272	0.0011961614964688	0.0003105796250384	0.9916003064278188	0.2536865783554111	0.9916003064278188	0.2536865783554111
sota_soybean	sota_soybean	Glycine max	SAM	Stereo-seq cellbin + snRNA-seq	expression_only	2239	5	5000	0	1000	expression_only			exp	spatial_ccc_score	coordinate_permutation	100	100	100	0.0015041323478272	0.0015041323478272	0.0013190296531813	2.072744520952284e-05	8.930318848984411	0.0009990009990009	8.930318848984411	0.0009990009990009
sota_soybean	sota_soybean	Glycine max	SAM	Stereo-seq cellbin + snRNA-seq	expression_only	2239	5	5000	0	1000	expression_only			exp	spatial_ccc_score	celltype_permutation	100	100	100	0.0015041323478272	0.0015041323478272	0.0012736394374195	8.370767187855911e-05	2.753545824832732	0.0149850149850149	2.753545824832732	0.0149850149850149
sota_soybean	sota_soybean	Glycine max	SAM	Stereo-seq cellbin + snRNA-seq	expression_only	2239	5	5000	0	1000	expression_only			exp	spatial_ccc_score	matched_random_lr	100	100	100	0.0015041323478272	0.0015041323478272	0.0006878445474472	6.313156036998426e-05	12.929948120972607	0.0009990009990009	12.929948120972607	0.0009990009990009
sota_soybean	sota_soybean	Glycine max	SAM	Stereo-seq cellbin + snRNA-seq	expression_only	2239	5	5000	0	1000	expression_only			exp	spatial_ccc_score	score_permutation	100	100	100	0.0015041323478272	0.0015041323478272	0.0015041323478272	0.0	0.0	1.0	0.0	1.0
sota_soybean	sota_soybean	Glycine max	SAM	Stereo-seq cellbin + snRNA-seq	expression_only	2239	5	5000	0	1000	expression_only			exp	spatial_ccc_score	pooled	500	500	500	0.0005875751352721	0.0005875751352721	0.0005031491164658	6.438764932621131e-05	1.3112144905091336	0.2529367658085478	1.3112144905091336	0.2529367658085478
sota_soybean	sota_soybean	Glycine max	SAM	Stereo-seq cellbin + snRNA-seq	expression_only	2239	5	5000	0	1000	expression_only			exp	spatial_ccc_score	coordinate_permutation	500	500	500	0.0005875751352721	0.0005875751352721	0.0005148916604008	8.071346856159538e-06	9.005123452959282	0.0009990009990009	9.005123452959282	0.0009990009990009
sota_soybean	sota_soybean	Glycine max	SAM	Stereo-seq cellbin + snRNA-seq	expression_only	2239	5	5000	0	1000	expression_only			exp	spatial_ccc_score	celltype_permutation	500	500	500	0.0005875751352721	0.0005875751352721	0.0004955639801583	3.0977315837208226e-05	2.970275268438776	0.0119880119880119	2.970275268438776	0.0119880119880119
sota_soybean	sota_soybean	Glycine max	SAM	Stereo-seq cellbin + snRNA-seq	expression_only	2239	5	5000	0	1000	expression_only			exp	spatial_ccc_score	matched_random_lr	500	500	500	0.0005875751352721	0.0005875751352721	0.000414565690032	1.9631695295366586e-05	8.812761335032588	0.0009990009990009	8.812761335032588	0.0009990009990009
sota_soybean	sota_soybean	Glycine max	SAM	Stereo-seq cellbin + snRNA-seq	expression_only	2239	5	5000	0	1000	expression_only			exp	spatial_ccc_score	score_permutation	500	500	500	0.0005875751352721	0.0005875751352721	0.0005875751352721	0.0	0.0	1.0	0.0	1.0
sota_soybean	sota_soybean	Glycine max	SAM	Stereo-seq cellbin + snRNA-seq	expression_only	2239	5	5000	0	1000	expression_only			exp	spatial_ccc_score	pooled	1000	1000	1000	0.0003426249580739	0.0003426249580739	0.0003000884791452	2.904801043387883e-05	1.4643508554737066	0.2526868282929267	1.4643508554737066	0.2526868282929267
sota_soybean	sota_soybean	Glycine max	SAM	Stereo-seq cellbin + snRNA-seq	expression_only	2239	5	5000	0	1000	expression_only			exp	spatial_ccc_score	coordinate_permutation	1000	1000	1000	0.0003426249580739	0.0003426249580739	0.0003000947105964	4.6972122005805165e-06	9.054359407517817	0.0009990009990009	9.054359407517817	0.0009990009990009
sota_soybean	sota_soybean	Glycine max	SAM	Stereo-seq cellbin + snRNA-seq	expression_only	2239	5	5000	0	1000	expression_only			exp	spatial_ccc_score	celltype_permutation	1000	1000	1000	0.0003426249580739	0.0003426249580739	0.0002894792321354	1.7553685529441413e-05	3.027610688900201	0.0109890109890109	3.027610688900201	0.0109890109890109
sota_soybean	sota_soybean	Glycine max	SAM	Stereo-seq cellbin + snRNA-seq	expression_only	2239	5	5000	0	1000	expression_only			exp	spatial_ccc_score	matched_random_lr	1000	1000	1000	0.0003426249580739	0.0003426249580739	0.0002681550157752	1.0143321688980517e-05	7.341770731729573	0.0009990009990009	7.341770731729573	0.0009990009990009
sota_soybean	sota_soybean	Glycine max	SAM	Stereo-seq cellbin + snRNA-seq	expression_only	2239	5	5000	0	1000	expression_only			exp	spatial_ccc_score	score_permutation	1000	1000	1000	0.0003426249580739	0.0003426249580739	0.0003426249580739	1.0847446804866718e-19	0.999499874937461	1.0	0.999499874937461	1.0
sota_soybean	sota_soybean	Glycine max	SAM	Stereo-seq cellbin + snRNA-seq	expression_only	2239	5	5000	0	1000	expression_only			exp	spatial_ccc_score	pooled	5000	5000	2030	0.0001825396768226	0.0001825396768226	0.0001604789765823	1.4614415246297352e-05	1.50951645129303	0.2526868282929267	1.50951645129303	0.2526868282929267
sota_soybean	sota_soybean	Glycine max	SAM	Stereo-seq cellbin + snRNA-seq	expression_only	2239	5	5000	0	1000	expression_only			exp	spatial_ccc_score	coordinate_permutation	5000	5000	2030	0.0001825396768226	0.0001825396768226	0.0001596513898129	2.504331111315148e-06	9.139481159774403	0.0009990009990009	9.139481159774403	0.0009990009990009
sota_soybean	sota_soybean	Glycine max	SAM	Stereo-seq cellbin + snRNA-seq	expression_only	2239	5	5000	0	1000	expression_only			exp	spatial_ccc_score	celltype_permutation	5000	5000	2030	0.0001825396768226	0.0001825396768226	0.0001534692589179	9.17077108390923e-06	3.169898980001788	0.0109890109890109	3.169898980001788	0.0109890109890109
sota_soybean	sota_soybean	Glycine max	SAM	Stereo-seq cellbin + snRNA-seq	expression_only	2239	5	5000	0	1000	expression_only			exp	spatial_ccc_score	matched_random_lr	5000	5000	2030	0.0001825396768226	0.0001825396768226	0.0001462555807758	5.005110901617006e-06	7.249409006125386	0.0009990009990009	7.249409006125386	0.0009990009990009
sota_soybean	sota_soybean	Glycine max	SAM	Stereo-seq cellbin + snRNA-seq	expression_only	2239	5	5000	0	1000	expression_only			exp	spatial_ccc_score	score_permutation	5000	5000	2030	0.0001825396768226	0.0001825396768226	0.0001825396768226	2.7118617012166795e-20	-0.999499874937461	1.0	-0.999499874937461	1.0
sota_soybean	sota_soybean	Glycine max	SAM	Stereo-seq cellbin + snRNA-seq	expression_only	2239	5	5000	0	1000	expression_only			exp	model_weighted_spatial_ccc_score	pooled	100	100	100	0.0005013510254142	0.0005013510254142	0.0002772329429833	0.0001701591060898	1.317108955147931	0.0049987503124218	1.317108955147931	0.0049987503124218
sota_soybean	sota_soybean	Glycine max	SAM	Stereo-seq cellbin + snRNA-seq	expression_only	2239	5	5000	0	1000	expression_only			exp	model_weighted_spatial_ccc_score	coordinate_permutation	100	100	100	0.0005013510254142	0.0005013510254142	0.0004409380100998	6.7768527256419805e-06	8.914612396080884	0.0009990009990009	8.914612396080884	0.0009990009990009
sota_soybean	sota_soybean	Glycine max	SAM	Stereo-seq cellbin + snRNA-seq	expression_only	2239	5	5000	0	1000	expression_only			exp	model_weighted_spatial_ccc_score	celltype_permutation	100	100	100	0.0005013510254142	0.0005013510254142	0.0004371224385765	2.657257293084921e-05	2.4171007830089444	0.0199800199800199	2.4171007830089444	0.0199800199800199
sota_soybean	sota_soybean	Glycine max	SAM	Stereo-seq cellbin + snRNA-seq	expression_only	2239	5	5000	0	1000	expression_only			exp	model_weighted_spatial_ccc_score	matched_random_lr	100	100	100	0.0005013510254142	0.0005013510254142	0.000185170700901	2.1184989170251028e-05	14.92473382791485	0.0009990009990009	14.92473382791485	0.0009990009990009
sota_soybean	sota_soybean	Glycine max	SAM	Stereo-seq cellbin + snRNA-seq	expression_only	2239	5	5000	0	1000	expression_only			exp	model_weighted_spatial_ccc_score	score_permutation	100	100	100	0.0005013510254142	0.0005013510254142	4.570062235608701e-05	1.1889944389253278e-05	38.3223325644861	0.0009990009990009	38.3223325644861	0.0009990009990009
sota_soybean	sota_soybean	Glycine max	SAM	Stereo-seq cellbin + snRNA-seq	expression_only	2239	5	5000	0	1000	expression_only			exp	model_weighted_spatial_ccc_score	pooled	500	500	500	0.0001212876444262	0.0001212876444262	7.120068091363241e-05	3.7317751106821686e-05	1.342175292644069	0.0039990002499375	1.342175292644069	0.0039990002499375
sota_soybean	sota_soybean	Glycine max	SAM	Stereo-seq cellbin + snRNA-seq	expression_only	2239	5	5000	0	1000	expression_only			exp	model_weighted_spatial_ccc_score	coordinate_permutation	500	500	500	0.0001212876444262	0.0001212876444262	0.0001065868414657	1.645187693447238e-06	8.935638783986112	0.0009990009990009	8.935638783986112	0.0009990009990009
sota_soybean	sota_soybean	Glycine max	SAM	Stereo-seq cellbin + snRNA-seq	expression_only	2239	5	5000	0	1000	expression_only			exp	model_weighted_spatial_ccc_score	celltype_permutation	500	500	500	0.0001212876444262	0.0001212876444262	0.0001049371516179	6.322944022173814e-06	2.585898712837464	0.0159840159840159	2.585898712837464	0.0159840159840159
sota_soybean	sota_soybean	Glycine max	SAM	Stereo-seq cellbin + snRNA-seq	expression_only	2239	5	5000	0	1000	expression_only			exp	model_weighted_spatial_ccc_score	matched_random_lr	500	500	500	0.0001212876444262	0.0001212876444262	5.562588062118508e-05	4.475104994391629e-06	14.672675588026218	0.0009990009990009	14.672675588026218	0.0009990009990009
sota_soybean	sota_soybean	Glycine max	SAM	Stereo-seq cellbin + snRNA-seq	expression_only	2239	5	5000	0	1000	expression_only			exp	model_weighted_spatial_ccc_score	score_permutation	500	500	500	0.0001212876444262	0.0001212876444262	1.765284994963231e-05	2.4793524323533188e-06	41.79913800243814	0.0009990009990009	41.79913800243814	0.0009990009990009
sota_soybean	sota_soybean	Glycine max	SAM	Stereo-seq cellbin + snRNA-seq	expression_only	2239	5	5000	0	1000	expression_only			exp	model_weighted_spatial_ccc_score	pooled	1000	1000	1000	6.151022683375847e-05	6.151022683375847e-05	3.661696584823439e-05	1.83650529530184e-05	1.3554690557770883	0.0039990002499375	1.3554690557770883	0.0039990002499375
sota_soybean	sota_soybean	Glycine max	SAM	Stereo-seq cellbin + snRNA-seq	expression_only	2239	5	5000	0	1000	expression_only			exp	model_weighted_spatial_ccc_score	coordinate_permutation	1000	1000	1000	6.151022683375847e-05	6.151022683375847e-05	5.405131788438085e-05	8.342696379490189e-07	8.940645338256244	0.0009990009990009	8.940645338256244	0.0009990009990009
sota_soybean	sota_soybean	Glycine max	SAM	Stereo-seq cellbin + snRNA-seq	expression_only	2239	5	5000	0	1000	expression_only			exp	model_weighted_spatial_ccc_score	celltype_permutation	1000	1000	1000	6.151022683375847e-05	6.151022683375847e-05	5.321386488012046e-05	3.195894551115328e-06	2.5959435835399143	0.0159840159840159	2.5959435835399143	0.0159840159840159
sota_soybean	sota_soybean	Glycine max	SAM	Stereo-seq cellbin + snRNA-seq	expression_only	2239	5	5000	0	1000	expression_only			exp	model_weighted_spatial_ccc_score	matched_random_lr	1000	1000	1000	6.151022683375847e-05	6.151022683375847e-05	2.8899184211408767e-05	2.237439535963872e-06	14.5751615175161	0.0009990009990009	14.5751615175161	0.0009990009990009
sota_soybean	sota_soybean	Glycine max	SAM	Stereo-seq cellbin + snRNA-seq	expression_only	2239	5	5000	0	1000	expression_only			exp	model_weighted_spatial_ccc_score	score_permutation	1000	1000	1000	6.151022683375847e-05	6.151022683375847e-05	1.030349641702747e-05	1.22000418399855e-06	41.97258590450199	0.0009990009990009	41.97258590450199	0.0009990009990009
sota_soybean	sota_soybean	Glycine max	SAM	Stereo-seq cellbin + snRNA-seq	expression_only	2239	5	5000	0	1000	expression_only			exp	model_weighted_spatial_ccc_score	pooled	5000	5000	2030	3.037590372405395e-05	3.037590372405395e-05	1.819169772374672e-05	8.92059793279446e-06	1.3658508198777677	0.0039990002499375	1.3658508198777677	0.0039990002499375
sota_soybean	sota_soybean	Glycine max	SAM	Stereo-seq cellbin + snRNA-seq	expression_only	2239	5	5000	0	1000	expression_only			exp	model_weighted_spatial_ccc_score	coordinate_permutation	5000	5000	2030	3.037590372405395e-05	3.037590372405395e-05	2.6691149026751777e-05	4.12005393792317e-07	8.943462277000139	0.0009990009990009	8.943462277000139	0.0009990009990009
sota_soybean	sota_soybean	Glycine max	SAM	Stereo-seq cellbin + snRNA-seq	expression_only	2239	5	5000	0	1000	expression_only			exp	model_weighted_spatial_ccc_score	celltype_permutation	5000	5000	2030	3.037590372405395e-05	3.037590372405395e-05	2.6273997283419743e-05	1.57694973227603e-06	2.601164993835205	0.0159840159840159	2.601164993835205	0.0159840159840159
sota_soybean	sota_soybean	Glycine max	SAM	Stereo-seq cellbin + snRNA-seq	expression_only	2239	5	5000	0	1000	expression_only			exp	model_weighted_spatial_ccc_score	matched_random_lr	5000	5000	2030	3.037590372405395e-05	3.037590372405395e-05	1.4314884176934666e-05	1.102166781033568e-06	14.572222483477413	0.0009990009990009	14.572222483477413	0.0009990009990009
sota_soybean	sota_soybean	Glycine max	SAM	Stereo-seq cellbin + snRNA-seq	expression_only	2239	5	5000	0	1000	expression_only			exp	model_weighted_spatial_ccc_score	score_permutation	5000	5000	2030	3.037590372405395e-05	3.037590372405395e-05	5.48676040788069e-06	5.935248874372621e-07	41.934456065760415	0.0009990009990009	41.934456065760415	0.0009990009990009
sota_soybean	sota_soybean	Glycine max	Leaf	Stereo-seq cellbin + snRNA-seq	dbfree	2391	5	5000	0	1000	model			contact	spatial_ccc_score	pooled	100	100	100	3.5000416037000576e-05	3.5000416037000576e-05	7.387283651317313e-05	6.685906814818208e-05	-0.581408349724801	0.7305673581604599	-0.581408349724801	0.7305673581604599
sota_soybean	sota_soybean	Glycine max	Leaf	Stereo-seq cellbin + snRNA-seq	dbfree	2391	5	5000	0	1000	model			contact	spatial_ccc_score	coordinate_permutation	100	100	100	3.5000416037000576e-05	3.5000416037000576e-05	3.421748237196185e-05	4.344476594828655e-07	1.8021357646872251	0.0399600399600399	1.8021357646872251	0.0399600399600399
sota_soybean	sota_soybean	Glycine max	Leaf	Stereo-seq cellbin + snRNA-seq	dbfree	2391	5	5000	0	1000	model			contact	spatial_ccc_score	celltype_permutation	100	100	100	3.5000416037000576e-05	3.5000416037000576e-05	0.0001839062840986	4.05940189175246e-05	-3.668172603558709	1.0	-3.668172603558709	1.0
sota_soybean	sota_soybean	Glycine max	Leaf	Stereo-seq cellbin + snRNA-seq	dbfree	2391	5	5000	0	1000	model			contact	spatial_ccc_score	matched_random_lr	100	100	100	3.5000416037000576e-05	3.5000416037000576e-05	4.236716354512183e-05	6.791296290724783e-06	-1.084733634458327	0.8831168831168831	-1.084733634458327	0.8831168831168831
sota_soybean	sota_soybean	Glycine max	Leaf	Stereo-seq cellbin + snRNA-seq	dbfree	2391	5	5000	0	1000	model			contact	spatial_ccc_score	score_permutation	100	100	100	3.5000416037000576e-05	3.5000416037000576e-05	3.5000416037000576e-05	0.0	0.0	1.0	0.0	1.0
sota_soybean	sota_soybean	Glycine max	Leaf	Stereo-seq cellbin + snRNA-seq	dbfree	2391	5	5000	0	1000	model			contact	spatial_ccc_score	pooled	500	500	500	3.1563574424434325e-05	3.1563574424434325e-05	6.551228851375368e-05	5.833697695795412e-05	-0.5819416065009265	0.7565608597850537	-0.5819416065009265	0.7565608597850537
sota_soybean	sota_soybean	Glycine max	Leaf	Stereo-seq cellbin + snRNA-seq	dbfree	2391	5	5000	0	1000	model			contact	spatial_ccc_score	coordinate_permutation	500	500	500	3.1563574424434325e-05	3.1563574424434325e-05	3.078988713998647e-05	4.082443989756024e-07	1.895157132318895	0.0329670329670329	1.895157132318895	0.0329670329670329
sota_soybean	sota_soybean	Glycine max	Leaf	Stereo-seq cellbin + snRNA-seq	dbfree	2391	5	5000	0	1000	model			contact	spatial_ccc_score	celltype_permutation	500	500	500	3.1563574424434325e-05	3.1563574424434325e-05	0.0001625967061591	3.182639506691147e-05	-4.117121384914675	1.0	-4.117121384914675	1.0
sota_soybean	sota_soybean	Glycine max	Leaf	Stereo-seq cellbin + snRNA-seq	dbfree	2391	5	5000	0	1000	model			contact	spatial_ccc_score	matched_random_lr	500	500	500	3.1563574424434325e-05	3.1563574424434325e-05	3.709898633143546e-05	2.545891743028754e-06	-2.1742526649683303	0.994005994005994	-2.1742526649683303	0.994005994005994
sota_soybean	sota_soybean	Glycine max	Leaf	Stereo-seq cellbin + snRNA-seq	dbfree	2391	5	5000	0	1000	model			contact	spatial_ccc_score	score_permutation	500	500	500	3.1563574424434325e-05	3.1563574424434325e-05	3.156357442443432e-05	6.779654253041699e-21	0.999499874937461	1.0	0.999499874937461	1.0
sota_soybean	sota_soybean	Glycine max	Leaf	Stereo-seq cellbin + snRNA-seq	dbfree	2391	5	5000	0	1000	model			contact	spatial_ccc_score	pooled	1000	1000	1000	2.6535165930422745e-05	2.6535165930422745e-05	5.489960329030537e-05	4.857066601420767e-05	-0.5839828787108992	0.7570607348162959	-0.5839828787108992	0.7570607348162959
sota_soybean	sota_soybean	Glycine max	Leaf	Stereo-seq cellbin + snRNA-seq	dbfree	2391	5	5000	0	1000	model			contact	spatial_ccc_score	coordinate_permutation	1000	1000	1000	2.6535165930422745e-05	2.6535165930422745e-05	2.5850756372348843e-05	3.5072491576592525e-07	1.9514141348619671	0.0299700299700299	1.9514141348619671	0.0299700299700299
sota_soybean	sota_soybean	Glycine max	Leaf	Stereo-seq cellbin + snRNA-seq	dbfree	2391	5	5000	0	1000	model			contact	spatial_ccc_score	celltype_permutation	1000	1000	1000	2.6535165930422745e-05	2.6535165930422745e-05	0.0001361065733557	2.4956429015808823e-05	-4.390508247629779	1.0	-4.390508247629779	1.0
sota_soybean	sota_soybean	Glycine max	Leaf	Stereo-seq cellbin + snRNA-seq	dbfree	2391	5	5000	0	1000	model			contact	spatial_ccc_score	matched_random_lr	1000	1000	1000	2.6535165930422745e-05	2.6535165930422745e-05	3.110591750273136e-05	1.6340910355719005e-06	-2.7971217470812086	0.999000999000999	-2.7971217470812086	0.999000999000999
sota_soybean	sota_soybean	Glycine max	Leaf	Stereo-seq cellbin + snRNA-seq	dbfree	2391	5	5000	0	1000	model			contact	spatial_ccc_score	score_permutation	1000	1000	1000	2.6535165930422745e-05	2.6535165930422745e-05	2.653516593042274e-05	3.3898271265208486e-21	0.999499874937461	1.0	0.999499874937461	1.0
sota_soybean	sota_soybean	Glycine max	Leaf	Stereo-seq cellbin + snRNA-seq	dbfree	2391	5	5000	0	1000	model			contact	spatial_ccc_score	pooled	5000	5000	4775	1.978309353853797e-05	1.978309353853797e-05	3.776609856979584e-05	3.2228215325843226e-05	-0.5579894775258505	0.5741064733816545	-0.5579894775258505	0.5741064733816545
sota_soybean	sota_soybean	Glycine max	Leaf	Stereo-seq cellbin + snRNA-seq	dbfree	2391	5	5000	0	1000	model			contact	spatial_ccc_score	coordinate_permutation	5000	5000	4775	1.978309353853797e-05	1.978309353853797e-05	1.9287057174203008e-05	2.970619718789282e-07	1.6698076875929704	0.0519480519480519	1.6698076875929704	0.0519480519480519
sota_soybean	sota_soybean	Glycine max	Leaf	Stereo-seq cellbin + snRNA-seq	dbfree	2391	5	5000	0	1000	model			contact	spatial_ccc_score	celltype_permutation	5000	5000	4775	1.978309353853797e-05	1.978309353853797e-05	9.255992147436702e-05	1.2250277328787123e-05	-5.940831050804833	1.0	-5.940831050804833	1.0
sota_soybean	sota_soybean	Glycine max	Leaf	Stereo-seq cellbin + snRNA-seq	dbfree	2391	5	5000	0	1000	model			contact	spatial_ccc_score	matched_random_lr	5000	5000	4775	1.978309353853797e-05	1.978309353853797e-05	1.9434322092075325e-05	5.524659477451908e-07	0.6312994454881847	0.2457542457542457	0.6312994454881847	0.2457542457542457
sota_soybean	sota_soybean	Glycine max	Leaf	Stereo-seq cellbin + snRNA-seq	dbfree	2391	5	5000	0	1000	model			contact	spatial_ccc_score	score_permutation	5000	5000	4775	1.978309353853797e-05	1.978309353853797e-05	1.9783093538537965e-05	3.3898271265208486e-21	0.999499874937461	1.0	0.999499874937461	1.0
sota_soybean	sota_soybean	Glycine max	Leaf	Stereo-seq cellbin + snRNA-seq	dbfree	2391	5	5000	0	1000	model			contact	model_weighted_spatial_ccc_score	pooled	100	100	100	3.111445791510897e-05	3.111445791510897e-05	6.444007387788619e-05	6.011250851097373e-05	-0.5543873777400842	0.4806298425393651	-0.5543873777400842	0.4806298425393651
sota_soybean	sota_soybean	Glycine max	Leaf	Stereo-seq cellbin + snRNA-seq	dbfree	2391	5	5000	0	1000	model			contact	model_weighted_spatial_ccc_score	coordinate_permutation	100	100	100	3.111445791510897e-05	3.111445791510897e-05	3.0418359348200348e-05	3.864869741910398e-07	1.8010919213141208	0.0399600399600399	1.8010919213141208	0.0399600399600399
sota_soybean	sota_soybean	Glycine max	Leaf	Stereo-seq cellbin + snRNA-seq	dbfree	2391	5	5000	0	1000	model			contact	model_weighted_spatial_ccc_score	celltype_permutation	100	100	100	3.111445791510897e-05	3.111445791510897e-05	0.0001633800096754	3.601796852569242e-05	-3.672210209912915	1.0	-3.672210209912915	1.0
sota_soybean	sota_soybean	Glycine max	Leaf	Stereo-seq cellbin + snRNA-seq	dbfree	2391	5	5000	0	1000	model			contact	model_weighted_spatial_ccc_score	matched_random_lr	100	100	100	3.111445791510897e-05	3.111445791510897e-05	3.764076984179753e-05	6.036322704310636e-06	-1.0811734637758867	0.8831168831168831	-1.0811734637758867	0.8831168831168831
sota_soybean	sota_soybean	Glycine max	Leaf	Stereo-seq cellbin + snRNA-seq	dbfree	2391	5	5000	0	1000	model			contact	model_weighted_spatial_ccc_score	score_permutation	100	100	100	3.111445791510897e-05	3.111445791510897e-05	2.632115664606821e-05	2.2806419360816585e-07	21.01733373050252	0.0009990009990009	21.01733373050252	0.0009990009990009
sota_soybean	sota_soybean	Glycine max	Leaf	Stereo-seq cellbin + snRNA-seq	dbfree	2391	5	5000	0	1000	model			contact	model_weighted_spatial_ccc_score	pooled	500	500	500	2.685018243784474e-05	2.685018243784474e-05	5.497787153794598e-05	5.0123344453396295e-05	-0.561169439247092	0.506623344163959	-0.561169439247092	0.506623344163959
sota_soybean	sota_soybean	Glycine max	Leaf	Stereo-seq cellbin + snRNA-seq	dbfree	2391	5	5000	0	1000	model			contact	model_weighted_spatial_ccc_score	coordinate_permutation	500	500	500	2.685018243784474e-05	2.685018243784474e-05	2.619249206183084e-05	3.4689381761963005e-07	1.895941474330514	0.0329670329670329	1.895941474330514	0.0329670329670329
sota_soybean	sota_soybean	Glycine max	Leaf	Stereo-seq cellbin + snRNA-seq	dbfree	2391	5	5000	0	1000	model			contact	model_weighted_spatial_ccc_score	celltype_permutation	500	500	500	2.685018243784474e-05	2.685018243784474e-05	0.0001383743474995	2.7151608260458245e-05	-4.10746074383243	1.0	-4.10746074383243	1.0
sota_soybean	sota_soybean	Glycine max	Leaf	Stereo-seq cellbin + snRNA-seq	dbfree	2391	5	5000	0	1000	model			contact	model_weighted_spatial_ccc_score	matched_random_lr	500	500	500	2.685018243784474e-05	2.685018243784474e-05	3.1594730256689573e-05	2.182256591526964e-06	-2.1741475485818045	0.994005994005994	-2.1741475485818045	0.994005994005994
sota_soybean	sota_soybean	Glycine max	Leaf	Stereo-seq cellbin + snRNA-seq	dbfree	2391	5	5000	0	1000	model			contact	model_weighted_spatial_ccc_score	score_permutation	500	500	500	2.685018243784474e-05	2.685018243784474e-05	2.37499163336702e-05	9.602937887096805e-08	32.28455854473748	0.0009990009990009	32.28455854473748	0.0009990009990009
sota_soybean	sota_soybean	Glycine max	Leaf	Stereo-seq cellbin + snRNA-seq	dbfree	2391	5	5000	0	1000	model			contact	model_weighted_spatial_ccc_score	pooled	1000	1000	1000	2.197764174703108e-05	2.197764174703108e-05	4.498822901738543e-05	4.056539744438146e-05	-0.5672466860925935	0.5071232191952012	-0.5672466860925935	0.5071232191952012
sota_soybean	sota_soybean	Glycine max	Leaf	Stereo-seq cellbin + snRNA-seq	dbfree	2391	5	5000	0	1000	model			contact	model_weighted_spatial_ccc_score	coordinate_permutation	1000	1000	1000	2.197764174703108e-05	2.197764174703108e-05	2.1412063349294053e-05	2.899831913783284e-07	1.9503833827359451	0.0299700299700299	1.9503833827359451	0.0299700299700299
sota_soybean	sota_soybean	Glycine max	Leaf	Stereo-seq cellbin + snRNA-seq	dbfree	2391	5	5000	0	1000	model			contact	model_weighted_spatial_ccc_score	celltype_permutation	1000	1000	1000	2.197764174703108e-05	2.197764174703108e-05	0.0001127885398811	2.0772165099936093e-05	-4.371758923408842	1.0	-4.371758923408842	1.0
sota_soybean	sota_soybean	Glycine max	Leaf	Stereo-seq cellbin + snRNA-seq	dbfree	2391	5	5000	0	1000	model			contact	model_weighted_spatial_ccc_score	matched_random_lr	1000	1000	1000	2.197764174703108e-05	2.197764174703108e-05	2.57882948328102e-05	1.36268928608895e-06	-2.796421109845268	0.999000999000999	-2.796421109845268	0.999000999000999
sota_soybean	sota_soybean	Glycine max	Leaf	Stereo-seq cellbin + snRNA-seq	dbfree	2391	5	5000	0	1000	model			contact	model_weighted_spatial_ccc_score	score_permutation	1000	1000	1000	2.197764174703108e-05	2.197764174703108e-05	1.996401800623908e-05	5.957915393289615e-08	33.79745444287348	0.0009990009990009	33.79745444287348	0.0009990009990009
sota_soybean	sota_soybean	Glycine max	Leaf	Stereo-seq cellbin + snRNA-seq	dbfree	2391	5	5000	0	1000	model			contact	model_weighted_spatial_ccc_score	pooled	5000	5000	4775	1.5065867088307812e-05	1.5065867088307812e-05	2.88050392405704e-05	2.468173958226769e-05	-0.5566533147498783	0.3414146463384154	-0.5566533147498783	0.3414146463384154
sota_soybean	sota_soybean	Glycine max	Leaf	Stereo-seq cellbin + snRNA-seq	dbfree	2391	5	5000	0	1000	model			contact	model_weighted_spatial_ccc_score	coordinate_permutation	5000	5000	4775	1.5065867088307812e-05	1.5065867088307812e-05	1.4688431863309691e-05	2.249119668731013e-07	1.6781464776886397	0.0509490509490509	1.6781464776886397	0.0509490509490509
sota_soybean	sota_soybean	Glycine max	Leaf	Stereo-seq cellbin + snRNA-seq	dbfree	2391	5	5000	0	1000	model			contact	model_weighted_spatial_ccc_score	celltype_permutation	5000	5000	4775	1.5065867088307812e-05	1.5065867088307812e-05	7.075689671505716e-05	9.453074717434331e-06	-5.891313809679112	1.0	-5.891313809679112	1.0
sota_soybean	sota_soybean	Glycine max	Leaf	Stereo-seq cellbin + snRNA-seq	dbfree	2391	5	5000	0	1000	model			contact	model_weighted_spatial_ccc_score	matched_random_lr	5000	5000	4775	1.5065867088307812e-05	1.5065867088307812e-05	1.4889681609943437e-05	4.2905740035080425e-07	0.4106338178069484	0.3156843156843157	0.4106338178069484	0.3156843156843157
sota_soybean	sota_soybean	Glycine max	Leaf	Stereo-seq cellbin + snRNA-seq	dbfree	2391	5	5000	0	1000	model			contact	model_weighted_spatial_ccc_score	score_permutation	5000	5000	4775	1.5065867088307812e-05	1.5065867088307812e-05	1.4885146773971306e-05	2.553381286988767e-08	7.077686174697078	0.0009990009990009	7.077686174697078	0.0009990009990009
sota_soybean	sota_soybean	Glycine max	Leaf	Stereo-seq cellbin + snRNA-seq	dbfree	2391	5	5000	0	1000	model			exp	spatial_ccc_score	pooled	100	100	100	3.6810522934920553e-05	3.6810522934920553e-05	7.700993643174986e-05	6.870132907826815e-05	-0.5851329812125181	0.7300674831292177	-0.5851329812125181	0.7300674831292177
sota_soybean	sota_soybean	Glycine max	Leaf	Stereo-seq cellbin + snRNA-seq	dbfree	2391	5	5000	0	1000	model			exp	spatial_ccc_score	coordinate_permutation	100	100	100	3.6810522934920553e-05	3.6810522934920553e-05	3.64457371363992e-05	2.1903544179951386e-07	1.6654190551283043	0.0479520479520479	1.6654190551283043	0.0479520479520479
sota_soybean	sota_soybean	Glycine max	Leaf	Stereo-seq cellbin + snRNA-seq	dbfree	2391	5	5000	0	1000	model			exp	spatial_ccc_score	celltype_permutation	100	100	100	3.6810522934920553e-05	3.6810522934920553e-05	0.0001904674408507	4.028098026343493e-05	-3.814627074886472	1.0	-3.814627074886472	1.0
sota_soybean	sota_soybean	Glycine max	Leaf	Stereo-seq cellbin + snRNA-seq	dbfree	2391	5	5000	0	1000	model			exp	spatial_ccc_score	matched_random_lr	100	100	100	3.6810522934920553e-05	3.6810522934920553e-05	4.431604480489265e-05	7.134127894751371e-06	-1.0520587772885268	0.8731268731268731	-1.0520587772885268	0.8731268731268731
sota_soybean	sota_soybean	Glycine max	Leaf	Stereo-seq cellbin + snRNA-seq	dbfree	2391	5	5000	0	1000	model			exp	spatial_ccc_score	score_permutation	100	100	100	3.6810522934920553e-05	3.6810522934920553e-05	3.6810522934920553e-05	0.0	0.0	1.0	0.0	1.0
sota_soybean	sota_soybean	Glycine max	Leaf	Stereo-seq cellbin + snRNA-seq	dbfree	2391	5	5000	0	1000	model			exp	spatial_ccc_score	pooled	500	500	500	3.313579435819877e-05	3.313579435819877e-05	6.82825807405182e-05	5.996874222934366e-05	-0.5860851016001725	0.7610597350662335	-0.5860851016001725	0.7610597350662335
sota_soybean	sota_soybean	Glycine max	Leaf	Stereo-seq cellbin + snRNA-seq	dbfree	2391	5	5000	0	1000	model			exp	spatial_ccc_score	coordinate_permutation	500	500	500	3.313579435819877e-05	3.313579435819877e-05	3.279770928282241e-05	2.0592339302676747e-07	1.6418002365200557	0.0509490509490509	1.6418002365200557	0.0509490509490509
sota_soybean	sota_soybean	Glycine max	Leaf	Stereo-seq cellbin + snRNA-seq	dbfree	2391	5	5000	0	1000	model			exp	spatial_ccc_score	celltype_permutation	500	500	500	3.313579435819877e-05	3.313579435819877e-05	0.0001683890900357	3.1474695470579174e-05	-4.297207444119286	1.0	-4.297207444119286	1.0
sota_soybean	sota_soybean	Glycine max	Leaf	Stereo-seq cellbin + snRNA-seq	dbfree	2391	5	5000	0	1000	model			exp	spatial_ccc_score	matched_random_lr	500	500	500	3.313579435819877e-05	3.313579435819877e-05	3.880772928529245e-05	2.673976603245888e-06	-2.121161015473593	0.994005994005994	-2.121161015473593	0.994005994005994
sota_soybean	sota_soybean	Glycine max	Leaf	Stereo-seq cellbin + snRNA-seq	dbfree	2391	5	5000	0	1000	model			exp	spatial_ccc_score	score_permutation	500	500	500	3.313579435819877e-05	3.313579435819877e-05	3.313579435819879e-05	2.0338962759125094e-20	-0.9994998749374608	1.0	-0.9994998749374608	1.0
sota_soybean	sota_soybean	Glycine max	Leaf	Stereo-seq cellbin + snRNA-seq	dbfree	2391	5	5000	0	1000	model			exp	spatial_ccc_score	pooled	1000	1000	1000	2.782599932886342e-05	2.782599932886342e-05	5.7213696796286864e-05	4.993972603172524e-05	-0.5884633297498328	0.5123719070232442	-0.5884633297498328	0.5123719070232442
sota_soybean	sota_soybean	Glycine max	Leaf	Stereo-seq cellbin + snRNA-seq	dbfree	2391	5	5000	0	1000	model			exp	spatial_ccc_score	coordinate_permutation	1000	1000	1000	2.782599932886342e-05	2.782599932886342e-05	2.75334478625461e-05	1.770872628322403e-07	1.652018680725006	0.0509490509490509	1.652018680725006	0.0509490509490509
sota_soybean	sota_soybean	Glycine max	Leaf	Stereo-seq cellbin + snRNA-seq	dbfree	2391	5	5000	0	1000	model			exp	spatial_ccc_score	celltype_permutation	1000	1000	1000	2.782599932886342e-05	2.782599932886342e-05	0.0001409515621953	2.461412118242471e-05	-4.5959618882222095	1.0	-4.5959618882222095	1.0
sota_soybean	sota_soybean	Glycine max	Leaf	Stereo-seq cellbin + snRNA-seq	dbfree	2391	5	5000	0	1000	model			exp	spatial_ccc_score	matched_random_lr	1000	1000	1000	2.782599932886342e-05	2.782599932886342e-05	3.25437777983676e-05	1.7159642967246907e-06	-2.749345355558467	0.999000999000999	-2.749345355558467	0.999000999000999
sota_soybean	sota_soybean	Glycine max	Leaf	Stereo-seq cellbin + snRNA-seq	dbfree	2391	5	5000	0	1000	model			exp	spatial_ccc_score	score_permutation	1000	1000	1000	2.782599932886342e-05	2.782599932886342e-05	2.782599932886341e-05	6.779654253041699e-21	1.4992498124061913	0.0009990009990009	1.4992498124061913	0.0009990009990009
sota_soybean	sota_soybean	Glycine max	Leaf	Stereo-seq cellbin + snRNA-seq	dbfree	2391	5	5000	0	1000	model			exp	spatial_ccc_score	pooled	5000	5000	4775	2.06829746774946e-05	2.06829746774946e-05	3.93404868987917e-05	3.315822982217551e-05	-0.5626811902009123	0.3434141464633841	-0.5626811902009123	0.3434141464633841
sota_soybean	sota_soybean	Glycine max	Leaf	Stereo-seq cellbin + snRNA-seq	dbfree	2391	5	5000	0	1000	model			exp	spatial_ccc_score	coordinate_permutation	5000	5000	4775	2.06829746774946e-05	2.06829746774946e-05	2.0507516285660432e-05	1.4881918718748176e-07	1.1790038310928534	0.1238761238761238	1.1790038310928534	0.1238761238761238
sota_soybean	sota_soybean	Glycine max	Leaf	Stereo-seq cellbin + snRNA-seq	dbfree	2391	5	5000	0	1000	model			exp	spatial_ccc_score	celltype_permutation	5000	5000	4775	2.06829746774946e-05	2.06829746774946e-05	9.584065694977774e-05	1.1837926621836607e-05	-6.34888901352412	1.0	-6.34888901352412	1.0
sota_soybean	sota_soybean	Glycine max	Leaf	Stereo-seq cellbin + snRNA-seq	dbfree	2391	5	5000	0	1000	model			exp	spatial_ccc_score	matched_random_lr	5000	5000	4775	2.06829746774946e-05	2.06829746774946e-05	2.033079968223402e-05	5.781196355316079e-07	0.6091732119368967	0.2507492507492507	0.6091732119368967	0.2507492507492507
sota_soybean	sota_soybean	Glycine max	Leaf	Stereo-seq cellbin + snRNA-seq	dbfree	2391	5	5000	0	1000	model			exp	spatial_ccc_score	score_permutation	5000	5000	4775	2.06829746774946e-05	2.06829746774946e-05	2.068297467749459e-05	3.3898271265208486e-21	1.998999749874922	0.0009990009990009	1.998999749874922	0.0009990009990009
sota_soybean	sota_soybean	Glycine max	Leaf	Stereo-seq cellbin + snRNA-seq	dbfree	2391	5	5000	0	1000	model			exp	model_weighted_spatial_ccc_score	pooled	100	100	100	3.2722565980923616e-05	3.2722565980923616e-05	6.716557891004693e-05	6.179191058363878e-05	-0.5574032685476327	0.4798800299925019	-0.5574032685476327	0.4798800299925019
sota_soybean	sota_soybean	Glycine max	Leaf	Stereo-seq cellbin + snRNA-seq	dbfree	2391	5	5000	0	1000	model			exp	model_weighted_spatial_ccc_score	coordinate_permutation	100	100	100	3.2722565980923616e-05	3.2722565980923616e-05	3.2398882224329056e-05	1.9485230418435947e-07	1.661174898338934	0.0489510489510489	1.661174898338934	0.0489510489510489
sota_soybean	sota_soybean	Glycine max	Leaf	Stereo-seq cellbin + snRNA-seq	dbfree	2391	5	5000	0	1000	model			exp	model_weighted_spatial_ccc_score	celltype_permutation	100	100	100	3.2722565980923616e-05	3.2722565980923616e-05	0.0001692087982693	3.5738278980465664e-05	-3.819048823337608	1.0	-3.819048823337608	1.0
sota_soybean	sota_soybean	Glycine max	Leaf	Stereo-seq cellbin + snRNA-seq	dbfree	2391	5	5000	0	1000	model			exp	model_weighted_spatial_ccc_score	matched_random_lr	100	100	100	3.2722565980923616e-05	3.2722565980923616e-05	3.937221306825678e-05	6.340939069446007e-06	-1.0486849052650062	0.8711288711288712	-1.0486849052650062	0.8711288711288712
sota_soybean	sota_soybean	Glycine max	Leaf	Stereo-seq cellbin + snRNA-seq	dbfree	2391	5	5000	0	1000	model			exp	model_weighted_spatial_ccc_score	score_permutation	100	100	100	3.2722565980923616e-05	3.2722565980923616e-05	2.7682422078219723e-05	2.395986120821067e-07	21.03578087913429	0.0009990009990009	21.03578087913429	0.0009990009990009
sota_soybean	sota_soybean	Glycine max	Leaf	Stereo-seq cellbin + snRNA-seq	dbfree	2391	5	5000	0	1000	model			exp	model_weighted_spatial_ccc_score	pooled	500	500	500	2.818832451051931e-05	2.818832451051931e-05	5.7296822473096365e-05	5.153892223833076e-05	-0.5647867029110739	0.5111222194451387	-0.5647867029110739	0.5111222194451387
sota_soybean	sota_soybean	Glycine max	Leaf	Stereo-seq cellbin + snRNA-seq	dbfree	2391	5	5000	0	1000	model			exp	model_weighted_spatial_ccc_score	coordinate_permutation	500	500	500	2.818832451051931e-05	2.818832451051931e-05	2.790044252511962e-05	1.7498176374717325e-07	1.6452113593713775	0.0509490509490509	1.6452113593713775	0.0509490509490509
sota_soybean	sota_soybean	Glycine max	Leaf	Stereo-seq cellbin + snRNA-seq	dbfree	2391	5	5000	0	1000	model			exp	model_weighted_spatial_ccc_score	celltype_permutation	500	500	500	2.818832451051931e-05	2.818832451051931e-05	0.0001433039689497	2.6853473408023664e-05	-4.286806503206654	1.0	-4.286806503206654	1.0
sota_soybean	sota_soybean	Glycine max	Leaf	Stereo-seq cellbin + snRNA-seq	dbfree	2391	5	5000	0	1000	model			exp	model_weighted_spatial_ccc_score	matched_random_lr	500	500	500	2.818832451051931e-05	2.818832451051931e-05	3.3049934709608346e-05	2.29210422942663e-06	-2.121024924030252	0.994005994005994	-2.121024924030252	0.994005994005994
sota_soybean	sota_soybean	Glycine max	Leaf	Stereo-seq cellbin + snRNA-seq	dbfree	2391	5	5000	0	1000	model			exp	model_weighted_spatial_ccc_score	score_permutation	500	500	500	2.818832451051931e-05	2.818832451051931e-05	2.493294370793541e-05	1.0077931273073815e-07	32.30207385201778	0.0009990009990009	32.30207385201778	0.0009990009990009
sota_soybean	sota_soybean	Glycine max	Leaf	Stereo-seq cellbin + snRNA-seq	dbfree	2391	5	5000	0	1000	model			exp	model_weighted_spatial_ccc_score	pooled	1000	1000	1000	2.3048186438611945e-05	2.3048186438611945e-05	4.688124461881867e-05	4.171715822645351e-05	-0.5713010951233445	0.511872031992002	-0.5713010951233445	0.511872031992002
sota_soybean	sota_soybean	Glycine max	Leaf	Stereo-seq cellbin + snRNA-seq	dbfree	2391	5	5000	0	1000	model			exp	model_weighted_spatial_ccc_score	coordinate_permutation	1000	1000	1000	2.3048186438611945e-05	2.3048186438611945e-05	2.2805918591055976e-05	1.464153082989112e-07	1.6546620047500216	0.0489510489510489	1.6546620047500216	0.0489510489510489
sota_soybean	sota_soybean	Glycine max	Leaf	Stereo-seq cellbin + snRNA-seq	dbfree	2391	5	5000	0	1000	model			exp	model_weighted_spatial_ccc_score	celltype_permutation	1000	1000	1000	2.3048186438611945e-05	2.3048186438611945e-05	0.0001168036904376	2.0490821415878846e-05	-4.575487829219644	1.0	-4.575487829219644	1.0
sota_soybean	sota_soybean	Glycine max	Leaf	Stereo-seq cellbin + snRNA-seq	dbfree	2391	5	5000	0	1000	model			exp	model_weighted_spatial_ccc_score	matched_random_lr	1000	1000	1000	2.3048186438611945e-05	2.3048186438611945e-05	2.6980169322735136e-05	1.4310517105113897e-06	-2.747617612446785	0.999000999000999	-2.747617612446785	0.999000999000999
sota_soybean	sota_soybean	Glycine max	Leaf	Stereo-seq cellbin + snRNA-seq	dbfree	2391	5	5000	0	1000	model			exp	model_weighted_spatial_ccc_score	score_permutation	1000	1000	1000	2.3048186438611945e-05	2.3048186438611945e-05	2.093520012380474e-05	6.24774781834838e-08	33.81996803074844	0.0009990009990009	33.81996803074844	0.0009990009990009
sota_soybean	sota_soybean	Glycine max	Leaf	Stereo-seq cellbin + snRNA-seq	dbfree	2391	5	5000	0	1000	model			exp	model_weighted_spatial_ccc_score	pooled	5000	5000	4775	1.5753535808341875e-05	1.5753535808341875e-05	3.000577206392451e-05	2.539450213442689e-05	-0.5612331433055	0.3614096475881029	-0.5612331433055	0.3614096475881029
sota_soybean	sota_soybean	Glycine max	Leaf	Stereo-seq cellbin + snRNA-seq	dbfree	2391	5	5000	0	1000	model			exp	model_weighted_spatial_ccc_score	coordinate_permutation	5000	5000	4775	1.5753535808341875e-05	1.5753535808341875e-05	1.5618985963084223e-05	1.1270544139376461e-07	1.1938185378962165	0.1218781218781218	1.1938185378962165	0.1218781218781218
sota_soybean	sota_soybean	Glycine max	Leaf	Stereo-seq cellbin + snRNA-seq	dbfree	2391	5	5000	0	1000	model			exp	model_weighted_spatial_ccc_score	celltype_permutation	5000	5000	4775	1.5753535808341875e-05	1.5753535808341875e-05	7.326528848775927e-05	9.141332072989132e-06	-6.2913973828118	1.0	-6.2913973828118	1.0
sota_soybean	sota_soybean	Glycine max	Leaf	Stereo-seq cellbin + snRNA-seq	dbfree	2391	5	5000	0	1000	model			exp	model_weighted_spatial_ccc_score	matched_random_lr	5000	5000	4775	1.5753535808341875e-05	1.5753535808341875e-05	1.5576567709617473e-05	4.4914439483977124e-07	0.3940115935044308	0.3246753246753247	0.3940115935044308	0.3246753246753247
sota_soybean	sota_soybean	Glycine max	Leaf	Stereo-seq cellbin + snRNA-seq	dbfree	2391	5	5000	0	1000	model			exp	model_weighted_spatial_ccc_score	score_permutation	5000	5000	4775	1.5753535808341875e-05	1.5753535808341875e-05	1.5562246095237055e-05	2.6673306371436228e-08	7.171578597757467	0.0009990009990009	7.171578597757467	0.0009990009990009
sota_soybean	sota_soybean	Glycine max	Leaf	Stereo-seq cellbin + snRNA-seq	role_only	2391	5	5000	0	1000	role_only			contact	spatial_ccc_score	pooled	100	100	100	1.6190750691788153e-05	1.6190750691788153e-05	2.781170399215952e-05	2.1706241093967576e-05	-0.5353738240565737	0.6195951012246939	-0.5353738240565737	0.6195951012246939
sota_soybean	sota_soybean	Glycine max	Leaf	Stereo-seq cellbin + snRNA-seq	role_only	2391	5	5000	0	1000	role_only			contact	spatial_ccc_score	coordinate_permutation	100	100	100	1.6190750691788153e-05	1.6190750691788153e-05	1.5937861864637713e-05	3.11226412650089e-07	0.8125558014086768	0.2127872127872128	0.8125558014086768	0.2127872127872128
sota_soybean	sota_soybean	Glycine max	Leaf	Stereo-seq cellbin + snRNA-seq	role_only	2391	5	5000	0	1000	role_only			contact	spatial_ccc_score	celltype_permutation	100	100	100	1.6190750691788153e-05	1.6190750691788153e-05	6.438570179934315e-05	9.457155436913018e-06	-5.096136087542902	1.0	-5.096136087542902	1.0
sota_soybean	sota_soybean	Glycine max	Leaf	Stereo-seq cellbin + snRNA-seq	role_only	2391	5	5000	0	1000	role_only			contact	spatial_ccc_score	matched_random_lr	100	100	100	1.6190750691788153e-05	1.6190750691788153e-05	1.4732501612869069e-05	3.159078892770421e-06	0.4616057808041135	0.2667332667332667	0.4616057808041135	0.2667332667332667
sota_soybean	sota_soybean	Glycine max	Leaf	Stereo-seq cellbin + snRNA-seq	role_only	2391	5	5000	0	1000	role_only			contact	spatial_ccc_score	score_permutation	100	100	100	1.6190750691788153e-05	1.6190750691788153e-05	1.619075069178815e-05	3.3898271265208486e-21	0.999499874937461	1.0	0.999499874937461	1.0
sota_soybean	sota_soybean	Glycine max	Leaf	Stereo-seq cellbin + snRNA-seq	role_only	2391	5	5000	0	1000	role_only			contact	spatial_ccc_score	pooled	500	500	500	2.112366935972767e-05	2.112366935972767e-05	3.633785250179664e-05	3.18734956610324e-05	-0.4773302339934235	0.52511872031992	-0.4773302339934235	0.52511872031992
sota_soybean	sota_soybean	Glycine max	Leaf	Stereo-seq cellbin + snRNA-seq	role_only	2391	5	5000	0	1000	role_only			contact	spatial_ccc_score	coordinate_permutation	500	500	500	2.112366935972767e-05	2.112366935972767e-05	2.065877664382536e-05	3.601650285433817e-07	1.2907769468415076	0.1008991008991009	1.2907769468415076	0.1008991008991009
sota_soybean	sota_soybean	Glycine max	Leaf	Stereo-seq cellbin + snRNA-seq	role_only	2391	5	5000	0	1000	role_only			contact	spatial_ccc_score	celltype_permutation	500	500	500	2.112366935972767e-05	2.112366935972767e-05	9.012516840989204e-05	1.2927244771976503e-05	-5.337680245657979	1.0	-5.337680245657979	1.0
sota_soybean	sota_soybean	Glycine max	Leaf	Stereo-seq cellbin + snRNA-seq	role_only	2391	5	5000	0	1000	role_only			contact	spatial_ccc_score	matched_random_lr	500	500	500	2.112366935972767e-05	2.112366935972767e-05	1.3443795593741485e-05	1.0343776940130794e-06	7.424632037636607	0.0009990009990009	7.424632037636607	0.0009990009990009
sota_soybean	sota_soybean	Glycine max	Leaf	Stereo-seq cellbin + snRNA-seq	role_only	2391	5	5000	0	1000	role_only			contact	spatial_ccc_score	score_permutation	500	500	500	2.112366935972767e-05	2.112366935972767e-05	2.1123669359727663e-05	6.779654253041699e-21	0.999499874937461	1.0	0.999499874937461	1.0
sota_soybean	sota_soybean	Glycine max	Leaf	Stereo-seq cellbin + snRNA-seq	role_only	2391	5	5000	0	1000	role_only			contact	spatial_ccc_score	pooled	1000	1000	1000	2.038961474673561e-05	2.038961474673561e-05	3.509876007438655e-05	3.13342228831144e-05	-0.4694274813363093	0.5296175956010998	-0.4694274813363093	0.5296175956010998
sota_soybean	sota_soybean	Glycine max	Leaf	Stereo-seq cellbin + snRNA-seq	role_only	2391	5	5000	0	1000	role_only			contact	spatial_ccc_score	coordinate_permutation	1000	1000	1000	2.038961474673561e-05	2.038961474673561e-05	1.9975832760661005e-05	3.452867608365713e-07	1.1983719997606683	0.1188811188811188	1.1983719997606683	0.1188811188811188
sota_soybean	sota_soybean	Glycine max	Leaf	Stereo-seq cellbin + snRNA-seq	role_only	2391	5	5000	0	1000	role_only			contact	spatial_ccc_score	celltype_permutation	1000	1000	1000	2.038961474673561e-05	2.038961474673561e-05	8.797021468404323e-05	1.2439750300372935e-05	-5.432633156252469	1.0	-5.432633156252469	1.0
sota_soybean	sota_soybean	Glycine max	Leaf	Stereo-seq cellbin + snRNA-seq	role_only	2391	5	5000	0	1000	role_only			contact	spatial_ccc_score	matched_random_lr	1000	1000	1000	2.038961474673561e-05	2.038961474673561e-05	1.205937810610636e-05	6.125126145122231e-07	13.60010625620024	0.0009990009990009	13.60010625620024	0.0009990009990009
sota_soybean	sota_soybean	Glycine max	Leaf	Stereo-seq cellbin + snRNA-seq	role_only	2391	5	5000	0	1000	role_only			contact	spatial_ccc_score	score_permutation	1000	1000	1000	2.038961474673561e-05	2.038961474673561e-05	2.038961474673561e-05	0.0	0.0	1.0	0.0	1.0
sota_soybean	sota_soybean	Glycine max	Leaf	Stereo-seq cellbin + snRNA-seq	role_only	2391	5	5000	0	1000	role_only			contact	spatial_ccc_score	pooled	5000	5000	4775	1.978309353853797e-05	1.978309353853797e-05	3.777434255194734e-05	3.222346828217474e-05	-0.5583275163264069	0.5823544113971507	-0.5583275163264069	0.5823544113971507
sota_soybean	sota_soybean	Glycine max	Leaf	Stereo-seq cellbin + snRNA-seq	role_only	2391	5	5000	0	1000	role_only			contact	spatial_ccc_score	coordinate_permutation	5000	5000	4775	1.978309353853797e-05	1.978309353853797e-05	1.9287057174203008e-05	2.970619718789282e-07	1.6698076875929704	0.0519480519480519	1.6698076875929704	0.0519480519480519
sota_soybean	sota_soybean	Glycine max	Leaf	Stereo-seq cellbin + snRNA-seq	role_only	2391	5	5000	0	1000	role_only			contact	spatial_ccc_score	celltype_permutation	5000	5000	4775	1.978309353853797e-05	1.978309353853797e-05	9.255992147436702e-05	1.2250277328787123e-05	-5.940831050804833	1.0	-5.940831050804833	1.0
sota_soybean	sota_soybean	Glycine max	Leaf	Stereo-seq cellbin + snRNA-seq	role_only	2391	5	5000	0	1000	role_only			contact	spatial_ccc_score	matched_random_lr	5000	5000	4775	1.978309353853797e-05	1.978309353853797e-05	1.9467298020681343e-05	5.38413008518134e-07	0.5865302525393749	0.2787212787212787	0.5865302525393749	0.2787212787212787
sota_soybean	sota_soybean	Glycine max	Leaf	Stereo-seq cellbin + snRNA-seq	role_only	2391	5	5000	0	1000	role_only			contact	spatial_ccc_score	score_permutation	5000	5000	4775	1.978309353853797e-05	1.978309353853797e-05	1.9783093538537965e-05	3.3898271265208486e-21	0.999499874937461	1.0	0.999499874937461	1.0
sota_soybean	sota_soybean	Glycine max	Leaf	Stereo-seq cellbin + snRNA-seq	role_only	2391	5	5000	0	1000	role_only			contact	model_weighted_spatial_ccc_score	pooled	100	100	100	1.2664207371900545e-05	1.2664207371900545e-05	1.985170691837533e-05	1.8287910187709327e-05	-0.3930191844066064	0.369407648087978	-0.3930191844066064	0.369407648087978
sota_soybean	sota_soybean	Glycine max	Leaf	Stereo-seq cellbin + snRNA-seq	role_only	2391	5	5000	0	1000	role_only			contact	model_weighted_spatial_ccc_score	coordinate_permutation	100	100	100	1.2664207371900545e-05	1.2664207371900545e-05	1.2466110649271211e-05	2.429935463703733e-07	0.8152345014438866	0.2107892107892107	0.8152345014438866	0.2107892107892107
sota_soybean	sota_soybean	Glycine max	Leaf	Stereo-seq cellbin + snRNA-seq	role_only	2391	5	5000	0	1000	role_only			contact	model_weighted_spatial_ccc_score	celltype_permutation	100	100	100	1.2664207371900545e-05	1.2664207371900545e-05	5.038888244284427e-05	7.397865163705408e-06	-5.099400196697875	1.0	-5.099400196697875	1.0
sota_soybean	sota_soybean	Glycine max	Leaf	Stereo-seq cellbin + snRNA-seq	role_only	2391	5	5000	0	1000	role_only			contact	model_weighted_spatial_ccc_score	matched_random_lr	100	100	100	1.2664207371900545e-05	1.2664207371900545e-05	1.1531237833507315e-05	2.458503063482192e-06	0.4608371472958444	0.2677322677322677	0.4608371472958444	0.2677322677322677
sota_soybean	sota_soybean	Glycine max	Leaf	Stereo-seq cellbin + snRNA-seq	role_only	2391	5	5000	0	1000	role_only			contact	model_weighted_spatial_ccc_score	score_permutation	100	100	100	1.2664207371900545e-05	1.2664207371900545e-05	5.020596747878521e-06	6.53911053965057e-07	11.68906776796967	0.0009990009990009	11.68906776796967	0.0009990009990009
sota_soybean	sota_soybean	Glycine max	Leaf	Stereo-seq cellbin + snRNA-seq	role_only	2391	5	5000	0	1000	role_only			contact	model_weighted_spatial_ccc_score	pooled	500	500	500	1.4886326851845864e-05	1.4886326851845864e-05	2.354519823006832e-05	2.372074548738332e-05	-0.3650336952027064	0.2759310172456886	-0.3650336952027064	0.2759310172456886
sota_soybean	sota_soybean	Glycine max	Leaf	Stereo-seq cellbin + snRNA-seq	role_only	2391	5	5000	0	1000	role_only			contact	model_weighted_spatial_ccc_score	coordinate_permutation	500	500	500	1.4886326851845864e-05	1.4886326851845864e-05	1.45618327342537e-05	2.5360911418066934e-07	1.2795049524955062	0.1038961038961039	1.2795049524955062	0.1038961038961039
sota_soybean	sota_soybean	Glycine max	Leaf	Stereo-seq cellbin + snRNA-seq	role_only	2391	5	5000	0	1000	role_only			contact	model_weighted_spatial_ccc_score	celltype_permutation	500	500	500	1.4886326851845864e-05	1.4886326851845864e-05	6.354680155039315e-05	9.104872165661455e-06	-5.3444434818170965	1.0	-5.3444434818170965	1.0
sota_soybean	sota_soybean	Glycine max	Leaf	Stereo-seq cellbin + snRNA-seq	role_only	2391	5	5000	0	1000	role_only			contact	model_weighted_spatial_ccc_score	matched_random_lr	500	500	500	1.4886326851845864e-05	1.4886326851845864e-05	9.541780828401532e-06	7.478976107177204e-07	7.146093190905417	0.0009990009990009	7.146093190905417	0.0009990009990009
sota_soybean	sota_soybean	Glycine max	Leaf	Stereo-seq cellbin + snRNA-seq	role_only	2391	5	5000	0	1000	role_only			contact	model_weighted_spatial_ccc_score	score_permutation	500	500	500	1.4886326851845864e-05	1.4886326851845864e-05	6.53037780722492e-06	5.146620620575445e-07	16.235797546870014	0.0009990009990009	16.235797546870014	0.0009990009990009
sota_soybean	sota_soybean	Glycine max	Leaf	Stereo-seq cellbin + snRNA-seq	role_only	2391	5	5000	0	1000	role_only			contact	model_weighted_spatial_ccc_score	pooled	1000	1000	1000	1.3177890925567015e-05	1.3177890925567015e-05	2.0924399657597183e-05	2.122098479496399e-05	-0.3650400208508942	0.2794301424643839	-0.3650400208508942	0.2794301424643839
sota_soybean	sota_soybean	Glycine max	Leaf	Stereo-seq cellbin + snRNA-seq	role_only	2391	5	5000	0	1000	role_only			contact	model_weighted_spatial_ccc_score	coordinate_permutation	1000	1000	1000	1.3177890925567015e-05	1.3177890925567015e-05	1.290815947359359e-05	2.2315769224010397e-07	1.2087033579967832	0.1178821178821178	1.2087033579967832	0.1178821178821178
sota_soybean	sota_soybean	Glycine max	Leaf	Stereo-seq cellbin + snRNA-seq	role_only	2391	5	5000	0	1000	role_only			contact	model_weighted_spatial_ccc_score	celltype_permutation	1000	1000	1000	1.3177890925567015e-05	1.3177890925567015e-05	5.675110358339658e-05	8.063320248049818e-06	-5.403879706795487	1.0	-5.403879706795487	1.0
sota_soybean	sota_soybean	Glycine max	Leaf	Stereo-seq cellbin + snRNA-seq	role_only	2391	5	5000	0	1000	role_only			contact	model_weighted_spatial_ccc_score	matched_random_lr	1000	1000	1000	1.3177890925567015e-05	1.3177890925567015e-05	7.739063674221218e-06	4.1722293312840646e-07	13.03578211908098	0.0009990009990009	13.03578211908098	0.0009990009990009
sota_soybean	sota_soybean	Glycine max	Leaf	Stereo-seq cellbin + snRNA-seq	role_only	2391	5	5000	0	1000	role_only			contact	model_weighted_spatial_ccc_score	score_permutation	1000	1000	1000	1.3177890925567015e-05	1.3177890925567015e-05	6.299271899177349e-06	3.668139359967468e-07	18.752338314787128	0.0009990009990009	18.752338314787128	0.0009990009990009
sota_soybean	sota_soybean	Glycine max	Leaf	Stereo-seq cellbin + snRNA-seq	role_only	2391	5	5000	0	1000	role_only			contact	model_weighted_spatial_ccc_score	pooled	5000	5000	4775	6.37428247665412e-06	6.37428247665412e-06	1.1884676240280698e-05	1.0368391195329778e-05	-0.5314608274144419	0.2684328917770557	-0.5314608274144419	0.2684328917770557
sota_soybean	sota_soybean	Glycine max	Leaf	Stereo-seq cellbin + snRNA-seq	role_only	2391	5	5000	0	1000	role_only			contact	model_weighted_spatial_ccc_score	coordinate_permutation	5000	5000	4775	6.37428247665412e-06	6.37428247665412e-06	6.222458858715729e-06	9.643699361478829e-08	1.5743296451654347	0.0589410589410589	1.5743296451654347	0.0589410589410589
sota_soybean	sota_soybean	Glycine max	Leaf	Stereo-seq cellbin + snRNA-seq	role_only	2391	5	5000	0	1000	role_only			contact	model_weighted_spatial_ccc_score	celltype_permutation	5000	5000	4775	6.37428247665412e-06	6.37428247665412e-06	2.950673846636845e-05	3.958504259510782e-06	-5.84373654117861	1.0	-5.84373654117861	1.0
sota_soybean	sota_soybean	Glycine max	Leaf	Stereo-seq cellbin + snRNA-seq	role_only	2391	5	5000	0	1000	role_only			contact	model_weighted_spatial_ccc_score	matched_random_lr	5000	5000	4775	6.37428247665412e-06	6.37428247665412e-06	5.695635045514041e-06	1.6281958161932988e-07	4.168094675041903	0.0009990009990009	4.168094675041903	0.0009990009990009
sota_soybean	sota_soybean	Glycine max	Leaf	Stereo-seq cellbin + snRNA-seq	role_only	2391	5	5000	0	1000	role_only			contact	model_weighted_spatial_ccc_score	score_permutation	5000	5000	4775	6.37428247665412e-06	6.37428247665412e-06	6.113872590524572e-06	1.1226672911313149e-07	2.319564203809061	0.0159840159840159	2.319564203809061	0.0159840159840159
sota_soybean	sota_soybean	Glycine max	Leaf	Stereo-seq cellbin + snRNA-seq	role_only	2391	5	5000	0	1000	role_only			exp	spatial_ccc_score	pooled	100	100	100	1.695437772228245e-05	1.695437772228245e-05	2.898117103825189e-05	2.2319173801015545e-05	-0.5388547722775567	0.6478380404898775	-0.5388547722775567	0.6478380404898775
sota_soybean	sota_soybean	Glycine max	Leaf	Stereo-seq cellbin + snRNA-seq	role_only	2391	5	5000	0	1000	role_only			exp	spatial_ccc_score	coordinate_permutation	100	100	100	1.695437772228245e-05	1.695437772228245e-05	1.6885908313956572e-05	1.516900681281782e-07	0.4513770029295469	0.3256743256743257	0.4513770029295469	0.3256743256743257
sota_soybean	sota_soybean	Glycine max	Leaf	Stereo-seq cellbin + snRNA-seq	role_only	2391	5	5000	0	1000	role_only			exp	spatial_ccc_score	celltype_permutation	100	100	100	1.695437772228245e-05	1.695437772228245e-05	6.666600525567422e-05	9.284357028179403e-06	-5.354342512088839	1.0	-5.354342512088839	1.0
sota_soybean	sota_soybean	Glycine max	Leaf	Stereo-seq cellbin + snRNA-seq	role_only	2391	5	5000	0	1000	role_only			exp	spatial_ccc_score	matched_random_lr	100	100	100	1.695437772228245e-05	1.695437772228245e-05	1.5418392861094324e-05	3.305141806734913e-06	0.4647258577705307	0.2667332667332667	0.4647258577705307	0.2667332667332667
sota_soybean	sota_soybean	Glycine max	Leaf	Stereo-seq cellbin + snRNA-seq	role_only	2391	5	5000	0	1000	role_only			exp	spatial_ccc_score	score_permutation	100	100	100	1.695437772228245e-05	1.695437772228245e-05	1.695437772228245e-05	0.0	0.0	1.0	0.0	1.0
sota_soybean	sota_soybean	Glycine max	Leaf	Stereo-seq cellbin + snRNA-seq	role_only	2391	5	5000	0	1000	role_only			exp	spatial_ccc_score	pooled	500	500	500	2.2066802540886047e-05	2.2066802540886047e-05	3.784490336867485e-05	3.281083463168254e-05	-0.4808808128444645	0.5586103474131467	-0.4808808128444645	0.5586103474131467
sota_soybean	sota_soybean	Glycine max	Leaf	Stereo-seq cellbin + snRNA-seq	role_only	2391	5	5000	0	1000	role_only			exp	spatial_ccc_score	coordinate_permutation	500	500	500	2.2066802540886047e-05	2.2066802540886047e-05	2.193152829202151e-05	1.782727263409323e-07	0.7588050715387467	0.2347652347652347	0.7588050715387467	0.2347652347652347
sota_soybean	sota_soybean	Glycine max	Leaf	Stereo-seq cellbin + snRNA-seq	role_only	2391	5	5000	0	1000	role_only			exp	spatial_ccc_score	celltype_permutation	500	500	500	2.2066802540886047e-05	2.2066802540886047e-05	9.331535408969302e-05	1.262895600272267e-05	-5.641681824962137	1.0	-5.641681824962137	1.0
sota_soybean	sota_soybean	Glycine max	Leaf	Stereo-seq cellbin + snRNA-seq	role_only	2391	5	5000	0	1000	role_only			exp	spatial_ccc_score	matched_random_lr	500	500	500	2.2066802540886047e-05	2.2066802540886047e-05	1.4065928552098816e-05	1.0820303488163049e-06	7.394315693214932	0.0009990009990009	7.394315693214932	0.0009990009990009
sota_soybean	sota_soybean	Glycine max	Leaf	Stereo-seq cellbin + snRNA-seq	role_only	2391	5	5000	0	1000	role_only			exp	spatial_ccc_score	score_permutation	500	500	500	2.2066802540886047e-05	2.2066802540886047e-05	2.206680254088605e-05	3.3898271265208486e-21	-0.999499874937461	1.0	-0.999499874937461	1.0
sota_soybean	sota_soybean	Glycine max	Leaf	Stereo-seq cellbin + snRNA-seq	role_only	2391	5	5000	0	1000	role_only			exp	spatial_ccc_score	pooled	1000	1000	1000	2.133141950843649e-05	2.133141950843649e-05	3.656192575961011e-05	3.225773063481084e-05	-0.4721505806963885	0.5638590352411897	-0.4721505806963885	0.5638590352411897
sota_soybean	sota_soybean	Glycine max	Leaf	Stereo-seq cellbin + snRNA-seq	role_only	2391	5	5000	0	1000	role_only			exp	spatial_ccc_score	coordinate_permutation	1000	1000	1000	2.133141950843649e-05	2.133141950843649e-05	2.121337470308435e-05	1.7069183449055517e-07	0.6915667975826328	0.2557442557442557	0.6915667975826328	0.2557442557442557
sota_soybean	sota_soybean	Glycine max	Leaf	Stereo-seq cellbin + snRNA-seq	role_only	2391	5	5000	0	1000	role_only			exp	spatial_ccc_score	celltype_permutation	1000	1000	1000	2.133141950843649e-05	2.133141950843649e-05	9.108473558719772e-05	1.2137787838153405e-05	-5.74678986062861	1.0	-5.74678986062861	1.0
sota_soybean	sota_soybean	Glycine max	Leaf	Stereo-seq cellbin + snRNA-seq	role_only	2391	5	5000	0	1000	role_only			exp	spatial_ccc_score	matched_random_lr	1000	1000	1000	2.133141950843649e-05	2.133141950843649e-05	1.2618173239721862e-05	6.407038629121302e-07	13.599490768029929	0.0009990009990009	13.599490768029929	0.0009990009990009
sota_soybean	sota_soybean	Glycine max	Leaf	Stereo-seq cellbin + snRNA-seq	role_only	2391	5	5000	0	1000	role_only			exp	spatial_ccc_score	score_permutation	1000	1000	1000	2.133141950843649e-05	2.133141950843649e-05	2.133141950843649e-05	3.3898271265208486e-21	0.0	1.0	0.0	1.0
sota_soybean	sota_soybean	Glycine max	Leaf	Stereo-seq cellbin + snRNA-seq	role_only	2391	5	5000	0	1000	role_only			exp	spatial_ccc_score	pooled	5000	5000	4775	2.06829746774946e-05	2.06829746774946e-05	3.934892721668972e-05	3.3153329480075e-05	-0.5630189435547724	0.6018495376155961	-0.5630189435547724	0.6018495376155961
sota_soybean	sota_soybean	Glycine max	Leaf	Stereo-seq cellbin + snRNA-seq	role_only	2391	5	5000	0	1000	role_only			exp	spatial_ccc_score	coordinate_permutation	5000	5000	4775	2.06829746774946e-05	2.06829746774946e-05	2.0507516285660432e-05	1.488191871874819e-07	1.179003831092852	0.1238761238761238	1.179003831092852	0.1238761238761238
sota_soybean	sota_soybean	Glycine max	Leaf	Stereo-seq cellbin + snRNA-seq	role_only	2391	5	5000	0	1000	role_only			exp	spatial_ccc_score	celltype_permutation	5000	5000	4775	2.06829746774946e-05	2.06829746774946e-05	9.584065694977774e-05	1.1837926621836607e-05	-6.34888901352412	1.0	-6.34888901352412	1.0
sota_soybean	sota_soybean	Glycine max	Leaf	Stereo-seq cellbin + snRNA-seq	role_only	2391	5	5000	0	1000	role_only			exp	spatial_ccc_score	matched_random_lr	5000	5000	4775	2.06829746774946e-05	2.06829746774946e-05	2.036456095382611e-05	5.634365589504943e-07	0.5651279076771146	0.2847152847152847	0.5651279076771146	0.2847152847152847
sota_soybean	sota_soybean	Glycine max	Leaf	Stereo-seq cellbin + snRNA-seq	role_only	2391	5	5000	0	1000	role_only			exp	spatial_ccc_score	score_permutation	5000	5000	4775	2.06829746774946e-05	2.06829746774946e-05	2.068297467749459e-05	6.779654253041699e-21	0.999499874937461	1.0	0.999499874937461	1.0
sota_soybean	sota_soybean	Glycine max	Leaf	Stereo-seq cellbin + snRNA-seq	role_only	2391	5	5000	0	1000	role_only			exp	model_weighted_spatial_ccc_score	pooled	100	100	100	1.3261368281212305e-05	1.3261368281212305e-05	2.067663800001715e-05	1.8840322381951815e-05	-0.3935850761188854	0.3974006498375406	-0.3935850761188854	0.3974006498375406
sota_soybean	sota_soybean	Glycine max	Leaf	Stereo-seq cellbin + snRNA-seq	role_only	2391	5	5000	0	1000	role_only			exp	model_weighted_spatial_ccc_score	coordinate_permutation	100	100	100	1.3261368281212305e-05	1.3261368281212305e-05	1.320777791606312e-05	1.1844577275926161e-07	0.45244641409115	0.3236763236763236	0.45244641409115	0.3236763236763236
sota_soybean	sota_soybean	Glycine max	Leaf	Stereo-seq cellbin + snRNA-seq	role_only	2391	5	5000	0	1000	role_only			exp	model_weighted_spatial_ccc_score	celltype_permutation	100	100	100	1.3261368281212305e-05	1.3261368281212305e-05	5.217343691916419e-05	7.262370799799564e-06	-5.358039366294245	1.0	-5.358039366294245	1.0
sota_soybean	sota_soybean	Glycine max	Leaf	Stereo-seq cellbin + snRNA-seq	role_only	2391	5	5000	0	1000	role_only			exp	model_weighted_spatial_ccc_score	matched_random_lr	100	100	100	1.3261368281212305e-05	1.3261368281212305e-05	1.20681383474852e-05	2.5721136998125165e-06	0.4639102594158565	0.2667332667332667	0.4639102594158565	0.2667332667332667
sota_soybean	sota_soybean	Glycine max	Leaf	Stereo-seq cellbin + snRNA-seq	role_only	2391	5	5000	0	1000	role_only			exp	model_weighted_spatial_ccc_score	score_permutation	100	100	100	1.3261368281212305e-05	1.3261368281212305e-05	5.257198817356097e-06	6.829775694737189e-07	11.719520261879126	0.0009990009990009	11.719520261879126	0.0009990009990009
sota_soybean	sota_soybean	Glycine max	Leaf	Stereo-seq cellbin + snRNA-seq	role_only	2391	5	5000	0	1000	role_only			exp	model_weighted_spatial_ccc_score	pooled	500	500	500	1.5553627705402825e-05	1.5553627705402825e-05	2.45153678802981e-05	2.444852440837304e-05	-0.3665554626203162	0.3099225193701574	-0.3665554626203162	0.3099225193701574
sota_soybean	sota_soybean	Glycine max	Leaf	Stereo-seq cellbin + snRNA-seq	role_only	2391	5	5000	0	1000	role_only			exp	model_weighted_spatial_ccc_score	coordinate_permutation	500	500	500	1.5553627705402825e-05	1.5553627705402825e-05	1.5459478040922848e-05	1.2550420597425392e-07	0.7501713886727471	0.2397602397602397	0.7501713886727471	0.2397602397602397
sota_soybean	sota_soybean	Glycine max	Leaf	Stereo-seq cellbin + snRNA-seq	role_only	2391	5	5000	0	1000	role_only			exp	model_weighted_spatial_ccc_score	celltype_permutation	500	500	500	1.5553627705402825e-05	1.5553627705402825e-05	6.57964135304959e-05	8.895087266688178e-06	-5.648374694788069	1.0	-5.648374694788069	1.0
sota_soybean	sota_soybean	Glycine max	Leaf	Stereo-seq cellbin + snRNA-seq	role_only	2391	5	5000	0	1000	role_only			exp	model_weighted_spatial_ccc_score	matched_random_lr	500	500	500	1.5553627705402825e-05	1.5553627705402825e-05	9.983643104772532e-06	7.825360338813805e-07	7.117863407520234	0.0009990009990009	7.117863407520234	0.0009990009990009
sota_soybean	sota_soybean	Glycine max	Leaf	Stereo-seq cellbin + snRNA-seq	role_only	2391	5	5000	0	1000	role_only			exp	model_weighted_spatial_ccc_score	score_permutation	500	500	500	1.5553627705402825e-05	1.5553627705402825e-05	6.821936845001101e-06	5.390779135180737e-07	16.197456140278277	0.0009990009990009	16.197456140278277	0.0009990009990009
sota_soybean	sota_soybean	Glycine max	Leaf	Stereo-seq cellbin + snRNA-seq	role_only	2391	5	5000	0	1000	role_only			exp	model_weighted_spatial_ccc_score	pooled	1000	1000	1000	1.3784188628533827e-05	1.3784188628533827e-05	2.178902695556715e-05	2.1870929270614904e-05	-0.3660035761620962	0.3131717070732316	-0.3660035761620962	0.3131717070732316
sota_soybean	sota_soybean	Glycine max	Leaf	Stereo-seq cellbin + snRNA-seq	role_only	2391	5	5000	0	1000	role_only			exp	model_weighted_spatial_ccc_score	coordinate_permutation	1000	1000	1000	1.3784188628533827e-05	1.3784188628533827e-05	1.3707305835517054e-05	1.1032970766804417e-07	0.6968457964929746	0.2527472527472527	0.6968457964929746	0.2527472527472527
sota_soybean	sota_soybean	Glycine max	Leaf	Stereo-seq cellbin + snRNA-seq	role_only	2391	5	5000	0	1000	role_only			exp	model_weighted_spatial_ccc_score	celltype_permutation	1000	1000	1000	1.3784188628533827e-05	1.3784188628533827e-05	5.87603326052577e-05	7.870864880898649e-06	-5.714256902805421	1.0	-5.714256902805421	1.0
sota_soybean	sota_soybean	Glycine max	Leaf	Stereo-seq cellbin + snRNA-seq	role_only	2391	5	5000	0	1000	role_only			exp	model_weighted_spatial_ccc_score	matched_random_lr	1000	1000	1000	1.3784188628533827e-05	1.3784188628533827e-05	8.09827751387501e-06	4.366227970620833e-07	13.022478791574278	0.0009990009990009	13.022478791574278	0.0009990009990009
sota_soybean	sota_soybean	Glycine max	Leaf	Stereo-seq cellbin + snRNA-seq	role_only	2391	5	5000	0	1000	role_only			exp	model_weighted_spatial_ccc_score	score_permutation	1000	1000	1000	1.3784188628533827e-05	1.3784188628533827e-05	6.590191867618834e-06	3.846560600697147e-07	18.702413682527613	0.0009990009990009	18.702413682527613	0.0009990009990009
sota_soybean	sota_soybean	Glycine max	Leaf	Stereo-seq cellbin + snRNA-seq	role_only	2391	5	5000	0	1000	role_only			exp	model_weighted_spatial_ccc_score	pooled	5000	5000	4775	6.66775214515684e-06	6.66775214515684e-06	1.2379858939700735e-05	1.067022315319447e-05	-0.5353315214250036	0.2874281429642589	-0.5353315214250036	0.2874281429642589
sota_soybean	sota_soybean	Glycine max	Leaf	Stereo-seq cellbin + snRNA-seq	role_only	2391	5	5000	0	1000	role_only			exp	model_weighted_spatial_ccc_score	coordinate_permutation	5000	5000	4775	6.66775214515684e-06	6.66775214515684e-06	6.615262327128936e-06	4.81863676449824e-08	1.0893084619830316	0.1378621378621378	1.0893084619830316	0.1378621378621378
sota_soybean	sota_soybean	Glycine max	Leaf	Stereo-seq cellbin + snRNA-seq	role_only	2391	5	5000	0	1000	role_only			exp	model_weighted_spatial_ccc_score	celltype_permutation	5000	5000	4775	6.66775214515684e-06	6.66775214515684e-06	3.055322244693468e-05	3.832248615234693e-06	-6.232755935203087	1.0	-6.232755935203087	1.0
sota_soybean	sota_soybean	Glycine max	Leaf	Stereo-seq cellbin + snRNA-seq	role_only	2391	5	5000	0	1000	role_only			exp	model_weighted_spatial_ccc_score	matched_random_lr	5000	5000	4775	6.66775214515684e-06	6.66775214515684e-06	5.958953006058502e-06	1.7057109740075266e-07	4.155446906887349	0.0009990009990009	4.155446906887349	0.0009990009990009
sota_soybean	sota_soybean	Glycine max	Leaf	Stereo-seq cellbin + snRNA-seq	role_only	2391	5	5000	0	1000	role_only			exp	model_weighted_spatial_ccc_score	score_permutation	5000	5000	4775	6.66775214515684e-06	6.66775214515684e-06	6.391997978680816e-06	1.1727382301862893e-07	2.3513701470465525	0.0129870129870129	2.3513701470465525	0.0129870129870129
sota_soybean	sota_soybean	Glycine max	Leaf	Stereo-seq cellbin + snRNA-seq	embedding_cosine	2391	5	5000	0	1000	embedding_cosine			contact	spatial_ccc_score	pooled	100	100	100	9.653265544693592e-06	9.653265544693592e-06	2.032775028442674e-05	1.745755929473557e-05	-0.6114534431483846	0.7893026743314171	-0.6114534431483846	0.7893026743314171
sota_soybean	sota_soybean	Glycine max	Leaf	Stereo-seq cellbin + snRNA-seq	embedding_cosine	2391	5	5000	0	1000	embedding_cosine			contact	spatial_ccc_score	coordinate_permutation	100	100	100	9.653265544693592e-06	9.653265544693592e-06	9.507816639410575e-06	1.495423743645565e-07	0.972626694614594	0.1638361638361638	0.972626694614594	0.1638361638361638
sota_soybean	sota_soybean	Glycine max	Leaf	Stereo-seq cellbin + snRNA-seq	embedding_cosine	2391	5	5000	0	1000	embedding_cosine			contact	spatial_ccc_score	celltype_permutation	100	100	100	9.653265544693592e-06	9.653265544693592e-06	4.9553149951004086e-05	8.418057150028087e-06	-4.739797282818087	1.0	-4.739797282818087	1.0
sota_soybean	sota_soybean	Glycine max	Leaf	Stereo-seq cellbin + snRNA-seq	embedding_cosine	2391	5	5000	0	1000	embedding_cosine			contact	spatial_ccc_score	matched_random_lr	100	100	100	9.653265544693592e-06	9.653265544693592e-06	1.2596769002598714e-05	1.743838256806028e-06	-1.6879452245166198	0.994005994005994	-1.6879452245166198	0.994005994005994
sota_soybean	sota_soybean	Glycine max	Leaf	Stereo-seq cellbin + snRNA-seq	embedding_cosine	2391	5	5000	0	1000	embedding_cosine			contact	spatial_ccc_score	score_permutation	100	100	100	9.653265544693592e-06	9.653265544693592e-06	9.65326554469359e-06	1.694913563260425e-21	0.999499874937461	1.0	0.999499874937461	1.0
sota_soybean	sota_soybean	Glycine max	Leaf	Stereo-seq cellbin + snRNA-seq	embedding_cosine	2391	5	5000	0	1000	embedding_cosine			contact	spatial_ccc_score	pooled	500	500	500	1.1253162203929328e-05	1.1253162203929328e-05	2.1552669235785874e-05	1.7991020431079142e-05	-0.5724804255162951	0.7215696075981005	-0.5724804255162951	0.7215696075981005
sota_soybean	sota_soybean	Glycine max	Leaf	Stereo-seq cellbin + snRNA-seq	embedding_cosine	2391	5	5000	0	1000	embedding_cosine			contact	spatial_ccc_score	coordinate_permutation	500	500	500	1.1253162203929328e-05	1.1253162203929328e-05	1.101803766459805e-05	1.7480067345517429e-07	1.345100877952698	0.0949050949050949	1.345100877952698	0.0949050949050949
sota_soybean	sota_soybean	Glycine max	Leaf	Stereo-seq cellbin + snRNA-seq	embedding_cosine	2391	5	5000	0	1000	embedding_cosine			contact	spatial_ccc_score	celltype_permutation	500	500	500	1.1253162203929328e-05	1.1253162203929328e-05	5.2076730089306855e-05	7.153553639569093e-06	-5.70675358601723	1.0	-5.70675358601723	1.0
sota_soybean	sota_soybean	Glycine max	Leaf	Stereo-seq cellbin + snRNA-seq	embedding_cosine	2391	5	5000	0	1000	embedding_cosine			contact	spatial_ccc_score	matched_random_lr	500	500	500	1.1253162203929328e-05	1.1253162203929328e-05	1.186274698530926e-05	7.485154312914215e-07	-0.8143917358232794	0.7922077922077922	-0.8143917358232794	0.7922077922077922
sota_soybean	sota_soybean	Glycine max	Leaf	Stereo-seq cellbin + snRNA-seq	embedding_cosine	2391	5	5000	0	1000	embedding_cosine			contact	spatial_ccc_score	score_permutation	500	500	500	1.1253162203929328e-05	1.1253162203929328e-05	1.1253162203929323e-05	3.3898271265208486e-21	0.999499874937461	1.0	0.999499874937461	1.0
sota_soybean	sota_soybean	Glycine max	Leaf	Stereo-seq cellbin + snRNA-seq	embedding_cosine	2391	5	5000	0	1000	embedding_cosine			contact	spatial_ccc_score	pooled	1000	1000	1000	1.3075094842413382e-05	1.3075094842413382e-05	2.4451782253466077e-05	2.0537024902094425e-05	-0.5539598586108967	0.5731067233191702	-0.5539598586108967	0.5731067233191702
sota_soybean	sota_soybean	Glycine max	Leaf	Stereo-seq cellbin + snRNA-seq	embedding_cosine	2391	5	5000	0	1000	embedding_cosine			contact	spatial_ccc_score	coordinate_permutation	1000	1000	1000	1.3075094842413382e-05	1.3075094842413382e-05	1.2781281398231826e-05	2.0686940811098437e-07	1.420284646553089	0.0809190809190809	1.420284646553089	0.0809190809190809
sota_soybean	sota_soybean	Glycine max	Leaf	Stereo-seq cellbin + snRNA-seq	embedding_cosine	2391	5	5000	0	1000	embedding_cosine			contact	spatial_ccc_score	celltype_permutation	1000	1000	1000	1.3075094842413382e-05	1.3075094842413382e-05	5.9333549647172993e-05	7.983882938136281e-06	-5.793979591534186	1.0	-5.793979591534186	1.0
sota_soybean	sota_soybean	Glycine max	Leaf	Stereo-seq cellbin + snRNA-seq	embedding_cosine	2391	5	5000	0	1000	embedding_cosine			contact	spatial_ccc_score	matched_random_lr	1000	1000	1000	1.3075094842413382e-05	1.3075094842413382e-05	1.261720312604608e-05	7.143846567307073e-07	0.6409596175578384	0.2127872127872128	0.6409596175578384	0.2127872127872128
sota_soybean	sota_soybean	Glycine max	Leaf	Stereo-seq cellbin + snRNA-seq	embedding_cosine	2391	5	5000	0	1000	embedding_cosine			contact	spatial_ccc_score	score_permutation	1000	1000	1000	1.3075094842413382e-05	1.3075094842413382e-05	1.3075094842413389e-05	6.779654253041699e-21	-0.999499874937461	1.0	-0.999499874937461	1.0
sota_soybean	sota_soybean	Glycine max	Leaf	Stereo-seq cellbin + snRNA-seq	embedding_cosine	2391	5	5000	0	1000	embedding_cosine			contact	spatial_ccc_score	pooled	5000	5000	4775	1.978309353853797e-05	1.978309353853797e-05	3.776396438871088e-05	3.2229319323721774e-05	-0.5579041452773853	0.5733566608347913	-0.5579041452773853	0.5733566608347913
sota_soybean	sota_soybean	Glycine max	Leaf	Stereo-seq cellbin + snRNA-seq	embedding_cosine	2391	5	5000	0	1000	embedding_cosine			contact	spatial_ccc_score	coordinate_permutation	5000	5000	4775	1.978309353853797e-05	1.978309353853797e-05	1.9287057174203008e-05	2.970619718789281e-07	1.6698076875929708	0.0519480519480519	1.6698076875929708	0.0519480519480519
sota_soybean	sota_soybean	Glycine max	Leaf	Stereo-seq cellbin + snRNA-seq	embedding_cosine	2391	5	5000	0	1000	embedding_cosine			contact	spatial_ccc_score	celltype_permutation	5000	5000	4775	1.978309353853797e-05	1.978309353853797e-05	9.2559921474367e-05	1.2250277328787123e-05	-5.9408310508048325	1.0	-5.9408310508048325	1.0
sota_soybean	sota_soybean	Glycine max	Leaf	Stereo-seq cellbin + snRNA-seq	embedding_cosine	2391	5	5000	0	1000	embedding_cosine			contact	spatial_ccc_score	matched_random_lr	5000	5000	4775	1.978309353853797e-05	1.978309353853797e-05	1.942578536773555e-05	5.26043334524205e-07	0.6792371414145859	0.2427572427572427	0.6792371414145859	0.2427572427572427
sota_soybean	sota_soybean	Glycine max	Leaf	Stereo-seq cellbin + snRNA-seq	embedding_cosine	2391	5	5000	0	1000	embedding_cosine			contact	spatial_ccc_score	score_permutation	5000	5000	4775	1.978309353853797e-05	1.978309353853797e-05	1.9783093538537965e-05	3.3898271265208486e-21	0.999499874937461	1.0	0.999499874937461	1.0
sota_soybean	sota_soybean	Glycine max	Leaf	Stereo-seq cellbin + snRNA-seq	embedding_cosine	2391	5	5000	0	1000	embedding_cosine			contact	model_weighted_spatial_ccc_score	pooled	100	100	100	5.308819002116477e-06	5.308819002116477e-06	1.106107380017078e-05	9.675375511219607e-06	-0.5945252245128846	0.5393651587103224	-0.5945252245128846	0.5393651587103224
sota_soybean	sota_soybean	Glycine max	Leaf	Stereo-seq cellbin + snRNA-seq	embedding_cosine	2391	5	5000	0	1000	embedding_cosine			contact	model_weighted_spatial_ccc_score	coordinate_permutation	100	100	100	5.308819002116477e-06	5.308819002116477e-06	5.228931170184151e-06	8.226996045577868e-08	0.9710449778964824	0.1638361638361638	0.9710449778964824	0.1638361638361638
sota_soybean	sota_soybean	Glycine max	Leaf	Stereo-seq cellbin + snRNA-seq	embedding_cosine	2391	5	5000	0	1000	embedding_cosine			contact	model_weighted_spatial_ccc_score	celltype_permutation	100	100	100	5.308819002116477e-06	5.308819002116477e-06	2.7252383144936035e-05	4.629507545614342e-06	-4.73993484762916	1.0	-4.73993484762916	1.0
sota_soybean	sota_soybean	Glycine max	Leaf	Stereo-seq cellbin + snRNA-seq	embedding_cosine	2391	5	5000	0	1000	embedding_cosine			contact	model_weighted_spatial_ccc_score	matched_random_lr	100	100	100	5.308819002116477e-06	5.308819002116477e-06	6.9283443250817065e-06	9.585861828992655e-07	-1.6894937063112447	0.994005994005994	-1.6894937063112447	0.994005994005994
sota_soybean	sota_soybean	Glycine max	Leaf	Stereo-seq cellbin + snRNA-seq	embedding_cosine	2391	5	5000	0	1000	embedding_cosine			contact	model_weighted_spatial_ccc_score	score_permutation	100	100	100	5.308819002116477e-06	5.308819002116477e-06	4.834636560481231e-06	4.423453382830521e-08	10.719734121665416	0.0009990009990009	10.719734121665416	0.0009990009990009
sota_soybean	sota_soybean	Glycine max	Leaf	Stereo-seq cellbin + snRNA-seq	embedding_cosine	2391	5	5000	0	1000	embedding_cosine			contact	model_weighted_spatial_ccc_score	pooled	500	500	500	6.084139790031794e-06	6.084139790031794e-06	1.1545646301542824e-05	9.797295544239714e-06	-0.5574504195417587	0.4741314671332167	-0.5574504195417587	0.4741314671332167
sota_soybean	sota_soybean	Glycine max	Leaf	Stereo-seq cellbin + snRNA-seq	embedding_cosine	2391	5	5000	0	1000	embedding_cosine			contact	model_weighted_spatial_ccc_score	coordinate_permutation	500	500	500	6.084139790031794e-06	6.084139790031794e-06	5.957210695153006e-06	9.44971393338424e-08	1.3432056861570028	0.0949050949050949	1.3432056861570028	0.0949050949050949
sota_soybean	sota_soybean	Glycine max	Leaf	Stereo-seq cellbin + snRNA-seq	embedding_cosine	2391	5	5000	0	1000	embedding_cosine			contact	model_weighted_spatial_ccc_score	celltype_permutation	500	500	500	6.084139790031794e-06	6.084139790031794e-06	2.816774918634906e-05	3.871319914252391e-06	-5.704413452118937	1.0	-5.704413452118937	1.0
sota_soybean	sota_soybean	Glycine max	Leaf	Stereo-seq cellbin + snRNA-seq	embedding_cosine	2391	5	5000	0	1000	embedding_cosine			contact	model_weighted_spatial_ccc_score	matched_random_lr	500	500	500	6.084139790031794e-06	6.084139790031794e-06	6.422040875216424e-06	4.056780117180319e-07	-0.8329292577471269	0.8021978021978022	-0.8329292577471269	0.8021978021978022
sota_soybean	sota_soybean	Glycine max	Leaf	Stereo-seq cellbin + snRNA-seq	embedding_cosine	2391	5	5000	0	1000	embedding_cosine			contact	model_weighted_spatial_ccc_score	score_permutation	500	500	500	6.084139790031794e-06	6.084139790031794e-06	5.635584449452807e-06	3.837032934811205e-08	11.69016133558564	0.0009990009990009	11.69016133558564	0.0009990009990009
sota_soybean	sota_soybean	Glycine max	Leaf	Stereo-seq cellbin + snRNA-seq	embedding_cosine	2391	5	5000	0	1000	embedding_cosine			contact	model_weighted_spatial_ccc_score	pooled	1000	1000	1000	6.98715738106615e-06	6.98715738106615e-06	1.2961714381577807e-05	1.1040947953156004e-05	-0.5411271772913175	0.3269182704323919	-0.5411271772913175	0.3269182704323919
sota_soybean	sota_soybean	Glycine max	Leaf	Stereo-seq cellbin + snRNA-seq	embedding_cosine	2391	5	5000	0	1000	embedding_cosine			contact	model_weighted_spatial_ccc_score	coordinate_permutation	1000	1000	1000	6.98715738106615e-06	6.98715738106615e-06	6.830331997337596e-06	1.105295014597609e-07	1.4188554336839012	0.0809190809190809	1.4188554336839012	0.0809190809190809
sota_soybean	sota_soybean	Glycine max	Leaf	Stereo-seq cellbin + snRNA-seq	embedding_cosine	2391	5	5000	0	1000	embedding_cosine			contact	model_weighted_spatial_ccc_score	celltype_permutation	1000	1000	1000	6.98715738106615e-06	6.98715738106615e-06	3.171830176416389e-05	4.269211221336208e-06	-5.7929071907941845	1.0	-5.7929071907941845	1.0
sota_soybean	sota_soybean	Glycine max	Leaf	Stereo-seq cellbin + snRNA-seq	embedding_cosine	2391	5	5000	0	1000	embedding_cosine			contact	model_weighted_spatial_ccc_score	matched_random_lr	1000	1000	1000	6.98715738106615e-06	6.98715738106615e-06	6.750748470450917e-06	3.809690918309124e-07	0.6205461694518757	0.2277722277722277	0.6205461694518757	0.2277722277722277
sota_soybean	sota_soybean	Glycine max	Leaf	Stereo-seq cellbin + snRNA-seq	embedding_cosine	2391	5	5000	0	1000	embedding_cosine			contact	model_weighted_spatial_ccc_score	score_permutation	1000	1000	1000	6.98715738106615e-06	6.98715738106615e-06	6.547475294358821e-06	3.3308288088412705e-08	13.20038080432857	0.0009990009990009	13.20038080432857	0.0009990009990009
sota_soybean	sota_soybean	Glycine max	Leaf	Stereo-seq cellbin + snRNA-seq	embedding_cosine	2391	5	5000	0	1000	embedding_cosine			contact	model_weighted_spatial_ccc_score	pooled	5000	5000	4775	9.783386200111942e-06	9.783386200111942e-06	1.8756516541399424e-05	1.5950386957110426e-05	-0.562565056598041	0.6035991002249438	-0.562565056598041	0.6035991002249438
sota_soybean	sota_soybean	Glycine max	Leaf	Stereo-seq cellbin + snRNA-seq	embedding_cosine	2391	5	5000	0	1000	embedding_cosine			contact	model_weighted_spatial_ccc_score	coordinate_permutation	5000	5000	4775	9.783386200111942e-06	9.783386200111942e-06	9.537485983701514e-06	1.465369585453273e-07	1.6780764310347405	0.0509490509490509	1.6780764310347405	0.0509490509490509
sota_soybean	sota_soybean	Glycine max	Leaf	Stereo-seq cellbin + snRNA-seq	embedding_cosine	2391	5	5000	0	1000	embedding_cosine			contact	model_weighted_spatial_ccc_score	celltype_permutation	5000	5000	4775	9.783386200111942e-06	9.783386200111942e-06	4.587078302408666e-05	6.085920278212103e-06	-5.92965322815177	1.0	-5.92965322815177	1.0
sota_soybean	sota_soybean	Glycine max	Leaf	Stereo-seq cellbin + snRNA-seq	embedding_cosine	2391	5	5000	0	1000	embedding_cosine			contact	model_weighted_spatial_ccc_score	matched_random_lr	5000	5000	4775	9.783386200111942e-06	9.783386200111942e-06	9.710183910308566e-06	2.619720406193673e-07	0.2794278718839923	0.3646353646353646	0.2794278718839923	0.3646353646353646
sota_soybean	sota_soybean	Glycine max	Leaf	Stereo-seq cellbin + snRNA-seq	embedding_cosine	2391	5	5000	0	1000	embedding_cosine			contact	model_weighted_spatial_ccc_score	score_permutation	5000	5000	4775	9.783386200111942e-06	9.783386200111942e-06	9.907613247500952e-06	1.9168190969726263e-08	-6.480895749902061	1.0	-6.480895749902061	1.0
sota_soybean	sota_soybean	Glycine max	Leaf	Stereo-seq cellbin + snRNA-seq	embedding_cosine	2391	5	5000	0	1000	embedding_cosine			exp	spatial_ccc_score	pooled	100	100	100	1.0187019029449683e-05	1.0187019029449683e-05	2.1196215759195054e-05	1.793410308551833e-05	-0.6138693793187364	0.8187953011747063	-0.6138693793187364	0.8187953011747063
sota_soybean	sota_soybean	Glycine max	Leaf	Stereo-seq cellbin + snRNA-seq	embedding_cosine	2391	5	5000	0	1000	embedding_cosine			exp	spatial_ccc_score	coordinate_permutation	100	100	100	1.0187019029449683e-05	1.0187019029449683e-05	1.0143060087846765e-05	7.448486705235299e-08	0.5901727873398087	0.2847152847152847	0.5901727873398087	0.2847152847152847
sota_soybean	sota_soybean	Glycine max	Leaf	Stereo-seq cellbin + snRNA-seq	embedding_cosine	2391	5	5000	0	1000	embedding_cosine			exp	spatial_ccc_score	celltype_permutation	100	100	100	1.0187019029449683e-05	1.0187019029449683e-05	5.130068077109964e-05	8.284044806485029e-06	-4.962993646469029	1.0	-4.962993646469029	1.0
sota_soybean	sota_soybean	Glycine max	Leaf	Stereo-seq cellbin + snRNA-seq	embedding_cosine	2391	5	5000	0	1000	embedding_cosine			exp	spatial_ccc_score	matched_random_lr	100	100	100	1.0187019029449683e-05	1.0187019029449683e-05	1.3154103148384133e-05	1.8216841591008167e-06	-1.628758807673334	0.991008991008991	-1.628758807673334	0.991008991008991
sota_soybean	sota_soybean	Glycine max	Leaf	Stereo-seq cellbin + snRNA-seq	embedding_cosine	2391	5	5000	0	1000	embedding_cosine			exp	spatial_ccc_score	score_permutation	100	100	100	1.0187019029449683e-05	1.0187019029449683e-05	1.018701902944969e-05	5.0847406897812736e-21	-0.9994998749374608	1.0	-0.9994998749374608	1.0
sota_soybean	sota_soybean	Glycine max	Leaf	Stereo-seq cellbin + snRNA-seq	embedding_cosine	2391	5	5000	0	1000	embedding_cosine			exp	spatial_ccc_score	pooled	500	500	500	1.1789967164580555e-05	1.1789967164580555e-05	2.24539087397116e-05	1.8502044214587544e-05	-0.5763655870373113	0.4951262184453887	-0.5763655870373113	0.4951262184453887
sota_soybean	sota_soybean	Glycine max	Leaf	Stereo-seq cellbin + snRNA-seq	embedding_cosine	2391	5	5000	0	1000	embedding_cosine			exp	spatial_ccc_score	coordinate_permutation	500	500	500	1.1789967164580555e-05	1.1789967164580555e-05	1.171519932394342e-05	8.689519250342148e-08	0.8604370216936241	0.2037962037962038	0.8604370216936241	0.2037962037962038
sota_soybean	sota_soybean	Glycine max	Leaf	Stereo-seq cellbin + snRNA-seq	embedding_cosine	2391	5	5000	0	1000	embedding_cosine			exp	spatial_ccc_score	celltype_permutation	500	500	500	1.1789967164580555e-05	1.1789967164580555e-05	5.391819263467726e-05	6.936623105902467e-06	-6.073304665241106	1.0	-6.073304665241106	1.0
sota_soybean	sota_soybean	Glycine max	Leaf	Stereo-seq cellbin + snRNA-seq	embedding_cosine	2391	5	5000	0	1000	embedding_cosine			exp	spatial_ccc_score	matched_random_lr	500	500	500	1.1789967164580555e-05	1.1789967164580555e-05	1.2392275835645148e-05	7.794409612449632e-07	-0.7727444425072976	0.7772227772227772	-0.7727444425072976	0.7772227772227772
sota_soybean	sota_soybean	Glycine max	Leaf	Stereo-seq cellbin + snRNA-seq	embedding_cosine	2391	5	5000	0	1000	embedding_cosine			exp	spatial_ccc_score	score_permutation	500	500	500	1.1789967164580555e-05	1.1789967164580555e-05	1.1789967164580552e-05	3.3898271265208486e-21	1.4992498124061913	0.0009990009990009	1.4992498124061913	0.0009990009990009
sota_soybean	sota_soybean	Glycine max	Leaf	Stereo-seq cellbin + snRNA-seq	embedding_cosine	2391	5	5000	0	1000	embedding_cosine			exp	spatial_ccc_score	pooled	1000	1000	1000	1.3679067352046136e-05	1.3679067352046136e-05	2.546826417435558e-05	2.1124574661880964e-05	-0.558079725201895	0.3461634591352162	-0.558079725201895	0.3461634591352162
sota_soybean	sota_soybean	Glycine max	Leaf	Stereo-seq cellbin + snRNA-seq	embedding_cosine	2391	5	5000	0	1000	embedding_cosine			exp	spatial_ccc_score	coordinate_permutation	1000	1000	1000	1.3679067352046136e-05	1.3679067352046136e-05	1.3581477476513784e-05	1.0280406835100744e-07	0.9492802872270516	0.1778221778221778	0.9492802872270516	0.1778221778221778
sota_soybean	sota_soybean	Glycine max	Leaf	Stereo-seq cellbin + snRNA-seq	embedding_cosine	2391	5	5000	0	1000	embedding_cosine			exp	spatial_ccc_score	celltype_permutation	1000	1000	1000	1.3679067352046136e-05	1.3679067352046136e-05	6.143000619106879e-05	7.71815699757197e-06	-6.186831759712126	1.0	-6.186831759712126	1.0
sota_soybean	sota_soybean	Glycine max	Leaf	Stereo-seq cellbin + snRNA-seq	embedding_cosine	2391	5	5000	0	1000	embedding_cosine			exp	spatial_ccc_score	matched_random_lr	1000	1000	1000	1.3679067352046136e-05	1.3679067352046136e-05	1.31825056777936e-05	7.459097003145266e-07	0.6657128524312674	0.2077922077922078	0.6657128524312674	0.2077922077922078
sota_soybean	sota_soybean	Glycine max	Leaf	Stereo-seq cellbin + snRNA-seq	embedding_cosine	2391	5	5000	0	1000	embedding_cosine			exp	spatial_ccc_score	score_permutation	1000	1000	1000	1.3679067352046136e-05	1.3679067352046136e-05	1.3679067352046138e-05	3.3898271265208486e-21	-0.4997499374687305	0.0009990009990009	-0.4997499374687305	0.0009990009990009
sota_soybean	sota_soybean	Glycine max	Leaf	Stereo-seq cellbin + snRNA-seq	embedding_cosine	2391	5	5000	0	1000	embedding_cosine			exp	spatial_ccc_score	pooled	5000	5000	4775	2.06829746774946e-05	2.06829746774946e-05	3.93382249793138e-05	3.315940871375083e-05	-0.5625929721142187	0.5941014746313422	-0.5625929721142187	0.5941014746313422
sota_soybean	sota_soybean	Glycine max	Leaf	Stereo-seq cellbin + snRNA-seq	embedding_cosine	2391	5	5000	0	1000	embedding_cosine			exp	spatial_ccc_score	coordinate_permutation	5000	5000	4775	2.06829746774946e-05	2.06829746774946e-05	2.0507516285660432e-05	1.4881918718748168e-07	1.179003831092854	0.1238761238761238	1.179003831092854	0.1238761238761238
sota_soybean	sota_soybean	Glycine max	Leaf	Stereo-seq cellbin + snRNA-seq	embedding_cosine	2391	5	5000	0	1000	embedding_cosine			exp	spatial_ccc_score	celltype_permutation	5000	5000	4775	2.06829746774946e-05	2.06829746774946e-05	9.584065694977774e-05	1.1837926621836607e-05	-6.34888901352412	1.0	-6.34888901352412	1.0
sota_soybean	sota_soybean	Glycine max	Leaf	Stereo-seq cellbin + snRNA-seq	embedding_cosine	2391	5	5000	0	1000	embedding_cosine			exp	spatial_ccc_score	matched_random_lr	5000	5000	4775	2.06829746774946e-05	2.06829746774946e-05	2.0321752004322454e-05	5.5026309223481e-07	0.6564544819916751	0.2537462537462537	0.6564544819916751	0.2537462537462537
sota_soybean	sota_soybean	Glycine max	Leaf	Stereo-seq cellbin + snRNA-seq	embedding_cosine	2391	5	5000	0	1000	embedding_cosine			exp	spatial_ccc_score	score_permutation	5000	5000	4775	2.06829746774946e-05	2.06829746774946e-05	2.068297467749459e-05	6.779654253041699e-21	0.999499874937461	1.0	0.999499874937461	1.0
sota_soybean	sota_soybean	Glycine max	Leaf	Stereo-seq cellbin + snRNA-seq	embedding_cosine	2391	5	5000	0	1000	embedding_cosine			exp	model_weighted_spatial_ccc_score	pooled	100	100	100	5.602422240852162e-06	5.602422240852162e-06	1.1532134218818862e-05	9.941943690805213e-06	-0.5964338727296135	0.5688577855536116	-0.5964338727296135	0.5688577855536116
sota_soybean	sota_soybean	Glycine max	Leaf	Stereo-seq cellbin + snRNA-seq	embedding_cosine	2391	5	5000	0	1000	embedding_cosine			exp	model_weighted_spatial_ccc_score	coordinate_permutation	100	100	100	5.602422240852162e-06	5.602422240852162e-06	5.578284304883316e-06	4.097584782499859e-08	0.5890771576450433	0.2847152847152847	0.5890771576450433	0.2847152847152847
sota_soybean	sota_soybean	Glycine max	Leaf	Stereo-seq cellbin + snRNA-seq	embedding_cosine	2391	5	5000	0	1000	embedding_cosine			exp	model_weighted_spatial_ccc_score	celltype_permutation	100	100	100	5.602422240852162e-06	5.602422240852162e-06	2.8213460659170564e-05	4.5558914992944495e-06	-4.963032684562412	1.0	-4.963032684562412	1.0
sota_soybean	sota_soybean	Glycine max	Leaf	Stereo-seq cellbin + snRNA-seq	embedding_cosine	2391	5	5000	0	1000	embedding_cosine			exp	model_weighted_spatial_ccc_score	matched_random_lr	100	100	100	5.602422240852162e-06	5.602422240852162e-06	7.2348884238395935e-06	1.0013594578017985e-06	-1.6302499270052833	0.991008991008991	-1.6302499270052833	0.991008991008991
sota_soybean	sota_soybean	Glycine max	Leaf	Stereo-seq cellbin + snRNA-seq	embedding_cosine	2391	5	5000	0	1000	embedding_cosine			exp	model_weighted_spatial_ccc_score	score_permutation	100	100	100	5.602422240852162e-06	5.602422240852162e-06	5.10190348738198e-06	4.6706128162031364e-08	10.716340085690666	0.0009990009990009	10.716340085690666	0.0009990009990009
sota_soybean	sota_soybean	Glycine max	Leaf	Stereo-seq cellbin + snRNA-seq	embedding_cosine	2391	5	5000	0	1000	embedding_cosine			exp	model_weighted_spatial_ccc_score	pooled	500	500	500	6.374598859720424e-06	6.374598859720424e-06	1.2027769116074251e-05	1.0077325078467444e-05	-0.5609792491891669	0.4968757810547363	-0.5609792491891669	0.4968757810547363
sota_soybean	sota_soybean	Glycine max	Leaf	Stereo-seq cellbin + snRNA-seq	embedding_cosine	2391	5	5000	0	1000	embedding_cosine			exp	model_weighted_spatial_ccc_score	coordinate_permutation	500	500	500	6.374598859720424e-06	6.374598859720424e-06	6.334223575417366e-06	4.697521044901413e-08	0.8595019355342759	0.2037962037962038	0.8595019355342759	0.2037962037962038
sota_soybean	sota_soybean	Glycine max	Leaf	Stereo-seq cellbin + snRNA-seq	embedding_cosine	2391	5	5000	0	1000	embedding_cosine			exp	model_weighted_spatial_ccc_score	celltype_permutation	500	500	500	6.374598859720424e-06	6.374598859720424e-06	2.916376821411797e-05	3.75408282402133e-06	-6.0705025495378	1.0	-6.0705025495378	1.0
sota_soybean	sota_soybean	Glycine max	Leaf	Stereo-seq cellbin + snRNA-seq	embedding_cosine	2391	5	5000	0	1000	embedding_cosine			exp	model_weighted_spatial_ccc_score	matched_random_lr	500	500	500	6.374598859720424e-06	6.374598859720424e-06	6.70868772344743e-06	4.224485534228252e-07	-0.7908391708767902	0.7842157842157842	-0.7908391708767902	0.7842157842157842
sota_soybean	sota_soybean	Glycine max	Leaf	Stereo-seq cellbin + snRNA-seq	embedding_cosine	2391	5	5000	0	1000	embedding_cosine			exp	model_weighted_spatial_ccc_score	score_permutation	500	500	500	6.374598859720424e-06	6.374598859720424e-06	5.904396951314233e-06	3.998915600236181e-08	11.758235367068504	0.0009990009990009	11.758235367068504	0.0009990009990009
sota_soybean	sota_soybean	Glycine max	Leaf	Stereo-seq cellbin + snRNA-seq	embedding_cosine	2391	5	5000	0	1000	embedding_cosine			exp	model_weighted_spatial_ccc_score	pooled	1000	1000	1000	7.310109368803819e-06	7.310109368803819e-06	1.3500040042106542e-05	1.135840497510958e-05	-0.544964780430626	0.3474131467133217	-0.544964780430626	0.3474131467133217
sota_soybean	sota_soybean	Glycine max	Leaf	Stereo-seq cellbin + snRNA-seq	embedding_cosine	2391	5	5000	0	1000	embedding_cosine			exp	model_weighted_spatial_ccc_score	coordinate_permutation	1000	1000	1000	7.310109368803819e-06	7.310109368803819e-06	7.258030618579419e-06	5.4927983962113515e-08	0.9481278297110028	0.1788211788211788	0.9481278297110028	0.1788211788211788
sota_soybean	sota_soybean	Glycine max	Leaf	Stereo-seq cellbin + snRNA-seq	embedding_cosine	2391	5	5000	0	1000	embedding_cosine			exp	model_weighted_spatial_ccc_score	celltype_permutation	1000	1000	1000	7.310109368803819e-06	7.310109368803819e-06	3.283902096941958e-05	4.12726748000049e-06	-6.185426974219935	1.0	-6.185426974219935	1.0
sota_soybean	sota_soybean	Glycine max	Leaf	Stereo-seq cellbin + snRNA-seq	embedding_cosine	2391	5	5000	0	1000	embedding_cosine			exp	model_weighted_spatial_ccc_score	matched_random_lr	1000	1000	1000	7.310109368803819e-06	7.310109368803819e-06	7.053184098560329e-06	3.97773669551489e-07	0.6459081882749733	0.2117882117882117	0.6459081882749733	0.2117882117882117
sota_soybean	sota_soybean	Glycine max	Leaf	Stereo-seq cellbin + snRNA-seq	embedding_cosine	2391	5	5000	0	1000	embedding_cosine			exp	model_weighted_spatial_ccc_score	score_permutation	1000	1000	1000	7.310109368803819e-06	7.310109368803819e-06	6.849924481866837e-06	3.47337907868389e-08	13.248910542506982	0.0009990009990009	13.248910542506982	0.0009990009990009
sota_soybean	sota_soybean	Glycine max	Leaf	Stereo-seq cellbin + snRNA-seq	embedding_cosine	2391	5	5000	0	1000	embedding_cosine			exp	model_weighted_spatial_ccc_score	pooled	5000	5000	4775	1.0228679321937587e-05	1.0228679321937587e-05	1.953850220736164e-05	1.6409979047618024e-05	-0.5673269209186107	0.6228442889277681	-0.5673269209186107	0.6228442889277681
sota_soybean	sota_soybean	Glycine max	Leaf	Stereo-seq cellbin + snRNA-seq	embedding_cosine	2391	5	5000	0	1000	embedding_cosine			exp	model_weighted_spatial_ccc_score	coordinate_permutation	5000	5000	4775	1.0228679321937587e-05	1.0228679321937587e-05	1.0141322200792402e-05	7.342790800201817e-08	1.189699169187615	0.1228771228771228	1.189699169187615	0.1228771228771228
sota_soybean	sota_soybean	Glycine max	Leaf	Stereo-seq cellbin + snRNA-seq	embedding_cosine	2391	5	5000	0	1000	embedding_cosine			exp	model_weighted_spatial_ccc_score	celltype_permutation	5000	5000	4775	1.0228679321937587e-05	1.0228679321937587e-05	4.749662641759141e-05	5.881838443876024e-06	-6.336105190793872	1.0	-6.336105190793872	1.0
sota_soybean	sota_soybean	Glycine max	Leaf	Stereo-seq cellbin + snRNA-seq	embedding_cosine	2391	5	5000	0	1000	embedding_cosine			exp	model_weighted_spatial_ccc_score	matched_random_lr	5000	5000	4775	1.0228679321937587e-05	1.0228679321937587e-05	1.0157769395422491e-05	2.740292567181534e-07	0.2587677219736761	0.3696303696303696	0.2587677219736761	0.3696303696303696
sota_soybean	sota_soybean	Glycine max	Leaf	Stereo-seq cellbin + snRNA-seq	embedding_cosine	2391	5	5000	0	1000	embedding_cosine			exp	model_weighted_spatial_ccc_score	score_permutation	5000	5000	4775	1.0228679321937587e-05	1.0228679321937587e-05	1.0358290815640246e-05	2.0024525126041904e-08	-6.47263757251844	1.0	-6.47263757251844	1.0
sota_soybean	sota_soybean	Glycine max	Leaf	Stereo-seq cellbin + snRNA-seq	expression_only	2391	5	5000	0	1000	expression_only			contact	spatial_ccc_score	pooled	100	100	100	0.0002360554755314	0.0002360554755314	0.0004135235436206	0.0003967093952881	-0.4473503027583047	0.5181204698825294	-0.4473503027583047	0.5181204698825294
sota_soybean	sota_soybean	Glycine max	Leaf	Stereo-seq cellbin + snRNA-seq	expression_only	2391	5	5000	0	1000	expression_only			contact	spatial_ccc_score	coordinate_permutation	100	100	100	0.0002360554755314	0.0002360554755314	0.0002307204335503	3.618984388990285e-06	1.474182093002378	0.0729270729270729	1.474182093002378	0.0729270729270729
sota_soybean	sota_soybean	Glycine max	Leaf	Stereo-seq cellbin + snRNA-seq	expression_only	2391	5	5000	0	1000	expression_only			contact	spatial_ccc_score	celltype_permutation	100	100	100	0.0002360554755314	0.0002360554755314	0.0010822882921283	0.0001478629292699	-5.723089761411384	1.0	-5.723089761411384	1.0
sota_soybean	sota_soybean	Glycine max	Leaf	Stereo-seq cellbin + snRNA-seq	expression_only	2391	5	5000	0	1000	expression_only			contact	spatial_ccc_score	matched_random_lr	100	100	100	0.0002360554755314	0.0002360554755314	0.0001050299732724	1.3230402329320343e-05	9.90336491647354	0.0009990009990009	9.90336491647354	0.0009990009990009
sota_soybean	sota_soybean	Glycine max	Leaf	Stereo-seq cellbin + snRNA-seq	expression_only	2391	5	5000	0	1000	expression_only			contact	spatial_ccc_score	score_permutation	100	100	100	0.0002360554755314	0.0002360554755314	0.0002360554755314	8.135585103650039e-20	0.9994998749374608	1.0	0.9994998749374608	1.0
sota_soybean	sota_soybean	Glycine max	Leaf	Stereo-seq cellbin + snRNA-seq	expression_only	2391	5	5000	0	1000	expression_only			contact	spatial_ccc_score	pooled	500	500	500	0.0001072318604365	0.0001072318604365	0.0002004427785138	0.0001839491331996	-0.506721159572556	0.5111222194451387	-0.506721159572556	0.5111222194451387
sota_soybean	sota_soybean	Glycine max	Leaf	Stereo-seq cellbin + snRNA-seq	expression_only	2391	5	5000	0	1000	expression_only			contact	spatial_ccc_score	coordinate_permutation	500	500	500	0.0001072318604365	0.0001072318604365	0.000104531664087	1.5754197789285708e-06	1.7139535669450263	0.0449550449550449	1.7139535669450263	0.0449550449550449
sota_soybean	sota_soybean	Glycine max	Leaf	Stereo-seq cellbin + snRNA-seq	expression_only	2391	5	5000	0	1000	expression_only			contact	spatial_ccc_score	celltype_permutation	500	500	500	0.0001072318604365	0.0001072318604365	0.0005120539830363	7.284990733991882e-05	-5.556933939680203	1.0	-5.556933939680203	1.0
sota_soybean	sota_soybean	Glycine max	Leaf	Stereo-seq cellbin + snRNA-seq	expression_only	2391	5	5000	0	1000	expression_only			contact	spatial_ccc_score	matched_random_lr	500	500	500	0.0001072318604365	0.0001072318604365	7.795360649543081e-05	4.3217232872490674e-06	6.774671119622379	0.0009990009990009	6.774671119622379	0.0009990009990009
sota_soybean	sota_soybean	Glycine max	Leaf	Stereo-seq cellbin + snRNA-seq	expression_only	2391	5	5000	0	1000	expression_only			contact	spatial_ccc_score	score_permutation	500	500	500	0.0001072318604365	0.0001072318604365	0.0001072318604365	0.0	0.0	1.0	0.0	1.0
sota_soybean	sota_soybean	Glycine max	Leaf	Stereo-seq cellbin + snRNA-seq	expression_only	2391	5	5000	0	1000	expression_only			contact	spatial_ccc_score	pooled	1000	1000	1000	6.918224661320969e-05	6.918224661320969e-05	0.0001312716577074	0.0001162221021898	-0.5342306663218995	0.5116220944763809	-0.5342306663218995	0.5116220944763809
sota_soybean	sota_soybean	Glycine max	Leaf	Stereo-seq cellbin + snRNA-seq	expression_only	2391	5	5000	0	1000	expression_only			contact	spatial_ccc_score	coordinate_permutation	1000	1000	1000	6.918224661320969e-05	6.918224661320969e-05	6.742205903148775e-05	1.023619899627433e-06	1.7195714760553116	0.0469530469530469	1.7195714760553116	0.0469530469530469
sota_soybean	sota_soybean	Glycine max	Leaf	Stereo-seq cellbin + snRNA-seq	expression_only	2391	5	5000	0	1000	expression_only			contact	spatial_ccc_score	celltype_permutation	1000	1000	1000	6.918224661320969e-05	6.918224661320969e-05	0.0003285646160781	4.543210951380071e-05	-5.709230151114428	1.0	-5.709230151114428	1.0
sota_soybean	sota_soybean	Glycine max	Leaf	Stereo-seq cellbin + snRNA-seq	expression_only	2391	5	5000	0	1000	expression_only			contact	spatial_ccc_score	matched_random_lr	1000	1000	1000	6.918224661320969e-05	6.918224661320969e-05	5.991770910680005e-05	2.4461568747124767e-06	3.787384857522108	0.0009990009990009	3.787384857522108	0.0009990009990009
sota_soybean	sota_soybean	Glycine max	Leaf	Stereo-seq cellbin + snRNA-seq	expression_only	2391	5	5000	0	1000	expression_only			contact	spatial_ccc_score	score_permutation	1000	1000	1000	6.918224661320969e-05	6.918224661320969e-05	6.918224661320967e-05	1.3559308506083394e-20	0.999499874937461	1.0	0.999499874937461	1.0
sota_soybean	sota_soybean	Glycine max	Leaf	Stereo-seq cellbin + snRNA-seq	expression_only	2391	5	5000	0	1000	expression_only			contact	spatial_ccc_score	pooled	5000	5000	4775	1.9783093538537965e-05	1.9783093538537965e-05	3.7767448496928966e-05	3.2227333735529265e-05	-0.5580466291744146	0.5783554111472132	-0.5580466291744146	0.5783554111472132
sota_soybean	sota_soybean	Glycine max	Leaf	Stereo-seq cellbin + snRNA-seq	expression_only	2391	5	5000	0	1000	expression_only			contact	spatial_ccc_score	coordinate_permutation	5000	5000	4775	1.9783093538537965e-05	1.9783093538537965e-05	1.9287057174203008e-05	2.970619718789282e-07	1.669807687592959	0.0519480519480519	1.669807687592959	0.0519480519480519
sota_soybean	sota_soybean	Glycine max	Leaf	Stereo-seq cellbin + snRNA-seq	expression_only	2391	5	5000	0	1000	expression_only			contact	spatial_ccc_score	celltype_permutation	5000	5000	4775	1.9783093538537965e-05	1.9783093538537965e-05	9.255992147436702e-05	1.2250277328787123e-05	-5.940831050804833	1.0	-5.940831050804833	1.0
sota_soybean	sota_soybean	Glycine max	Leaf	Stereo-seq cellbin + snRNA-seq	expression_only	2391	5	5000	0	1000	expression_only			contact	spatial_ccc_score	matched_random_lr	5000	5000	4775	1.9783093538537965e-05	1.9783093538537965e-05	1.943972180060786e-05	5.252648975031979e-07	0.6537115645121017	0.2627372627372627	0.6537115645121017	0.2627372627372627
sota_soybean	sota_soybean	Glycine max	Leaf	Stereo-seq cellbin + snRNA-seq	expression_only	2391	5	5000	0	1000	expression_only			contact	spatial_ccc_score	score_permutation	5000	5000	4775	1.9783093538537965e-05	1.9783093538537965e-05	1.9783093538537965e-05	0.0	0.0	1.0	0.0	1.0
sota_soybean	sota_soybean	Glycine max	Leaf	Stereo-seq cellbin + snRNA-seq	expression_only	2391	5	5000	0	1000	expression_only			contact	model_weighted_spatial_ccc_score	pooled	100	100	100	5.002652173585282e-05	5.002652173585282e-05	7.378399857495522e-05	9.049254127390712e-05	-0.262535193560231	0.2731817045738565	-0.262535193560231	0.2731817045738565
sota_soybean	sota_soybean	Glycine max	Leaf	Stereo-seq cellbin + snRNA-seq	expression_only	2391	5	5000	0	1000	expression_only			contact	model_weighted_spatial_ccc_score	coordinate_permutation	100	100	100	5.002652173585282e-05	5.002652173585282e-05	4.896306341469601e-05	7.854423148549459e-07	1.3539610752359426	0.0929070929070929	1.3539610752359426	0.0929070929070929
sota_soybean	sota_soybean	Glycine max	Leaf	Stereo-seq cellbin + snRNA-seq	expression_only	2391	5	5000	0	1000	expression_only			contact	model_weighted_spatial_ccc_score	celltype_permutation	100	100	100	5.002652173585282e-05	5.002652173585282e-05	0.0002256180940014	3.0139346407241905e-05	-5.825991376620386	1.0	-5.825991376620386	1.0
sota_soybean	sota_soybean	Glycine max	Leaf	Stereo-seq cellbin + snRNA-seq	expression_only	2391	5	5000	0	1000	expression_only			contact	model_weighted_spatial_ccc_score	matched_random_lr	100	100	100	5.002652173585282e-05	5.002652173585282e-05	1.723672290662607e-05	2.4376459164448827e-06	13.451419916247774	0.0009990009990009	13.451419916247774	0.0009990009990009
sota_soybean	sota_soybean	Glycine max	Leaf	Stereo-seq cellbin + snRNA-seq	expression_only	2391	5	5000	0	1000	expression_only			contact	model_weighted_spatial_ccc_score	score_permutation	100	100	100	5.002652173585282e-05	5.002652173585282e-05	3.31811397708005e-06	8.25198176866908e-07	56.60265505689081	0.0009990009990009	56.60265505689081	0.0009990009990009
sota_soybean	sota_soybean	Glycine max	Leaf	Stereo-seq cellbin + snRNA-seq	expression_only	2391	5	5000	0	1000	expression_only			contact	model_weighted_spatial_ccc_score	pooled	500	500	500	1.3758537846474314e-05	1.3758537846474314e-05	2.1332302737281056e-05	2.5093305850961252e-05	-0.30182411738773	0.2669332666833292	-0.30182411738773	0.2669332666833292
sota_soybean	sota_soybean	Glycine max	Leaf	Stereo-seq cellbin + snRNA-seq	expression_only	2391	5	5000	0	1000	expression_only			contact	model_weighted_spatial_ccc_score	coordinate_permutation	500	500	500	1.3758537846474314e-05	1.3758537846474314e-05	1.3443041507121452e-05	2.0919054927764646e-07	1.5081768294136573	0.0679320679320679	1.5081768294136573	0.0679320679320679
sota_soybean	sota_soybean	Glycine max	Leaf	Stereo-seq cellbin + snRNA-seq	expression_only	2391	5	5000	0	1000	expression_only			contact	model_weighted_spatial_ccc_score	celltype_permutation	500	500	500	1.3758537846474314e-05	1.3758537846474314e-05	6.351352783744579e-05	8.600434168046532e-06	-5.785171890022458	1.0	-5.785171890022458	1.0
sota_soybean	sota_soybean	Glycine max	Leaf	Stereo-seq cellbin + snRNA-seq	expression_only	2391	5	5000	0	1000	expression_only			contact	model_weighted_spatial_ccc_score	matched_random_lr	500	500	500	1.3758537846474314e-05	1.3758537846474314e-05	6.863908625537317e-06	5.37804932367021e-07	12.819944195364515	0.0009990009990009	12.819944195364515	0.0009990009990009
sota_soybean	sota_soybean	Glycine max	Leaf	Stereo-seq cellbin + snRNA-seq	expression_only	2391	5	5000	0	1000	expression_only			contact	model_weighted_spatial_ccc_score	score_permutation	500	500	500	1.3758537846474314e-05	1.3758537846474314e-05	1.5087329790196674e-06	1.8882183523374245e-07	64.87493807212824	0.0009990009990009	64.87493807212824	0.0009990009990009
sota_soybean	sota_soybean	Glycine max	Leaf	Stereo-seq cellbin + snRNA-seq	expression_only	2391	5	5000	0	1000	expression_only			contact	model_weighted_spatial_ccc_score	pooled	1000	1000	1000	7.2370910778976544e-06	7.2370910778976544e-06	1.134353313365728e-05	1.3129477779152747e-05	-0.3127650714547014	0.2669332666833292	-0.3127650714547014	0.2669332666833292
sota_soybean	sota_soybean	Glycine max	Leaf	Stereo-seq cellbin + snRNA-seq	expression_only	2391	5	5000	0	1000	expression_only			contact	model_weighted_spatial_ccc_score	coordinate_permutation	1000	1000	1000	7.2370910778976544e-06	7.2370910778976544e-06	7.069923929852538e-06	1.1002841650209205e-07	1.519308860015609	0.0679320679320679	1.519308860015609	0.0679320679320679
sota_soybean	sota_soybean	Glycine max	Leaf	Stereo-seq cellbin + snRNA-seq	expression_only	2391	5	5000	0	1000	expression_only			contact	model_weighted_spatial_ccc_score	celltype_permutation	1000	1000	1000	7.2370910778976544e-06	7.2370910778976544e-06	3.3429434666927466e-05	4.505542682150206e-06	-5.813360439974767	1.0	-5.813360439974767	1.0
sota_soybean	sota_soybean	Glycine max	Leaf	Stereo-seq cellbin + snRNA-seq	expression_only	2391	5	5000	0	1000	expression_only			contact	model_weighted_spatial_ccc_score	matched_random_lr	1000	1000	1000	7.2370910778976544e-06	7.2370910778976544e-06	3.90313186813352e-06	2.704598660157781e-07	12.327001631989416	0.0009990009990009	12.327001631989416	0.0009990009990009
sota_soybean	sota_soybean	Glycine max	Leaf	Stereo-seq cellbin + snRNA-seq	expression_only	2391	5	5000	0	1000	expression_only			contact	model_weighted_spatial_ccc_score	score_permutation	1000	1000	1000	7.2370910778976544e-06	7.2370910778976544e-06	9.71642069715587e-07	9.545185354758661e-08	65.63988833447313	0.0009990009990009	65.63988833447313	0.0009990009990009
sota_soybean	sota_soybean	Glycine max	Leaf	Stereo-seq cellbin + snRNA-seq	expression_only	2391	5	5000	0	1000	expression_only			contact	model_weighted_spatial_ccc_score	pooled	5000	5000	4775	1.553975695724333e-06	1.553975695724333e-06	2.4596655098774623e-06	2.79871335434483e-06	-0.3236093516855171	0.2669332666833292	-0.3236093516855171	0.2669332666833292
sota_soybean	sota_soybean	Glycine max	Leaf	Stereo-seq cellbin + snRNA-seq	expression_only	2391	5	5000	0	1000	expression_only			contact	model_weighted_spatial_ccc_score	coordinate_permutation	5000	5000	4775	1.553975695724333e-06	1.553975695724333e-06	1.5180571669445503e-06	2.3654723104931858e-08	1.5184506121863586	0.0679320679320679	1.5184506121863586	0.0679320679320679
sota_soybean	sota_soybean	Glycine max	Leaf	Stereo-seq cellbin + snRNA-seq	expression_only	2391	5	5000	0	1000	expression_only			contact	model_weighted_spatial_ccc_score	celltype_permutation	5000	5000	4775	1.553975695724333e-06	1.553975695724333e-06	7.173147690922595e-06	9.63127628011349e-07	-5.83429634014408	1.0	-5.83429634014408	1.0
sota_soybean	sota_soybean	Glycine max	Leaf	Stereo-seq cellbin + snRNA-seq	expression_only	2391	5	5000	0	1000	expression_only			contact	model_weighted_spatial_ccc_score	matched_random_lr	5000	5000	4775	1.553975695724333e-06	1.553975695724333e-06	8.699330350591202e-07	5.660541476829207e-08	12.084403293664836	0.0009990009990009	12.084403293664836	0.0009990009990009
sota_soybean	sota_soybean	Glycine max	Leaf	Stereo-seq cellbin + snRNA-seq	expression_only	2391	5	5000	0	1000	expression_only			contact	model_weighted_spatial_ccc_score	score_permutation	5000	5000	4775	1.553975695724333e-06	1.553975695724333e-06	2.7752414658358295e-07	1.9374118554965965e-08	65.88436761751778	0.0009990009990009	65.88436761751778	0.0009990009990009
sota_soybean	sota_soybean	Glycine max	Leaf	Stereo-seq cellbin + snRNA-seq	expression_only	2391	5	5000	0	1000	expression_only			exp	spatial_ccc_score	pooled	100	100	100	0.0002469818687721	0.0002469818687721	0.0004307518249156	0.0004086243859431	-0.4497283139854888	0.5468632841789552	-0.4497283139854888	0.5468632841789552
sota_soybean	sota_soybean	Glycine max	Leaf	Stereo-seq cellbin + snRNA-seq	expression_only	2391	5	5000	0	1000	expression_only			exp	spatial_ccc_score	coordinate_permutation	100	100	100	0.0002469818687721	0.0002469818687721	0.0002453377431272	1.8076569750421352e-06	0.9095340916886298	0.1878121878121878	0.9095340916886298	0.1878121878121878
sota_soybean	sota_soybean	Glycine max	Leaf	Stereo-seq cellbin + snRNA-seq	expression_only	2391	5	5000	0	1000	expression_only			exp	spatial_ccc_score	celltype_permutation	100	100	100	0.0002469818687721	0.0002469818687721	0.0011206654425477	0.0001433736599632	-6.093752325213403	1.0	-6.093752325213403	1.0
sota_soybean	sota_soybean	Glycine max	Leaf	Stereo-seq cellbin + snRNA-seq	expression_only	2391	5	5000	0	1000	expression_only			exp	spatial_ccc_score	matched_random_lr	100	100	100	0.0002469818687721	0.0002469818687721	0.0001100222452156	1.3857018491863115e-05	9.883772879206166	0.0009990009990009	9.883772879206166	0.0009990009990009
sota_soybean	sota_soybean	Glycine max	Leaf	Stereo-seq cellbin + snRNA-seq	expression_only	2391	5	5000	0	1000	expression_only			exp	spatial_ccc_score	score_permutation	100	100	100	0.0002469818687721	0.0002469818687721	0.0002469818687721	0.0	0.0	1.0	0.0	1.0
sota_soybean	sota_soybean	Glycine max	Leaf	Stereo-seq cellbin + snRNA-seq	expression_only	2391	5	5000	0	1000	expression_only			exp	spatial_ccc_score	pooled	500	500	500	0.0001121620444608	0.0001121620444608	0.0002088048069526	0.0001893528104803	-0.5103846214197578	0.5301174706323419	-0.5103846214197578	0.5301174706323419
sota_soybean	sota_soybean	Glycine max	Leaf	Stereo-seq cellbin + snRNA-seq	expression_only	2391	5	5000	0	1000	expression_only			exp	spatial_ccc_score	coordinate_permutation	500	500	500	0.0001121620444608	0.0001121620444608	0.0001111952058252	7.91781658247345e-07	1.2210924887932428	0.1208791208791208	1.2210924887932428	0.1208791208791208
sota_soybean	sota_soybean	Glycine max	Leaf	Stereo-seq cellbin + snRNA-seq	expression_only	2391	5	5000	0	1000	expression_only			exp	spatial_ccc_score	celltype_permutation	500	500	500	0.0001121620444608	0.0001121620444608	0.0005302258149799	7.081823015036185e-05	-5.903335477763725	1.0	-5.903335477763725	1.0
sota_soybean	sota_soybean	Glycine max	Leaf	Stereo-seq cellbin + snRNA-seq	expression_only	2391	5	5000	0	1000	expression_only			exp	spatial_ccc_score	matched_random_lr	500	500	500	0.0001121620444608	0.0001121620444608	8.163616254455452e-05	4.527059453184868e-06	6.742982333673334	0.0009990009990009	6.742982333673334	0.0009990009990009
sota_soybean	sota_soybean	Glycine max	Leaf	Stereo-seq cellbin + snRNA-seq	expression_only	2391	5	5000	0	1000	expression_only			exp	spatial_ccc_score	score_permutation	500	500	500	0.0001121620444608	0.0001121620444608	0.0001121620444608	2.7118617012166795e-20	0.999499874937461	1.0	0.999499874937461	1.0
sota_soybean	sota_soybean	Glycine max	Leaf	Stereo-seq cellbin + snRNA-seq	expression_only	2391	5	5000	0	1000	expression_only			exp	spatial_ccc_score	pooled	1000	1000	1000	7.234602895752332e-05	7.234602895752332e-05	0.0001367483267539	0.0001196021435865	-0.5384710998076786	0.5273681579605098	-0.5384710998076786	0.5273681579605098
sota_soybean	sota_soybean	Glycine max	Leaf	Stereo-seq cellbin + snRNA-seq	expression_only	2391	5	5000	0	1000	expression_only			exp	spatial_ccc_score	coordinate_permutation	1000	1000	1000	7.234602895752332e-05	7.234602895752332e-05	7.169916373959941e-05	5.139377264491265e-07	1.2586451327346622	0.1098901098901098	1.2586451327346622	0.1098901098901098
sota_soybean	sota_soybean	Glycine max	Leaf	Stereo-seq cellbin + snRNA-seq	expression_only	2391	5	5000	0	1000	expression_only			exp	spatial_ccc_score	celltype_permutation	1000	1000	1000	7.234602895752332e-05	7.234602895752332e-05	0.0003402165869753	4.407541015342941e-05	-6.077551112635606	1.0	-6.077551112635606	1.0
sota_soybean	sota_soybean	Glycine max	Leaf	Stereo-seq cellbin + snRNA-seq	expression_only	2391	5	5000	0	1000	expression_only			exp	spatial_ccc_score	matched_random_lr	1000	1000	1000	7.234602895752332e-05	7.234602895752332e-05	6.273152734317602e-05	2.561406035686675e-06	3.75360309158083	0.0009990009990009	3.75360309158083	0.0009990009990009
sota_soybean	sota_soybean	Glycine max	Leaf	Stereo-seq cellbin + snRNA-seq	expression_only	2391	5	5000	0	1000	expression_only			exp	spatial_ccc_score	score_permutation	1000	1000	1000	7.234602895752332e-05	7.234602895752332e-05	7.23460289575233e-05	2.7118617012166795e-20	0.999499874937461	1.0	0.999499874937461	1.0
sota_soybean	sota_soybean	Glycine max	Leaf	Stereo-seq cellbin + snRNA-seq	expression_only	2391	5	5000	0	1000	expression_only			exp	spatial_ccc_score	pooled	5000	5000	4775	2.06829746774946e-05	2.06829746774946e-05	3.934185125681029e-05	3.3157326998971115e-05	-0.5627376591573465	0.5986003499125219	-0.5627376591573465	0.5986003499125219
sota_soybean	sota_soybean	Glycine max	Leaf	Stereo-seq cellbin + snRNA-seq	expression_only	2391	5	5000	0	1000	expression_only			exp	spatial_ccc_score	coordinate_permutation	5000	5000	4775	2.06829746774946e-05	2.06829746774946e-05	2.0507516285660432e-05	1.488191871874819e-07	1.1790038310928523	0.1238761238761238	1.1790038310928523	0.1238761238761238
sota_soybean	sota_soybean	Glycine max	Leaf	Stereo-seq cellbin + snRNA-seq	expression_only	2391	5	5000	0	1000	expression_only			exp	spatial_ccc_score	celltype_permutation	5000	5000	4775	2.06829746774946e-05	2.06829746774946e-05	9.584065694977774e-05	1.1837926621836607e-05	-6.34888901352412	1.0	-6.34888901352412	1.0
sota_soybean	sota_soybean	Glycine max	Leaf	Stereo-seq cellbin + snRNA-seq	expression_only	2391	5	5000	0	1000	expression_only			exp	spatial_ccc_score	matched_random_lr	5000	5000	4775	2.06829746774946e-05	2.06829746774946e-05	2.03362571143084e-05	5.497555045448096e-07	0.63067592833523	0.2717282717282717	0.63067592833523	0.2717282717282717
sota_soybean	sota_soybean	Glycine max	Leaf	Stereo-seq cellbin + snRNA-seq	expression_only	2391	5	5000	0	1000	expression_only			exp	spatial_ccc_score	score_permutation	5000	5000	4775	2.06829746774946e-05	2.06829746774946e-05	2.068297467749459e-05	6.779654253041699e-21	0.999499874937461	1.0	0.999499874937461	1.0
sota_soybean	sota_soybean	Glycine max	Leaf	Stereo-seq cellbin + snRNA-seq	expression_only	2391	5	5000	0	1000	expression_only			exp	model_weighted_spatial_ccc_score	pooled	100	100	100	5.236302716357053e-05	5.236302716357053e-05	7.679834696399872e-05	9.340851182659936e-05	-0.2615962862762351	0.3056735816045988	-0.2615962862762351	0.3056735816045988
sota_soybean	sota_soybean	Glycine max	Leaf	Stereo-seq cellbin + snRNA-seq	expression_only	2391	5	5000	0	1000	expression_only			exp	model_weighted_spatial_ccc_score	coordinate_permutation	100	100	100	5.236302716357053e-05	5.236302716357053e-05	5.205244112234796e-05	3.909992031032095e-07	0.7943393202788563	0.2227772227772227	0.7943393202788563	0.2227772227772227
sota_soybean	sota_soybean	Glycine max	Leaf	Stereo-seq cellbin + snRNA-seq	expression_only	2391	5	5000	0	1000	expression_only			exp	model_weighted_spatial_ccc_score	celltype_permutation	100	100	100	5.236302716357053e-05	5.236302716357053e-05	0.0002336132219762	2.9234146712760364e-05	-6.199948183660284	1.0	-6.199948183660284	1.0
sota_soybean	sota_soybean	Glycine max	Leaf	Stereo-seq cellbin + snRNA-seq	expression_only	2391	5	5000	0	1000	expression_only			exp	model_weighted_spatial_ccc_score	matched_random_lr	100	100	100	5.236302716357053e-05	5.236302716357053e-05	1.805568408553347e-05	2.547784544560098e-06	13.46555898978522	0.0009990009990009	13.46555898978522	0.0009990009990009
sota_soybean	sota_soybean	Glycine max	Leaf	Stereo-seq cellbin + snRNA-seq	expression_only	2391	5	5000	0	1000	expression_only			exp	model_weighted_spatial_ccc_score	score_permutation	100	100	100	5.236302716357053e-05	5.236302716357053e-05	3.472040671906019e-06	8.632863042183796e-07	56.63357133405524	0.0009990009990009	56.63357133405524	0.0009990009990009
sota_soybean	sota_soybean	Glycine max	Leaf	Stereo-seq cellbin + snRNA-seq	expression_only	2391	5	5000	0	1000	expression_only			exp	model_weighted_spatial_ccc_score	pooled	500	500	500	1.4396626883160632e-05	1.4396626883160632e-05	2.220675188596441e-05	2.589230797975805e-05	-0.3016388113763181	0.2916770807298176	-0.3016388113763181	0.2916770807298176
sota_soybean	sota_soybean	Glycine max	Leaf	Stereo-seq cellbin + snRNA-seq	expression_only	2391	5	5000	0	1000	expression_only			exp	model_weighted_spatial_ccc_score	coordinate_permutation	500	500	500	1.4396626883160632e-05	1.4396626883160632e-05	1.4294226901937064e-05	1.0456059583499921e-07	0.9793362442689252	0.1668331668331668	0.9793362442689252	0.1668331668331668
sota_soybean	sota_soybean	Glycine max	Leaf	Stereo-seq cellbin + snRNA-seq	expression_only	2391	5	5000	0	1000	expression_only			exp	model_weighted_spatial_ccc_score	celltype_permutation	500	500	500	1.4396626883160632e-05	1.4396626883160632e-05	6.576606687787953e-05	8.341052291043373e-06	-6.158628216475688	1.0	-6.158628216475688	1.0
sota_soybean	sota_soybean	Glycine max	Leaf	Stereo-seq cellbin + snRNA-seq	expression_only	2391	5	5000	0	1000	expression_only			exp	model_weighted_spatial_ccc_score	matched_random_lr	500	500	500	1.4396626883160632e-05	1.4396626883160632e-05	7.188522699696767e-06	5.623309727231369e-07	12.81825923362889	0.0009990009990009	12.81825923362889	0.0009990009990009
sota_soybean	sota_soybean	Glycine max	Leaf	Stereo-seq cellbin + snRNA-seq	expression_only	2391	5	5000	0	1000	expression_only			exp	model_weighted_spatial_ccc_score	score_permutation	500	500	500	1.4396626883160632e-05	1.4396626883160632e-05	1.5781910643442634e-06	1.9741257013956797e-07	64.93221687835741	0.0009990009990009	64.93221687835741	0.0009990009990009
sota_soybean	sota_soybean	Glycine max	Leaf	Stereo-seq cellbin + snRNA-seq	expression_only	2391	5	5000	0	1000	expression_only			exp	model_weighted_spatial_ccc_score	pooled	1000	1000	1000	7.572243383818831e-06	7.572243383818831e-06	1.1808907886736587e-05	1.354594130540208e-05	-0.3127626502580657	0.2896775806048488	-0.3127626502580657	0.2896775806048488
sota_soybean	sota_soybean	Glycine max	Leaf	Stereo-seq cellbin + snRNA-seq	expression_only	2391	5	5000	0	1000	expression_only			exp	model_weighted_spatial_ccc_score	coordinate_permutation	1000	1000	1000	7.572243383818831e-06	7.572243383818831e-06	7.517260808715811e-06	5.499841834553492e-08	0.9997119327611445	0.1588411588411588	0.9997119327611445	0.1588411588411588
sota_soybean	sota_soybean	Glycine max	Leaf	Stereo-seq cellbin + snRNA-seq	expression_only	2391	5	5000	0	1000	expression_only			exp	model_weighted_spatial_ccc_score	celltype_permutation	1000	1000	1000	7.572243383818831e-06	7.572243383818831e-06	3.4614867080441455e-05	4.367698144738253e-06	-6.191504724107538	1.0	-6.191504724107538	1.0
sota_soybean	sota_soybean	Glycine max	Leaf	Stereo-seq cellbin + snRNA-seq	expression_only	2391	5	5000	0	1000	expression_only			exp	model_weighted_spatial_ccc_score	matched_random_lr	1000	1000	1000	7.572243383818831e-06	7.572243383818831e-06	4.087353602252467e-06	2.82806536923102e-07	12.322522030365732	0.0009990009990009	12.322522030365732	0.0009990009990009
sota_soybean	sota_soybean	Glycine max	Leaf	Stereo-seq cellbin + snRNA-seq	expression_only	2391	5	5000	0	1000	expression_only			exp	model_weighted_spatial_ccc_score	score_permutation	1000	1000	1000	7.572243383818831e-06	7.572243383818831e-06	1.0161500555366205e-06	9.978785261715221e-08	65.70031478115308	0.0009990009990009	65.70031478115308	0.0009990009990009
sota_soybean	sota_soybean	Glycine max	Leaf	Stereo-seq cellbin + snRNA-seq	expression_only	2391	5	5000	0	1000	expression_only			exp	model_weighted_spatial_ccc_score	pooled	5000	5000	4775	1.6259034598812244e-06	1.6259034598812244e-06	2.560658967250726e-06	2.88710780084808e-06	-0.3237688274386289	0.2896775806048488	-0.3237688274386289	0.2896775806048488
sota_soybean	sota_soybean	Glycine max	Leaf	Stereo-seq cellbin + snRNA-seq	expression_only	2391	5	5000	0	1000	expression_only			exp	model_weighted_spatial_ccc_score	coordinate_permutation	5000	5000	4775	1.6259034598812244e-06	1.6259034598812244e-06	1.6140898496425008e-06	1.1822556409918725e-08	0.9992432963832072	0.1588411588411588	0.9992432963832072	0.1588411588411588
sota_soybean	sota_soybean	Glycine max	Leaf	Stereo-seq cellbin + snRNA-seq	expression_only	2391	5	5000	0	1000	expression_only			exp	model_weighted_spatial_ccc_score	celltype_permutation	5000	5000	4775	1.6259034598812244e-06	1.6259034598812244e-06	7.427495867396145e-06	9.33304957951032e-07	-6.216180850738945	1.0	-6.216180850738945	1.0
sota_soybean	sota_soybean	Glycine max	Leaf	Stereo-seq cellbin + snRNA-seq	expression_only	2391	5	5000	0	1000	expression_only			exp	model_weighted_spatial_ccc_score	matched_random_lr	5000	5000	4775	1.6259034598812244e-06	1.6259034598812244e-06	9.108876164409352e-07	5.919058499368628e-08	12.079891481332012	0.0009990009990009	12.079891481332012	0.0009990009990009
sota_soybean	sota_soybean	Glycine max	Leaf	Stereo-seq cellbin + snRNA-seq	expression_only	2391	5	5000	0	1000	expression_only			exp	model_weighted_spatial_ccc_score	score_permutation	5000	5000	4775	1.6259034598812244e-06	1.6259034598812244e-06	2.901625355233231e-07	2.024916528634236e-08	65.96523389825016	0.0009990009990009	65.96523389825016	0.0009990009990009
